TM_comment,Core_ID,Original_source,Ecoregion,Country,State,Site,Latitude,Longitude,Year_collected,Plant genus/ species,Marsh level/estuary,Authors Code/station as in the paper,N samples,PROFILE (Yes/No),Core depth (cm),Section interval (cm),Section height (cm),METHOD,SOM_perc,SOM_perc_mean,SOM_perc_sd,OC_perc_mean,OC_perc_sd,OC_perc,g C Kg-1,BD_method,BD_reported_g_cm3,BD_estimated_g_cm3
changed_lat_long_seetab,1,Braga et al. 2011,Amazonian,Brazil,Pará,Curuça,-0.6901,-47.8672,2007,Spartina sp,Low/Mid,,3,NO ,10,0-10,10,LOI,,0.68," 0,11",0.32,,,3.204,Ruelmann and Korschens 2009,,1.436789976
changed_lat_long_seetab,2,Braga et al. 2011,Amazonian,Brazil,Pará,Marapanim,-0.7236,-47.7078,2007,Spartina sp,Low/Mid,,3,NO ,10,0-10,10,LOI,,0.67,0.07,0.32,,,3.157,Ruelmann and Korschens 2010,,1.436789976
changed_lat_long_seetab,3,Braga et al. 2011,Amazonian,Brazil,Pará,Maruda,-0.6152,-47.6346,2007,Spartina sp,Low/Mid,,3,NO ,10,0-10,10,LOI,,0.10,0.12,0.05,,,0.478,Ruelmann and Korschens 2011,,1.436789976
changed_lat_long_seetab,4,Braga et al. 2011,Amazonian,Brazil,Pará,Algodoal,-0.5884,-47.5893,2007,Spartina sp,Low/Mid,,3,NO ,10,0-10,10,LOI,,0.17," 0,07",0.08,,,0.807,Ruelmann and Korschens 2012,,1.436789976
changed_lat_long_seetab,5,Braga et al. 2011,Amazonian,Brazil,Pará,Salinas,-0.6031,-47.3366,2007,Spartina sp,Low/Mid,,3,NO ,10,0-10,10,LOI,,0.65,0.12,0.31,,,3.063,Ruelmann and Korschens 2013,,1.436789976
changed_lat_long_seetab,6,Braga et al. 2011,Amazonian,Brazil,Pará,Pirabas,-0.7673,-47.1809,2007,Spartina sp,Low/Mid,,3,NO ,10,0-10,10,LOI,,0.70,0.13,0.33,,,3.298,Ruelmann and Korschens 2014,,1.436789976
changed_lat_long_seetab,7,Braga et al. 2011,Amazonian,Brazil,Pará,Canela,-0.7869,-46.7238,2007,Spartina sp,Low/Mid,,3,NO ,10,0-10,10,LOI,,0.18," 0,06",0.09,,,0.854,Ruelmann and Korschens 2015,,1.436789976
changed_lat_long_seetab,8,Braga et al. 2011,Amazonian,Brazil,Pará,Bragança,-0.8173,-46.6183,2007,Spartina sp,Low/Mid,,3,NO ,10,0-10,10,LOI,,0.39,0.27,0.18,,,1.841,Ruelmann and Korschens 2016,,1.436789976
OK,9,Rabelo 2012,Amazonian,Brazil,Pará,Rio Caeté - Praia de Ajuruteua,-0.8314,-46.6028,2009,S. alterniflora,Low,,5,NO ,20,0-20,20,LOI,,2.19,0.08,1.03,,,10.301,,,
OK,10,Rebelo 2012,Amazonian,Brazil,Pará,Rio Caeté  - Furo Grande,-0.8547,-46.6086,2009,S. alterniflora,Low,,5,NO ,20,0-20,20,LOI,,2.86,0.07,1.35,,,13.45,,,
OK,11,Kaufmann et al 2018,Amazonian,Brazil,Pará,Bragança,-0.9122,-46.6833,2017,Eleocharis sp. ,Mid,,3,YES,>100,0-15,15,CHN,,,,,,1.74,17.4,,1.14,
OK,11,Kaufmann et al 2018,Amazonian,Brazil,Pará,Bragança,-0.9122,-46.6833,2017,Eleocharis sp. ,Mid,,,YES,>100,15-30,15,CHN,,,,,,1.07,10.7,,1.29,
OK,11,Kaufmann et al 2018,Amazonian,Brazil,Pará,Bragança,-0.9122,-46.6833,2017,Eleocharis sp. ,Mid,,,YES,>100,30-50,20,CHN,,,,,,0.61,6.1,,1.24,
OK,11,Kaufmann et al 2018,Amazonian,Brazil,Pará,Bragança,-0.9122,-46.6833,2017,Eleocharis sp. ,Mid,,,YES,>100,50-100,50,CHN,,,,,,0.56,5.6,,1.1,
OK,11,Kaufmann et al 2018,Amazonian,Brazil,Pará,Bragança,-0.9122,-46.6833,2017,Eleocharis sp. ,Mid,,,YES,>100,>100,,,,,,,,0.72,7.2,,0.92,
OK,12,Kaufmann et al 2018,Amazonian,Brazil,Pará,Bragança,-0.9133,-46.6928,2017,Schoenoplectus sp.,High,,3,YES,>100,0-15,15,CHN,,,,,,4.15,41.5,,0.94,
OK,12,Kaufmann et al 2018,Amazonian,Brazil,Pará,Bragança,-0.9133,-46.6928,2017,Schoenoplectus sp.,High,,,YES,>100,15-30,15,CHN,,,,,,0.93,9.3,,1.44,
OK,12,Kaufmann et al 2018,Amazonian,Brazil,Pará,Bragança,-0.9133,-46.6928,2017,Schoenoplectus sp.,High,,,YES,>100,30-50,20,CHN,,,,,,0.53,5.3,,1.56,
OK,12,Kaufmann et al 2018,Amazonian,Brazil,Pará,Bragança,-0.9133,-46.6928,2017,Schoenoplectus sp.,High,,,YES,>100,50-100,50,CHN,,,,,,0.34,3.4,,1.57,
OK,12,Kaufmann et al 2018,Amazonian,Brazil,Pará,Bragança,-0.9133,-46.6928,2017,Schoenoplectus sp.,High,,,YES,>100,>100,,,,,,,,0.37,3.7,,1.43,
OK,13,Kaufmann et al 2018,Amazonian,Brazil,Pará,Bragança,-0.9158,-46.6815,2017,Distichlis sp.,Low,,3,YES,>100,0-15,15,CHN,,,,,,1.41,14.1,,0.86,
OK,13,Kaufmann et al 2018,Amazonian,Brazil,Pará,Bragança,-0.9158,-46.6815,2017,Distichlis sp.,Low,,,YES,>100,15-30,15,CHN,,,,,,0.93,9.3,,1.1,
OK,13,Kaufmann et al 2018,Amazonian,Brazil,Pará,Bragança,-0.9158,-46.6815,2017,Distichlis sp.,Low,,,YES,>100,30-50,20,CHN,,,,,,0.92,9.2,,0.98,
OK,13,Kaufmann et al 2018,Amazonian,Brazil,Pará,Bragança,-0.9158,-46.6815,2017,Distichlis sp.,Low,,,YES,>100,50-100,50,CHN,,,,,,1.13,11.3,,0.91,
OK,13,Kaufmann et al 2018,Amazonian,Brazil,Pará,Bragança,-0.9158,-46.6815,2017,Distichlis sp.,Low,,,YES,>100,>100,,,,,,,,1.35,13.5,,0.95,
OK,14,Lacerda et al. 1997,Southeastern,Brazil,Rio de Janeiro,Sepetiba bay,-22.9722,-43.7116,?,S. alterniflora,Low,low density,1,YES,35,0-0.5,0.5,LOI,17.00,,,,,7.9908,79.908,Ruelmann and Korschens 2016,,0.82131172
OK,14,Lacerda et al. 1997,Southeastern,Brazil,Rio de Janeiro,Sepetiba bay,-22.9722,-43.7116,?,S. alterniflora,Low,low density,,YES,35,0.5-1,0.5,LOI,14.00,,,,,6.5808,65.808,Ruelmann and Korschens 2016,,0.919382934
OK,14,Lacerda et al. 1997,Southeastern,Brazil,Rio de Janeiro,Sepetiba bay,-22.9722,-43.7116,?,S. alterniflora,Low,low density,,YES,35,1-2,1.0,LOI,16.00,,,,,7.5208,75.208,Ruelmann and Korschens 2016,,0.852780955
OK,14,Lacerda et al. 1997,Southeastern,Brazil,Rio de Janeiro,Sepetiba bay,-22.9722,-43.7116,?,S. alterniflora,Low,low density,,YES,35,2-4,2.0,LOI,15.00,,,,,7.0508,70.508,Ruelmann and Korschens 2016,,0.88545596
OK,14,Lacerda et al. 1997,Southeastern,Brazil,Rio de Janeiro,Sepetiba bay,-22.9722,-43.7116,?,S. alterniflora,Low,low density,,YES,35,4-6,2.0,LOI,15.00,,,,,7.0508,70.508,Ruelmann and Korschens 2016,,0.88545596
OK,14,Lacerda et al. 1997,Southeastern,Brazil,Rio de Janeiro,Sepetiba bay,-22.9722,-43.7116,?,S. alterniflora,Low,low density,,YES,35,6-8,2.0,LOI,15.00,,,,,7.0508,70.508,Ruelmann and Korschens 2016,,0.88545596
OK,14,Lacerda et al. 1997,Southeastern,Brazil,Rio de Janeiro,Sepetiba bay,-22.9722,-43.7116,?,S. alterniflora,Low,low density,,YES,35,8-10,2.0,LOI,15.50,,,,,7.2858,72.858,Ruelmann and Korschens 2016,,0.868964889
OK,14,Lacerda et al. 1997,Southeastern,Brazil,Rio de Janeiro,Sepetiba bay,-22.9722,-43.7116,?,S. alterniflora,Low,low density,,YES,35,10-12,2.0,LOI,20.00,,,,,9.4008,94.008,Ruelmann and Korschens 2016,,0.733701831
OK,14,Lacerda et al. 1997,Southeastern,Brazil,Rio de Janeiro,Sepetiba bay,-22.9722,-43.7116,?,S. alterniflora,Low,low density,,YES,35,12-20,8.0,LOI,17.00,,,,,7.9908,79.908,Ruelmann and Korschens 2016,,0.82131172
OK,14,Lacerda et al. 1997,Southeastern,Brazil,Rio de Janeiro,Sepetiba bay,-22.9722,-43.7116,?,S. alterniflora,Low,low density,,YES,35,20-25,5.0,LOI,15.00,,,,,7.0508,70.508,Ruelmann and Korschens 2016,,0.88545596
OK,14,Lacerda et al. 1997,Southeastern,Brazil,Rio de Janeiro,Sepetiba bay,-22.9722,-43.7116,?,S. alterniflora,Low,low density,,YES,35,25-30,5.0,LOI,13.00,,,,,6.1108,61.108,Ruelmann and Korschens 2016,,0.954609848
OK,14,Lacerda et al. 1997,Southeastern,Brazil,Rio de Janeiro,Sepetiba bay,-22.9722,-43.7116,?,S. alterniflora,Low,low density,,YES,35,30-35,5.0,LOI,12.00,,,,,5.6408,56.408,Ruelmann and Korschens 2016,,0.99118651
OK,15,Lacerda et al. 1997,Southeastern,Brazil,Rio de Janeiro,Sepetiba bay,-22.9722,-43.7116,?,S. alterniflora,Low,High density ,1,YES,35,0-0.5,0.5,LOI,13.00,,,,,6.1108,61.108,Ruelmann and Korschens 2016,,0.954609848
OK,15,Lacerda et al. 1997,Southeastern,Brazil,Rio de Janeiro,Sepetiba bay,-22.9722,-43.7116,?,S. alterniflora,Low,High density ,,YES,35,0.5-1,0.5,LOI,16.00,,,,,7.5208,75.208,Ruelmann and Korschens 2016,,0.852780955
OK,15,Lacerda et al. 1997,Southeastern,Brazil,Rio de Janeiro,Sepetiba bay,-22.9722,-43.7116,?,S. alterniflora,Low,High density ,,YES,35,1-2,1.0,LOI,13.00,,,,,6.1108,61.108,Ruelmann and Korschens 2016,,0.954609848
OK,15,Lacerda et al. 1997,Southeastern,Brazil,Rio de Janeiro,Sepetiba bay,-22.9722,-43.7116,?,S. alterniflora,Low,High density ,,YES,35,2-4,2.0,LOI,15.00,,,,,7.0508,70.508,Ruelmann and Korschens 2016,,0.88545596
OK,15,Lacerda et al. 1997,Southeastern,Brazil,Rio de Janeiro,Sepetiba bay,-22.9722,-43.7116,?,S. alterniflora,Low,High density ,,YES,35,4-6,2.0,LOI,15.00,,,,,7.0508,70.508,Ruelmann and Korschens 2016,,0.88545596
OK,15,Lacerda et al. 1997,Southeastern,Brazil,Rio de Janeiro,Sepetiba bay,-22.9722,-43.7116,?,S. alterniflora,Low,High density ,,YES,35,6-8,2.0,LOI,16.00,,,,,7.5208,75.208,Ruelmann and Korschens 2016,,0.852780955
OK,15,Lacerda et al. 1997,Southeastern,Brazil,Rio de Janeiro,Sepetiba bay,-22.9722,-43.7116,?,S. alterniflora,Low,High density ,,YES,35,8-10,2.0,LOI,15.00,,,,,7.0508,70.508,Ruelmann and Korschens 2016,,0.88545596
OK,15,Lacerda et al. 1997,Southeastern,Brazil,Rio de Janeiro,Sepetiba bay,-22.9722,-43.7116,?,S. alterniflora,Low,High density ,,YES,35,10-12,2.0,LOI,15.00,,,,,7.0508,70.508,Ruelmann and Korschens 2016,,0.88545596
OK,15,Lacerda et al. 1997,Southeastern,Brazil,Rio de Janeiro,Sepetiba bay,-22.9722,-43.7116,?,S. alterniflora,Low,High density ,,YES,35,12-20,8.0,LOI,16.00,,,,,7.5208,75.208,Ruelmann and Korschens 2016,,0.852780955
OK,15,Lacerda et al. 1997,Southeastern,Brazil,Rio de Janeiro,Sepetiba bay,-22.9722,-43.7116,?,S. alterniflora,Low,High density ,,YES,35,20-25,5,LOI,15.00,,,,,7.0508,70.508,Ruelmann and Korschens 2016,,0.88545596
check_section_interval,15,Lacerda et al. 1997,Southeastern,Brazil,Rio de Janeiro,Sepetiba bay,-22.9722,-43.7116,?,S. alterniflora,Low,High density ,,YES,35,35,5,LOI,14.00,,,,,6.5808,65.808,Ruelmann and Korschens 2016,,0.919382934
OK,16,Ottero et al. 2006,Southeastern,Brazil,São Paulo,Cananéia /Pai Matos,-24.9981,-47.9067,2004,S. alterniflora,Low,,1,YES,50,0-1.5,1.5,CHN,,,,,,4.3,43,Ruelmann and Korschens 2016,,1.103416684
OK,16,Ottero et al. 2006,Southeastern,Brazil,São Paulo,Cananéia /Pai Matos,-24.9981,-47.9067,2004,S. alterniflora,Low,,,YES,50,1.5-4.5,3,CHN,,,,,,4.6,46,Ruelmann and Korschens 2016,,1.07724994
OK,16,Ottero et al. 2006,Southeastern,Brazil,São Paulo,Cananéia /Pai Matos,-24.9981,-47.9067,2004,S. alterniflora,Low,,,YES,50,4.5-8,3.5,CHN,,,,,,4.15,41.5,Ruelmann and Korschens 2016,,1.116737449
OK,16,Ottero et al. 2006,Southeastern,Brazil,São Paulo,Cananéia /Pai Matos,-24.9981,-47.9067,2004,S. alterniflora,Low,,,YES,50,8-12.5,4.5,CHN,,,,,,3.7,37,Ruelmann and Korschens 2016,,1.157672405
OK,16,Ottero et al. 2006,Southeastern,Brazil,São Paulo,Cananéia /Pai Matos,-24.9981,-47.9067,2004,S. alterniflora,Low,,,YES,50,12.5-17.5,5,CHN,,,,,,4.1,41,Ruelmann and Korschens 2016,,1.121213344
OK,16,Ottero et al. 2006,Southeastern,Brazil,São Paulo,Cananéia /Pai Matos,-24.9981,-47.9067,2004,S. alterniflora,Low,,,YES,50,17.5-22.5,5,CHN,,,,,,3.6,36,Ruelmann and Korschens 2016,,1.166970929
OK,16,Ottero et al. 2006,Southeastern,Brazil,São Paulo,Cananéia /Pai Matos,-24.9981,-47.9067,2004,S. alterniflora,Low,,,YES,50,22.5-27.5,5,CHN,,,,,,2.4,24,Ruelmann and Korschens 2016,,1.284553827
OK,17,Ferreira 2008,Southeastern ,Brazil,São Paulo,Cananéia /Pai Matos,-24.9981,-47.9067,2005,Spartina alterniflora,Low,SSp1,2,YES,40,0-5,5,CHN,,,,,,3.7,37,Ruelmann and Korschens 2017,,1.157672405
OK,17,Ferreira 2008,Southeastern ,Brazil,São Paulo,Cananéia /Pai Matos,-24.9981,-47.9067,2005,Spartina alterniflora,Low,SSp2,,YES,40,5-10,5,CHN,,,,,,4,40,Ruelmann and Korschens 2018,,1.130219026
OK,17,Ferreira 2008,Southeastern ,Brazil,São Paulo,Cananéia /Pai Matos,-24.9981,-47.9067,2005,Spartina alterniflora,Low,SSp3,,YES,40,20-40,20,CHN,,,,,,4.02,40.2,Ruelmann and Korschens 2019,,1.128412121
OK,18,Adaime 1978,Southeastern,Brazil,São Paulo,Cananéia / Pta. Arrozal,-25.0367,-47.9300,1974,S. alterniflora,Low,,1,YES,20,0-5,5,LOI,10.20,,,,,3.4,34,Ruelmann and Korschens 2016,,1.185792636
OK,18,Adaime 1978,Southeastern,Brazil,São Paulo,Cananéia / Pta. Arrozal,-25.0367,-47.9300,1974,S. alterniflora,Low,,,YES,20,5-10,5,LOI,16.08,,,,,4.4,44,Ruelmann and Korschens 2016,,1.094624566
OK,18,Adaime 1978,Southeastern,Brazil,São Paulo,Cananéia / Pta. Arrozal,-25.0367,-47.9300,1974,S. alterniflora,Low,,,YES,20,10-20,10,LOI,15.07,,,,,5.4,54,Ruelmann and Korschens 2016,,1.01046583
delete_min,19,Flynn et al. 1998,Southeastern,Brazil,São Paulo,Cananéia / Pta. Arrozal,-0.7889,-46.7217,1989,S. alterniflora,Low,Lower (min value),6,NO,10,10,10,LOI,0.00,,,,,0.00,0.008,Ruelmann and Korschens 2016,,1.55635639
delete_max,20,Flynn et al. 1998,Southeastern,Brazil,São Paulo,Cananéia / Pta. Arrozal,-25.0366,-47.9282,1990,S. alterniflora,Low,Lower (max value),6,NO,10,10,10,LOI,0.10,,,,,0.05,0.478,Ruelmann and Korschens 2016,,1.550515478
OK,21,Flynn et al. 1998,Southeastern,Brazil,São Paulo,Cananéia / Pta. Arrozal,-25.0366,-47.9282,1988,S. alterniflora,Low,Lower (media value),6,NO,10,0-10,10,LOI,,0.03,,,,0.01,0.149,Ruelmann and Korschens 2016,,1.55460181
delete_min,22,Flynn et al. 1998,Southeastern,Brazil,São Paulo,Cananéia / Pta. Arrozal,-25.0366,-47.9282,1992,S. alterniflora,Low,Upper (min value),6,NO,10,10,10,LOI,0.10,,,,,0.05,0.478,Ruelmann and Korschens 2016,,1.550515478
delete_max,23,Flynn et al. 1998,Southeastern,Brazil,São Paulo,Cananéia / Pta. Arrozal,-25.0366,-47.9282,1993,S. alterniflora,Low,Upper (max value),6,NO,10,10,10,LOI,5.20,,,,,2.44,24.448,Ruelmann and Korschens 2016,,1.279958227
OK,24,Flynn et al. 1998,Southeastern,Brazil,São Paulo,Cananéia / Pta. Arrozal,-25.0366,-47.9282,1988,S. alterniflora,Low,Upper (media value) ,6,NO,10,0-10,10,LOI,,1.27,,,,0.60,5.977,Ruelmann and Korschens 2016,,1.483783793
OK,25,Neto & Lana 1997,Southeastern,Brazil,São Paulo,Paranaguá Bay,-25.4944,-48.6411,1991,S. alterniflora,Low,1,1,NO,10,0-10,10,LOI,25.00,,,,,11.75,117.508,Ruelmann and Korschens 2016,,0.607956128
OK,26,Neto & Lana 1997,Southeastern,Brazil,São Paulo,Paranaguá Bay,-25.4543,-48.5939,1991,S. alterniflora,Low,2,1,NO,10,0-10,10,LOI,25.00,,,,,11.75,117.508,Ruelmann and Korschens 2016,,0.607956128
OK,27,Neto & Lana 1997,Southeastern,Brazil,São Paulo,Paranaguá Bay,-25.5129,-48.5911,1991,S. alterniflora,Low,3,1,NO,10,0-10,10,LOI,19.00,,,,,8.93,89.308,Ruelmann and Korschens 2016,,0.761814221
OK,28,Neto & Lana 1997,Southeastern,Brazil,São Paulo,Paranaguá Bay,-25.4534,-48.5329,1991,S. alterniflora,Low,4,1,NO,10,0-10,10,LOI,17.00,,,,,7.99,79.908,Ruelmann and Korschens 2016,,0.82131172
OK,29,Neto & Lana 1997,Southeastern,Brazil,São Paulo,Paranaguá Bay,-25.4762,-48.5027,1991,S. alterniflora,Low,5,1,NO,10,0-10,10,LOI,14.00,,,,,6.58,65.808,Ruelmann and Korschens 2016,,0.919382934
OK,30,Neto & Lana 1997,Southeastern,Brazil,São Paulo,Paranaguá Bay,-25.5104,-48.4614,1991,S. alterniflora,Low,6,1,NO,10,0-10,10,LOI,8.00,,,,,3.76,37.608,Ruelmann and Korschens 2016,,1.152055159
OK,31,Neto & Lana 1997,Southeastern,Brazil,São Paulo,Paranaguá Bay,-25.5528,-48.4393,1991,S. alterniflora,Low,7,1,NO,10,0-10,10,LOI,5.00,,,,,2.35,23.508,Ruelmann and Korschens 2016,,1.289619794
OK,32,Neto & Lana 1997,Southeastern,Brazil,São Paulo,Paranaguá Bay,-25.5133,-48.4274,1991,S. alterniflora,Low,8,1,NO,10,0-10,10,LOI,4.00,,,,,1.88,18.808,Ruelmann and Korschens 2016,,1.339032639
OK,33,Neto & Lana 1997,Southeastern,Brazil,São Paulo,Paranaguá Bay,-25.5400,-48.4059,1991,S. alterniflora,Low,9,1,NO,10,0-10,10,LOI,3.00,,,,,1.41,14.108,Ruelmann and Korschens 2016,,1.390338777
OK,34,Neto & Lana 1997,Southeastern,Brazil,São Paulo,Paranaguá Bay,-25.5460,-48.4148,1991,S. alterniflora,Low,10,1,NO,10,0-10,10,LOI,3.00,,,,,1.41,14.108,Ruelmann and Korschens 2016,,1.390338777
OK,35,Neto & Lana 1997,Southeastern,Brazil,São Paulo,Paranaguá Bay,-25.5507,-48.3917,1991,S. alterniflora,Low,11,1,NO,10,0-10,10,LOI,4.00,,,,,1.88,18.808,Ruelmann and Korschens 2016,,1.339032639
OK,36,Neto & Lana 1997,Southeastern,Brazil,São Paulo,Paranaguá Bay,-25.5450,-48.3743,1991,S. alterniflora,Low,12,1,NO,10,0-10,10,LOI,3.00,,,,,1.41,14.108,Ruelmann and Korschens 2016,,1.390338777
OK,37,Neto & Lana 1997,Southeastern,Brazil,São Paulo,Paranaguá Bay,-25.5119,-48.4403,1991,S. alterniflora,Low,13,1,NO,10,0-10,10,LOI,2.00,,,,,0.94,9.408,Ruelmann and Korschens 2016,,1.443610752
OK,38,Neto & Lana 1997,Southeastern,Brazil,São Paulo,Paranaguá Bay,-25.5570,-48.3647,1991,S. alterniflora,Low,14,1,NO,10,0-10,10,LOI,2.50,,,,,1.18,11.758,Ruelmann and Korschens 2016,,1.416724394
OK,39,Neto & Lana 1997,Southeastern,Brazil,São Paulo,Paranaguá Bay,-25.5604,-48.3169,1991,S. alterniflora,Low,15,1,NO,10,0-10,10,LOI,3.00,,,,,1.41,14.108,Ruelmann and Korschens 2016,,1.390338777
OK,40,Neto & Lana 1997,Southeastern,Brazil,São Paulo,Paranaguá Bay,-25.5507,-48.3917,1991,S. alterniflora,Low,16,1,NO,10,0-10,10,LOI,3.00,,,,,1.41,14.108,Ruelmann and Korschens 2016,,1.390338777
OK,41,Neto & Lana 1997,Southeastern,Brazil,São Paulo,Paranaguá Bay,-25.5450,-48.3743,1991,S. alterniflora,Low,17,1,NO,10,0-10,10,LOI,1.00,,,,,0.47,4.708,Ruelmann and Korschens 2016,,1.498923887
OK,42,Neto & Lana 1997,Southeastern,Brazil,São Paulo,Paranaguá Bay,-25.5450,-48.3743,1991,S. alterniflora,Low,18,1,NO,10,0-10,10,LOI,3.00,,,,,1.41,14.108,Ruelmann and Korschens 2016,,1.390338777
OK,43,Neto & Lana 1997,Southeastern,Brazil,São Paulo,Paranaguá Bay,-25.5570,-48.3647,1991,S. alterniflora,Low,19,1,NO,10,0-10,10,LOI,1.00,,,,,0.47,4.708,Ruelmann and Korschens 2016,,1.498923887
OK,44,Neto & Lana 1997,Southeastern,Brazil,São Paulo,Paranaguá Bay,-25.5604,-48.3169,1991,S. alterniflora,Low,20,1,NO,10,0-10,10,LOI,2.00,,,,,0.94,9.408,Ruelmann and Korschens 2016,,1.443610752
OK,45,Zanin 2003,Southeastern,Brazil,Santa Catarina,Floripa/Ratones,-27.4517,-48.5278,2000/ 2001,S. alterniflora,Low,A,1,NO,10,0-10,10,LOI,15.18,,,,,7.14,71.354,Ruelmann and Korschens 2016,,0.879483428
OK,46,Zanin 2003,Southeastern,Brazil,Santa Catarina,Floripa/Ratones,-27.4517,-48.5278,2000/ 2001,S. alterniflora,Low,A,1,NO,10,0-10,10,LOI,15.04,,,,,7.07,70.696,Ruelmann and Korschens 2016,,0.884125235
OK,47,Zanin 2003,Southeastern,Brazil,Santa Catarina,Floripa/Ratones,-27.4519,-48.5364,2000/ 2001,S. alterniflora,Low,B,1,NO,10,0-10,10,LOI,15.65,,,,,7.36,73.563,Ruelmann and Korschens 2016,,0.864077722
OK,48,Zanin 2003,Southeastern,Brazil,Santa Catarina,Floripa/Ratones,-27.4519,-48.5364,2000/ 2001,S. alterniflora,Low,B,1,NO,10,0-10,10,LOI,14.00,,,,,6.58,65.808,Ruelmann and Korschens 2016,,0.919382934
OK,49,Zanin 2003,Southeastern,Brazil,Santa Catarina,Floripa/Ratones,-27.4531,-48.5303,2000/ 2001,S. alterniflora,Low,C,1,NO,10,0-10,10,LOI,17.78,,,,,8.36,83.574,Ruelmann and Korschens 2016,,0.79757408
OK,50,Zanin 2003,Southeastern,Brazil,Santa Catarina,Floripa/Ratones,-27.4531,-48.5303,2000/ 2001,S. alterniflora,Low,C,1,NO,10,0-10,10,LOI,16.65,,,,,7.83,78.263,Ruelmann and Korschens 2016,,0.832191615
data_coarse_estimated,51,Cohen et al. 2020,Southeastern,Brazil,Santa Catarina,Laguna/ St. Antonio,-28.4953,-48.7953,2015,S alterniflora+S. densilflora,Low,Lag3,1,YES,65,,,CHN ,,,,,,4.00,40,Ruelmann and Korschens 2016,,1.130219026
data_coarse_estimated,52,Cohen et al. 2020,Southeastern,Brazil,Santa Catarina,Laguna/ St. Antonio,-28.4928,-48.7971,2015,S alterniflora+S. densilflora,Low,Lag4,1,YES,65,,,CHN ,,,,,,2.50,25,Ruelmann and Korschens 2016,,1.274318393
data_coarse_estimated,53,Cohen et al. 2020,Southeastern,Brazil,Santa Catarina,Laguna/ St. Antonio,-28.4930,-48.7974,2015,S alterniflora+S. densilflora,Low,Lag5,1,YES,65,,,CHN ,,,,,,3.50,35,Ruelmann and Korschens 2016,,1.176344139
data_coarse_estimated,54,Cohen et al. 2020,Southeastern,Brazil,Santa Catarina,Laguna/ St. Antonio,-28.4938,-48.7992,2015,S alterniflora+S. densilflora,Low,Lag6,1,YES,50,,,CHN ,,,,,,2.00,20,Ruelmann and Korschens 2016,,1.326324313
OK,55,UNPUBLISHED,Rio Grande,BR,RS,Patos Lagoon,-32.0190,-52.1002,2015,S. densiflora,Mid,T1-1,1,YES,50,0-2,2,CHN,,,,,,4.79,47.878668,,0.35,
OK,55,UNPUBLISHED,Rio Grande,BR,RS,Patos Lagoon,-32.0190,-52.1002,2015,S. densiflora,Mid,T1-1,,YES,,2-4,2,CHN,,,,,,5.39,53.946659,,0.31,
OK,55,UNPUBLISHED,Rio Grande,BR,RS,Patos Lagoon,-32.0190,-52.1002,2015,S. densiflora,Mid,T1-1,,YES,,4-6,2,CHN,,,,,,4.87,48.685845,,0.33,
OK,55,UNPUBLISHED,Rio Grande,BR,RS,Patos Lagoon,-32.0190,-52.1002,2015,S. densiflora,Mid,T1-1,,YES,,6-8,2,CHN,,,,,,4.47,44.743305,,0.32,
OK,55,UNPUBLISHED,Rio Grande,BR,RS,Patos Lagoon,-32.0190,-52.1002,2015,S. densiflora,Mid,T1-1,,YES,,8-10,2,CHN,,,,,,4.66,46.626782,,0.32,
OK,55,UNPUBLISHED,Rio Grande,BR,RS,Patos Lagoon,-32.0190,-52.1002,2015,S. densiflora,Mid,T1-1,,YES,,10-12,2,CHN,,,,,,4.87,48.682091,,0.31,
OK,55,UNPUBLISHED,Rio Grande,BR,RS,Patos Lagoon,-32.0190,-52.1002,2015,S. densiflora,Mid,T1-1,,YES,,12-14,2,CHN,,,,,,3.67,36.712723,,0.30,
OK,55,UNPUBLISHED,Rio Grande,BR,RS,Patos Lagoon,-32.0190,-52.1002,2015,S. densiflora,Mid,T1-1,,YES,,14-16,2,CHN,,,,,,1.98,19.756013,,0.55,
OK,55,UNPUBLISHED,Rio Grande,BR,RS,Patos Lagoon,-32.0190,-52.1002,2015,S. densiflora,Mid,T1-1,,YES,,16-18,2,CHN,,,,,,1.47,14.714255,,0.54,
OK,55,UNPUBLISHED,Rio Grande,BR,RS,Patos Lagoon,-32.0190,-52.1002,2015,S. densiflora,Mid,T1-1,,YES,,18-20,2,CHN,,,,,,1.25,12.548889,,0.64,
OK,55,UNPUBLISHED,Rio Grande,BR,RS,Patos Lagoon,-32.0190,-52.1002,2015,S. densiflora,Mid,T1-1,,YES,,20-25,5,CHN,,,,,,0.85,8.472048,,0.65,
OK,55,UNPUBLISHED,Rio Grande,BR,RS,Patos Lagoon,-32.0190,-52.1002,2015,S. densiflora,Mid,T1-1,,YES,,25-30,5,CHN,,,,,,0.57,5.693028,,0.67,
OK,55,UNPUBLISHED,Rio Grande,BR,RS,Patos Lagoon,-32.0190,-52.1002,2015,S. densiflora,Mid,T1-1,,YES,,30-35,5,CHN,,,,,,0.42,4.225497,,0.74,
OK,55,UNPUBLISHED,Rio Grande,BR,RS,Patos Lagoon,-32.0190,-52.1002,2015,S. densiflora,Mid,T1-1,,YES,,35-40,5,CHN,,,,,,0.36,3.616647,,0.79,
OK,55,UNPUBLISHED,Rio Grande,BR,RS,Patos Lagoon,-32.0190,-52.1002,2015,S. densiflora,Mid,T1-1,,YES,,40-45,5,CHN,,,,,,0.32,3.236442,,0.80,
OK,55,UNPUBLISHED,Rio Grande,BR,RS,Patos Lagoon,-32.0190,-52.1002,2015,S. densiflora,Mid,T1-1,,YES,,45-50,5,CHN,,,,,,0.35,3.542485,,0.69,
OK,56,UNPUBLISHED,Rio Grande,BR,RS,Patos Lagoon,-32.0040,-52.1944,2015,Scirpus,Mid,T2-1,1,YES,,0-2,2,CHN,,,,,,9.05,90.488659,,1.22,
OK,56,UNPUBLISHED,Rio Grande,BR,RS,Patos Lagoon,-32.0040,-52.1944,2015,Scirpus,Mid,T2-1,,YES,,2-4,2,CHN,,,,,,8.79,87.90836,,0.47,
OK,56,UNPUBLISHED,Rio Grande,BR,RS,Patos Lagoon,-32.0040,-52.1944,2015,Scirpus,Mid,T2-1,,YES,,4-6,2,CHN,,,,,,8.14,81.387565,,0.48,
OK,56,UNPUBLISHED,Rio Grande,BR,RS,Patos Lagoon,-32.0040,-52.1944,2015,Scirpus,Mid,T2-1,,YES,,6-8,2,CHN,,,,,,8.91,89.12922,,0.47,
OK,56,UNPUBLISHED,Rio Grande,BR,RS,Patos Lagoon,-32.0040,-52.1944,2015,Scirpus,Mid,T2-1,,YES,,8-10,2,CHN,,,,,,6.86,68.634287,,0.58,
OK,56,UNPUBLISHED,Rio Grande,BR,RS,Patos Lagoon,-32.0040,-52.1944,2015,Scirpus,Mid,T2-1,,YES,,10-12,2,CHN,,,,,,6.29,62.947701,,0.49,
OK,56,UNPUBLISHED,Rio Grande,BR,RS,Patos Lagoon,-32.0040,-52.1944,2015,Scirpus,Mid,T2-1,,YES,,12-14,2,CHN,,,,,,4.86,48.613923,,0.62,
OK,56,UNPUBLISHED,Rio Grande,BR,RS,Patos Lagoon,-32.0040,-52.1944,2015,Scirpus,Mid,T2-1,,YES,,14-16,2,CHN,,,,,,4.30,42.969197,,0.78,
OK,56,UNPUBLISHED,Rio Grande,BR,RS,Patos Lagoon,-32.0040,-52.1944,2015,Scirpus,Mid,T2-1,,YES,,16-18,2,CHN,,,,,,4.17,41.686965,,0.69,
OK,56,UNPUBLISHED,Rio Grande,BR,RS,Patos Lagoon,-32.0040,-52.1944,2015,Scirpus,Mid,T2-1,,YES,,18-20,2,CHN,,,,,,3.94,39.397641,,0.74,
OK,56,UNPUBLISHED,Rio Grande,BR,RS,Patos Lagoon,-32.0040,-52.1944,2015,Scirpus,Mid,T2-1,,YES,,20-25,5,CHN,,,,,,3.67,36.71373,,0.82,
OK,56,UNPUBLISHED,Rio Grande,BR,RS,Patos Lagoon,-32.0040,-52.1944,2015,Scirpus,Mid,T2-1,,YES,,25-30,5,CHN,,,,,,3.22,32.184798,,1.01,
OK,56,UNPUBLISHED,Rio Grande,BR,RS,Patos Lagoon,-32.0040,-52.1944,2015,Scirpus,Mid,T2-1,,YES,,30-35,5,CHN,,,,,,2.31,23.117941,,0.99,
OK,56,UNPUBLISHED,Rio Grande,BR,RS,Patos Lagoon,-32.0040,-52.1944,2015,Scirpus,Mid,T2-1,,YES,,35-40,5,CHN,,,,,,1.97,19.693814,,1.32,
OK,56,UNPUBLISHED,Rio Grande,BR,RS,Patos Lagoon,-32.0040,-52.1944,2015,Scirpus,Mid,T2-1,,YES,,40-45,5,CHN,,,,,,2.04,20.402014,,1.44,
OK,56,UNPUBLISHED,Rio Grande,BR,RS,Patos Lagoon,-32.0040,-52.1944,2015,Scirpus,Mid,T2-1,,YES,50,45-50,5,CHN,,,,,,1.55,15.542072,,1.54,
OK,57,UNPUBLISHED,Rio Grande,BR,RS,Patos Lagoon,-32.0230,-52.2376,2015,Juncus,Mid,T3-1,1,YES,,0-2,2,CHN,,,,,,0.49,4.903679,,1.53,
OK,57,UNPUBLISHED,Rio Grande,BR,RS,Patos Lagoon,-32.0230,-52.2376,2015,Juncus,Mid,T3-1,,YES,,2-4,2,CHN,,,,,,0.19,1.943899,,1.13,
OK,57,UNPUBLISHED,Rio Grande,BR,RS,Patos Lagoon,-32.0230,-52.2376,2015,Juncus,Mid,T3-1,,YES,,4-6,2,CHN,,,,,,0.20,2.016935,,1.33,
OK,57,UNPUBLISHED,Rio Grande,BR,RS,Patos Lagoon,-32.0230,-52.2376,2015,Juncus,Mid,T3-1,,YES,,6-8,2,CHN,,,,,,0.41,4.086238,,1.24,
OK,57,UNPUBLISHED,Rio Grande,BR,RS,Patos Lagoon,-32.0230,-52.2376,2015,Juncus,Mid,T3-1,,YES,,8-10,2,CHN,,,,,,0.53,5.336335,,1.21,
OK,57,UNPUBLISHED,Rio Grande,BR,RS,Patos Lagoon,-32.0230,-52.2376,2015,Juncus,Mid,T3-1,,YES,,10-12,2,CHN,,,,,,0.40,4.005604,,1.25,
OK,57,UNPUBLISHED,Rio Grande,BR,RS,Patos Lagoon,-32.0230,-52.2376,2015,Juncus,Mid,T3-1,,YES,,12-14,2,CHN,,,,,,0.35,3.543261,,1.04,
OK,57,UNPUBLISHED,Rio Grande,BR,RS,Patos Lagoon,-32.0230,-52.2376,2015,Juncus,Mid,T3-1,,YES,,14-16,2,CHN,,,,,,0.29,2.901999,,1.22,
OK,57,UNPUBLISHED,Rio Grande,BR,RS,Patos Lagoon,-32.0230,-52.2376,2015,Juncus,Mid,T3-1,,YES,,16-18,2,CHN,,,,,,0.25,2.52204,,1.24,
OK,57,UNPUBLISHED,Rio Grande,BR,RS,Patos Lagoon,-32.0230,-52.2376,2015,Juncus,Mid,T3-1,,YES,,18-20,2,CHN,,,,,,0.16,1.586945,,1.35,
OK,57,UNPUBLISHED,Rio Grande,BR,RS,Patos Lagoon,-32.0230,-52.2376,2015,Juncus,Mid,T3-1,,YES,,20-25,5,CHN,,,,,,0.61,6.069209,,1.19,
OK,57,UNPUBLISHED,Rio Grande,BR,RS,Patos Lagoon,-32.0230,-52.2376,2015,Juncus,Mid,T3-1,,YES,,25-30,5,CHN,,,,,,0.55,5.532426,,1.25,
OK,57,UNPUBLISHED,Rio Grande,BR,RS,Patos Lagoon,-32.0230,-52.2376,2015,Juncus,Mid,T3-1,,YES,,30-35,5,CHN,,,,,,0.21,2.144267,,1.20,
OK,57,UNPUBLISHED,Rio Grande,BR,RS,Patos Lagoon,-32.0230,-52.2376,2015,Juncus,Mid,T3-1,,YES,,35-40,5,CHN,,,,,,0.13,1.253772,,1.48,
OK,57,UNPUBLISHED,Rio Grande,BR,RS,Patos Lagoon,-32.0230,-52.2376,2015,Juncus,Mid,T3-1,,YES,,40-45,5,CHN,,,,,,0.16,1.608825,,1.25,
OK,57,UNPUBLISHED,Rio Grande,BR,RS,Patos Lagoon,-32.0230,-52.2376,2015,Juncus,Mid,T3-1,,YES,50,45-50,5,CHN,,,,,,0.12,1.233072,,1.14,
OK,58,Azevedo 2015-UNPUBLISHED,Rio Grande,Brazil,Rio Grande do Sul ,Patos Lagoon ,-32.0211,-52.1056,2012,S. alterniflora,High,IP (Polvora),4,NO,10,0-10,10.0,LOI,3.00,,,,,1.41,14.108,Ruelmann and Korschens 2016,,1.390338777
OK,59,Azevedo 2015-UNPUBLISHED,Rio Grande,Brazil,Rio Grande do Sul ,Patos Lagoon ,-32.0211,-52.1056,2012,S. alterniflora,Low,IP (Polvora),4,NO,10,0-10,10.0,LOI,1.00,,,,,0.47,4.708,Ruelmann and Korschens 2016,,1.498923887
OK,60,Azevedo 2015-UNPUBLISHED,Rio Grande,Brazil,Rio Grande do Sul ,Patos Lagoon ,-32.0211,-52.1056,2012,S. alterniflora,High,IP (Polvora),4,NO,10,0-10,10.0,LOI,3.00,,,,,1.41,14.108,Ruelmann and Korschens 2016,,1.390338777
OK,61,Azevedo 2015-UNPUBLISHED,Rio Grande,Brazil,Rio Grande do Sul ,Patos Lagoon ,-32.0211,-52.1056,2012,S. alterniflora,Low,IP (Polvora),4,NO,10,0-10,10.0,LOI,0.50,,,,,0.24,2.358,Ruelmann and Korschens 2016,,1.527370214
OK,62,Azevedo 2015-UNPUBLISHED,Rio Grande,Brazil,Rio Grande do Sul ,Patos Lagoon ,-32.0211,-52.1056,2012,S. alterniflora,High,IP (Polvora),4,NO,10,0-10,10.0,LOI,2.50,,,,,1.18,11.758,Ruelmann and Korschens 2016,,1.416724394
OK,63,Azevedo 2015-UNPUBLISHED,Rio Grande,Brazil,Rio Grande do Sul ,Patos Lagoon ,-32.0211,-52.1056,2012,S. alterniflora,Low,IP (Polvora),4,NO,10,0-10,10.0,LOI,4.00,,,,,1.88,18.808,Ruelmann and Korschens 2016,,1.339032639
OK,64,Azevedo 2015-UNPUBLISHED,Rio Grande,Brazil,Rio Grande do Sul ,Patos Lagoon ,-32.0512,-52.0849,2012,S. alterniflora,Low,ST (Sta. Teresa/Coroa do Boi),4,NO,10,0-10,10.0,LOI,2.50,,,,,1.18,11.758,Ruelmann and Korschens 2016,,1.416724394
OK,65,Azevedo 2015-UNPUBLISHED,Rio Grande,Brazil,Rio Grande do Sul ,Patos Lagoon ,-32.0512,-52.0849,2012,S. alterniflora,High,ST (Sta. Teresa/Coroa do Boi),4,NO,10,0-10,10.0,LOI,3.00,,,,,1.41,14.108,Ruelmann and Korschens 2016,,1.390338777
OK,66,Azevedo 2015-UNPUBLISHED,Rio Grande,Brazil,Rio Grande do Sul ,Patos Lagoon ,-32.0512,-52.0849,2012,S. alterniflora,Low,ST (Sta. Teresa/Coroa do Boi),4,NO,10,0-10,10.0,LOI,6.00,,,,,2.82,28.208,Ruelmann and Korschens 2016,,1.242030378
OK,67,Azevedo 2015-UNPUBLISHED,Rio Grande,Brazil,Rio Grande do Sul ,Patos Lagoon ,-32.0512,-52.0849,2012,S. alterniflora,High,ST (Sta. Teresa/Coroa do Boi),4,NO,10,0-10,10.0,LOI,6.20,,,,,2.91,29.148,Ruelmann and Korschens 2016,,1.23272534
OK,68,Azevedo 2015-UNPUBLISHED,Rio Grande,Brazil,Rio Grande do Sul ,Patos Lagoon ,-32.0512,-52.0849,2012,S. alterniflora,Low,ST (Sta. Teresa/Coroa do Boi),4,NO,10,0-10,10.0,LOI,3.00,,,,,1.41,14.108,Ruelmann and Korschens 2016,,1.390338777
OK,69,Azevedo 2015-UNPUBLISHED,Rio Grande,Brazil,Rio Grande do Sul ,Patos Lagoon ,-32.0512,-52.0849,2012,S. alterniflora,Low,ST (Sta. Teresa/Coroa do Boi),4,NO,10,0-10,10.0,LOI,6.00,,,,,2.82,28.208,Ruelmann and Korschens 2016,,1.242030378
OK,70,Azevedo 2015-UNPUBLISHED,Rio Grande,Brazil,Rio Grande do Sul ,Patos Lagoon ,-32.0464,-52.1024,2012,S. alterniflora,High,LG (Mangueira-Lar Gaúcho) ,4,NO,10,0-10,10.0,LOI,2.00,,,,,0.94,9.408,Ruelmann and Korschens 2016,,1.443610752
OK,71,Azevedo 2015-UNPUBLISHED,Rio Grande,Brazil,Rio Grande do Sul ,Patos Lagoon ,-32.0464,-52.1024,2012,S. alterniflora,Low,LG (Mangueira-Lar Gaúcho) ,4,NO,10,0-10,10.0,LOI,3.00,,,,,1.41,14.108,Ruelmann and Korschens 2016,,1.390338777
OK,72,Azevedo 2015-UNPUBLISHED,Rio Grande,Brazil,Rio Grande do Sul ,Patos Lagoon ,-32.0464,-52.1024,2012,S. alterniflora,High,LG (Mangueira-Lar Gaúcho) ,4,NO,10,0-10,10.0,LOI,6.00,,,,,2.82,28.208,Ruelmann and Korschens 2016,,1.242030378
OK,73,Azevedo 2015-UNPUBLISHED,Rio Grande,Brazil,Rio Grande do Sul ,Patos Lagoon ,-32.0464,-52.1024,2012,S. alterniflora,Low,LG (Mangueira-Lar Gaúcho) ,4,NO,10,0-10,10.0,LOI,6.20,,,,,2.91,29.148,Ruelmann and Korschens 2016,,1.23272534
OK,74,Azevedo 2015-UNPUBLISHED,Rio Grande,Brazil,Rio Grande do Sul ,Patos Lagoon ,-32.0464,-52.1024,2012,S. alterniflora,High,LG (Mangueira-Lar Gaúcho) ,4,NO,10,0-10,10.0,LOI,27.00,,,,,12.69,126.908,Ruelmann and Korschens 2016,,0.563914543
OK,75,Azevedo 2015-UNPUBLISHED,Rio Grande,Brazil,Rio Grande do Sul ,Patos Lagoon ,-32.0464,-52.1024,2012,S. alterniflora,Low,LG (Mangueira-Lar Gaúcho) ,4,NO,10,0-10,10.0,LOI,12.00,,,,,5.64,56.408,Ruelmann and Korschens 2016,,0.99118651
changed_data,76,Costa et al. 2019,Rio Grande,Brazil,Rio Grande do Sul ,Patos Lagoon ,-32.1103,-52.0759,2016,S. alterniflora,Low,M1- Farol-euhaline,1,YES,61,0-61,61,CHN,,,,0.70,0.30,,7,Ruelmann and Korschens 2016,,1.471690061
changed_data,77,Costa et al. 2019,Rio Grande,Brazil,Rio Grande do Sul ,Patos Lagoon ,-32.0208,-52.1007,2016,S. alterniflora,Low,M2-Polvora-mixohaline,1,YES,61,0-61,61,CHN,,,,1.00,1.20,,10,Ruelmann and Korschens 2016,,1.436789976
changed_data,78,Costa et al. 2019,Rio Grande,Brazil,Rio Grande do Sul ,Patos Lagoon ,-31.9540,-52.0073,2016,S. alterniflora,Low,M3-Mendanha-oligohaline,1,YES,61,0-61,61,CHN,,,,2.60,3.40,,26,Ruelmann and Korschens 2016,,1.264164516
data_not_found,79,Costa et al. 2020,Rio Grande,Brazil,Rio Grande do Sul ,Patos Lagoon ,-32.0220,-52.1019,2018,S. alterniflora,Low,Polvora-AS,2,YES,30,30,30.0,CHN,,,,,,2.30,23,Ruelmann and Korschens 2016,,1.294871473
data_not_found,80,Costa et al. 2020,Rio Grande,Brazil,Rio Grande do Sul ,Patos Lagoon ,-32.0220,-52.1022,2018,S. alterniflora,Low,Polvora-NG,2,YES,30,30,30.0,CHN,,,,,,2.50,25,Ruelmann and Korschens 2016,,1.274318393
data_coarse_estimated,81,Schuerch et al. 2016,Rio de La Plata,Argentina,Buenos Aires,Samborombon,-34.2286,-58.3803,?,"Spartina densiflora, Juncus acutus",Mid,19-1,1,YES,106,2,,CHN,,,,,,2.5,25,,,1.274318393
data_coarse_estimated,82,Schuerch et al. 2016,Rio de La Plata,Argentina,Buenos Aires,Samborombon,-34.2286,-58.3803,?,"Spartina densiflora, Juncus acutus",Mid,08-1,1,YES,115,2,,CHN,,,,,,3,30,,,1.224351654
data_coarse_estimated,83,Schuerch et al. 2016,Rio de La Plata,Argentina,Entre Rios,Parana Delta,-34.2639,-58.4819,?,"Ludwigia spp., Alternanthera philoxeroides, Echinodorus sp., Eryngium",Mid,10-1,1,YES,87,2,,CHN,,,,,,2,20,,,1.326324313
data_coarse_estimated,84,Schuerch et al. 2016,Rio de La Plata,Argentina,Entre Rios,Parana Delta,-34.2639,-58.4819,?,"Ludwigia spp., Alternanthera philoxeroides, Echinodorus sp., Eryngium",Mid,12-1,1,YES,51,2,,CHN,,,,,,4,40,,,1.130219026
data_coarse_estimated,85,Schuerch et al. 2016,Rio de La Plata,Uruguay,San Jose,Middle Estuary (Uruguay),-34.2639,-58.4819,?,"Spartina densiflora, Juncus acutus",Mid,02-1,1,YES,100,2,,,,,,,,3,30,,,1.224351654
OK,86,Hidalgo et al. 2021,Uruguay-BA Shelf,Argentina,Buenos Aires,Mar Chiquita,-37.7492,-57.4211,2011,S. densiflora,,,10,NO,7,0-7,7,LOI,,6.50,1.21,3.06,,,30.558,Ruelmann and Korschens 2016,,1.0882
OK,87,Negrin et al. 2019,Uruguay-BA Shelf,Argentina,Buenos Aires,Bahia Blanca Spartina,-38.7403,-62.3539,2011/2012,S. alterniflora,Site 1,,12,NO,15,0-15,15,LOI,,8.90,1.75,4.18,,,41.838,Ruelmann and Korschens 2016,,1.113721869
OK,88,Negrin et al. 2019,Uruguay-BA Shelf,Argentina,Buenos Aires,Bahia Blanca Spartina,-38.7403,-62.3539,2011/2012,S. alterniflora,Site2,,12,NO,15,0-15,15,LOI,,2.36,0.75,1.11,,,11.1,Ruelmann and Korschens 2016,,1.424201694
OK,89,Negrin et al. 2019,Uruguay-BA Shelf,Argentina,Buenos Aires,Bahia Blanca Spartina,-38.7403,-62.3539,2011/2012,S. alterniflora,Site 3,,12,NO,15,0-15,15,LOI,,8.56,0.45,4.02,,,40.24,Ruelmann and Korschens 2016,,1.128051087
OK,90,Idaskin et al. 2015,Uruguay-BA Shelf,Argentina,Rio Negro,St. Antonio,-43.3320,-65.0667,2013,S. densiflora,High,A,5,NO,15,0-15,15,LOI,,6.46,0.26,3.04,,,30.37,Ruelmann and Korschens 2016,,1.220732932
OK,91,Idaskin et al. 2015,Uruguay-BA Shelf,Argentina,Rio Negro,St. Antonio,-43.3320,-65.0667,2013,S. densiflora,High,B,5,NO,15,0-15,15,LOI,,5.69,0.64,2.68,,,26.751,Ruelmann and Korschens 2016,,1.256592185
OK,92,Idaskin et al. 2015,Uruguay-BA Shelf,Argentina,Rio Negro,St. Antonio,-43.3320,-65.0667,2013,S. densiflora,High,C,5,NO,15,0-15,15,LOI,,2.93,0.13,1.38,,,13.779,Ruelmann and Korschens 2016,,1.394002969
OK,93,Idaskin et al. 2015,Uruguay-BA Shelf,Argentina,Rio Negro,St. Antonio,-43.3320,-65.0667,2013,S. densiflora,High,D,5,NO,15,0-15,15,LOI,,2.55,0.29,1.20,,,11.993,Ruelmann and Korschens 2016,,1.414063454
OK,94,Marinho et al. 2018,Uruguay-BA Shelf,Argentina,Rio Negro,St. Antonio,-40.7250,-64.9816,2013/2014,S. densiflora,MA1,R,3,NO,15,0-15,15,LOI,,4.50,0.3,2.12,,,21.158,Ruelmann and Korschens 2016,,1.314093983
OK,95,Marinho et al. 2018,Uruguay-BA Shelf,Argentina,Rio Negro,St. Antonio,-40.7250,-64.9816,2013/2014,S. densiflora,MA1,S,3,NO,15,0-15,15,LOI,,4.00,0.4,1.88,,,18.808,Ruelmann and Korschens 2016,,1.339032639
OK,96,Marinho et al. 2018,Uruguay-BA Shelf,Argentina,Rio Negro,St. Antonio,-40.7280,-64.9535,2013/2014,S. densiflora,MA3,R,3,NO,15,0-15,15,LOI,,4.70,0.3,2.21,,,22.098,Ruelmann and Korschens 2016,,1.30424906
OK,97,Marinho et al. 2018,Uruguay-BA Shelf,Argentina,Rio Negro,St. Antonio,-40.7280,-64.9535,2013/2014,S. densiflora,MA3,S,3,NO,15,0-15,15,LOI,,4.70,0.6,2.21,,,22.098,Ruelmann and Korschens 2016,,1.30424906
OK,98,Marinho et al. 2018,Uruguay-BA Shelf,Argentina,Rio Negro,St. Antonio,-40.7330,-64.9164,2013/2014,S. densiflora,MA5,R,3,NO,15,0-15,15,LOI,,3.60,0.4,1.69,,,16.928,Ruelmann and Korschens 2016,,1.359323898
OK,99,Marinho et al. 2018,Uruguay-BA Shelf,Argentina,Rio Negro,St. Antonio,-40.7330,-64.9164,2013/2014,S. densiflora,MA5,S,3,NO,15,0-15,15,LOI,,3.60,0.4,1.69,,,16.928,Ruelmann and Korschens 2016,,1.359323898
OK,100,Marinho et al. 2018,Uruguay-BA Shelf,Argentina,Rio Negro,St. Antonio,-40.7330,-64.9164,2013/2014,S. alterniflora,MA5*,R,3,NO,15,0-15,15,LOI,,4.30,0.3,2.02,,,20.218,Ruelmann and Korschens 2016,,1.324013219
OK,101,Marinho et al. 2018,Uruguay-BA Shelf,Argentina,Rio Negro,St. Antonio,-40.7330,-64.9164,2013/2014,S. alterniflora,MA5*,S,3,NO,15,0-15,15,LOI,,3.50,0.9,1.65,,,16.458,Ruelmann and Korschens 2016,,1.364444576
OK,102,Marinho et al. 2018,Uruguay-BA Shelf,Argentina,Rio Negro,St. Antonio,-40.7920,-64.8519,2013/2014,S. alterniflora,MA8,R,3,NO,15,0-15,15,LOI,,3.60,0.6,1.69,,,16.928,Ruelmann and Korschens 2016,,1.359323898
OK,103,Marinho et al. 2018,Uruguay-BA Shelf,Argentina,Rio Negro,St. Antonio,-40.7920,-64.8519,2013/2014,S. alterniflora,MA8,S,3,NO,15,0-15,15,LOI,,3.20,0.5,1.50,,,15.048,Ruelmann and Korschens 2016,,1.379922643
OK,104,Bouza et al. 2017,North Patagonia Gulf,Argentina,Chubut,Peninsula Vadez,-42.4144,-64.6086,?,S.alterniflora,Low,Riacho,1,YES,100,0-20,20,CHN,,,,,,12.9,129,Ruelmann and Korschens 2016,,0.554555405
OK,104,Bouza et al. 2017,North Patagonia Gulf,Argentina,Chubut,Peninsula Vadez,-42.4144,-64.6086,?,S.alterniflora,Low,Riacho,,YES,100,20-44,24,CHN,,,,,,14.4,144,Ruelmann and Korschens 2016,,0.491846522
OK,104,Bouza et al. 2017,North Patagonia Gulf,Argentina,Chubut,Peninsula Vadez,-42.4144,-64.6086,?,S.alterniflora,Low,Riacho,,YES,100,44-64,20,CHN,,,,,,14.7,147,Ruelmann and Korschens 2016,,0.480182731
OK,104,Bouza et al. 2017,North Patagonia Gulf,Argentina,Chubut,Peninsula Vadez,-42.4144,-64.6086,?,S.alterniflora,Low,Riacho,,YES,100,64-100,36,CHN,,,,,,8.8,88,Ruelmann and Korschens 2016,,0.769827698
OK,105,Rios et al. 2018,North Patagonia Gulf,Argentina,Chubut,Peninsula Vadez,-42.4272,-64.1251,?,Spartina alterniflora,,Fracasso,1,YES,100,0-8,8,CHN,,,,,,5.9,59,Ruelmann and Korschens 2016,,0.970844898
OK,105,Rios et al. 2018,North Patagonia Gulf,Argentina,Chubut,Peninsula Vadez,-42.4272,-64.1251,?,Spartina alterniflora,,Fracasso,,YES,100,8-17,9,CHN,,,,,,3.4,34,Ruelmann and Korschens 2016,,1.185792636
OK,105,Rios et al. 2018,North Patagonia Gulf,Argentina,Chubut,Peninsula Vadez,-42.4272,-64.1251,?,Spartina alterniflora,,Fracasso,,YES,100,17-100,83,CHN,,,,,,1,10,Ruelmann and Korschens 2016,,1.436789976
OK,106,Rios et al. 2018,North Patagonia Gulf,Argentina,Chubut,Peninsula Vadez,-42.4287,-64.1248,?,Limonium brasiliense,,Fracasso,1,YES,100,0-7,7,CHN,,,,,,3.3,33,Ruelmann and Korschens 2016,,1.195317024
OK,106,Rios et al. 2018,North Patagonia Gulf,Argentina,Chubut,Peninsula Vadez,-42.4287,-64.1248,?,Limonium brasiliense,,Fracasso,,YES,100,7-40,33,CHN,,,,,,3,30,Ruelmann and Korschens 2016,,1.224351654
OK,106,Rios et al. 2018,North Patagonia Gulf,Argentina,Chubut,Peninsula Vadez,-42.4287,-64.1248,?,Limonium brasiliense,,Fracasso,,YES,100,40-73,33,CHN,,,,,,2.8,28,Ruelmann and Korschens 2016,,1.244098837
OK,106,Rios et al. 2018,North Patagonia Gulf,Argentina,Chubut,Peninsula Vadez,-42.4287,-64.1248,?,Limonium brasiliense,,Fracasso,,YES,100,73-100,27,CHN,,,,,,2,20,Ruelmann and Korschens 2016,,1.326324313
OK,107,Rios et al. 2018,North Patagonia Gulf,Argentina,Chubut,Peninsula Vadez,-42.4266,-64.1206,?,Sacocornia perenis,,Fracasso,1,YES,100,0-18,18,CHN,,,,,,3.3,33,Ruelmann and Korschens 2016,,1.195317024
OK,107,Rios et al. 2018,North Patagonia Gulf,Argentina,Chubut,Peninsula Vadez,-42.4266,-64.1206,?,Sacocornia perenis,,Fracasso,,YES,100,18-32,14,CHN,,,,,,2.5,25,Ruelmann and Korschens 2016,,1.274318393
OK,107,Rios et al. 2018,North Patagonia Gulf,Argentina,Chubut,Peninsula Vadez,-42.4266,-64.1206,?,Sacocornia perenis,,Fracasso,,YES,100,32-58,26,CHN,,,,,,3.2,32,Ruelmann and Korschens 2016,,1.204917912
OK,107,Rios et al. 2018,North Patagonia Gulf,Argentina,Chubut,Peninsula Vadez,-42.4266,-64.1206,?,Sacocornia perenis,,Fracasso,,YES,100,58-100,42,CHN,,,,,,1.1,11,Ruelmann and Korschens 2016,,1.425341511
OK,108,Rios et al. 2018,North Patagonia Gulf,Argentina,Chubut,Peninsula Vadez,-42.4277,-64.1246,?,Spartina alterniflora,,Fracasso,1,YES,100,0-32,32,CHN,,,,,,0.3,3,Ruelmann and Korschens 2016,,1.519545751
OK,108,Rios et al. 2018,North Patagonia Gulf,Argentina,Chubut,Peninsula Vadez,-42.4277,-64.1246,?,Spartina alterniflora,,Fracasso,,YES,100,32-100,68,CHN,,,,,,0.2,2,Ruelmann and Korschens 2016,,1.531750872
OK,109,Rios et al. 2018,North Patagonia Gulf,Argentina,Chubut,Peninsula Vadez,-42.4260,-64.1216,?,Limonium brasiliense,,Fracasso,1,YES,100,0-10,10,CHN,,,,,,4.2,42,Ruelmann and Korschens 2016,,1.112279421
OK,109,Rios et al. 2018,North Patagonia Gulf,Argentina,Chubut,Peninsula Vadez,-42.4260,-64.1216,?,Limonium brasiliense,,Fracasso,,YES,100,10-35,25,CHN,,,,,,2.2,22,Ruelmann and Korschens 2016,,1.305271992
OK,109,Rios et al. 2018,North Patagonia Gulf,Argentina,Chubut,Peninsula Vadez,-42.4260,-64.1216,?,Limonium brasiliense,,Fracasso,,YES,100,35-75,40,CHN,,,,,,0.3,3,Ruelmann and Korschens 2016,,1.519545751
OK,109,Rios et al. 2018,North Patagonia Gulf,Argentina,Chubut,Peninsula Vadez,-42.4260,-64.1216,?,Limonium brasiliense,,Fracasso,,YES,100,75-100,25,CHN,,,,,,0.2,2,Ruelmann and Korschens 2016,,1.531750872
OK,110,Rios et al. 2018,North Patagonia Gulf,Argentina,Chubut,Peninsula Vadez,-42.4271,-64.1196,?,Sacocornia perenis,,Fracasso,1,YES,100,0-12,12,CHN,,,,,,2.6,26,Ruelmann and Korschens 2016,,1.264164516
OK,110,Rios et al. 2018,North Patagonia Gulf,Argentina,Chubut,Peninsula Vadez,-42.4271,-64.1196,?,Sacocornia perenis,,Fracasso,,YES,100,12-27,15,CHN,,,,,,1.5,15,Ruelmann and Korschens 2016,,1.380452635
OK,110,Rios et al. 2018,North Patagonia Gulf,Argentina,Chubut,Peninsula Vadez,-42.4271,-64.1196,?,Sacocornia perenis,,Fracasso,,YES,100,27-75,48,CHN,,,,,,0.4,4,Ruelmann and Korschens 2016,,1.507437881
OK,110,Rios et al. 2018,North Patagonia Gulf,Argentina,Chubut,Peninsula Vadez,-42.4271,-64.1196,?,Sacocornia perenis,,Fracasso,,YES,100,75-100,25,CHN,,,,,,0.4,4,Ruelmann and Korschens 2016,,1.507437881
OK,111,Idaskin et al. 2014,North Patagonia Gulf,Argentina,Chubut,Rawson/Chubut River,-43.3338,-65.0669,2012,S. densiflora,,PR-Med value,5,NO,15,0-15,15,LOI,,3.14,0.34,1.48,,,14.766,Ruelmann and Korschens 2016,,1.383039263
delete_min,112,Idaskin et al. 2014,North Patagonia Gulf,Argentina,Chubut,Rawson/Chubut River,-43.3338,-65.0669,2012,S. densiflora,,PR-Min value,1,NO,15,0-15,15,LOI,1.89,,,,,0.89,8.891,Ruelmann and Korschens 2016,,1.449593891
delete_max,113,Idaskin et al. 2014,North Patagonia Gulf,Argentina,Chubut,Rawson/Chubut River,-43.3338,-65.0669,2012,S. densiflora,,PR-Max value,1,NO,15,0-15,15,LOI,3.89,,,,,1.83,18.291,Ruelmann and Korschens 2016,,1.344582347
OK,114,Idaskin et al. 2014,North Patagonia Gulf,Argentina,Chubut,Rawson/Chubut River,-43.3324,-65.0671,2012,S. densiflora,,CR-Med value,5,NO,15,0-15,15,LOI,,3.92,0.75,1.84,,,18.432,Ruelmann and Korschens 2016,,1.343066513
delete_min,115,Idaskin et al. 2014,North Patagonia Gulf,Argentina,Chubut,Rawson/Chubut River,-43.3324,-65.0671,2012,S. densiflora,,CR-Min value,1,NO,15,0-15,15,LOI,2.61,,,,,1.23,12.275,Ruelmann and Korschens 2016,,1.410876923
delete_max,116,Idaskin et al. 2014,North Patagonia Gulf,Argentina,Chubut,Rawson/Chubut River,-43.3324,-65.0671,2012,S. densiflora,,CR-Max value,1,NO,15,0-15,15,LOI,6.12,,,,,2.88,28.772,Ruelmann and Korschens 2016,,1.23643896
OK,117,Newton 2017,Falkands,UK/Argentina,Malvinas,Swan Inlet,-51.8849,-58.4962,2013,Deschampsia antartica,Low,SI-2,1,YES,100,0-5,5,LOI,82.00,,,,,38.54,385.408,,0.20,
OK,117,Newton 2017,Falkands,UK/Argentina,Malvinas,Swan Inlet,-51.8849,-58.4962,2013,Deschampsia antartica,Low,SI-2,,YES,100,5-10,5,LOI,82.00,,,,,38.54,385.408,,0.40,
OK,117,Newton 2017,Falkands,UK/Argentina,Malvinas,Swan Inlet,-51.8849,-58.4962,2013,Deschampsia antartica,Low,SI-2,,YES,100,10-20,5,LOI,82.00,,,,,38.54,385.408,,0.45,
OK,117,Newton 2017,Falkands,UK/Argentina,Malvinas,Swan Inlet,-51.8849,-58.4962,2013,Deschampsia antartica,Low,SI-2,,YES,100,20-22,2,LOI,82.00,,,,,38.54,385.408,,0.50,
OK,117,Newton 2017,Falkands,UK/Argentina,Malvinas,Swan Inlet,-51.8849,-58.4962,2013,Deschampsia antartica,Low,SI-2,,YES,100,22-27,5,LOI,86.00,,,,,40.42,404.208,,0.50,
OK,117,Newton 2017,Falkands,UK/Argentina,Malvinas,Swan Inlet,-51.8849,-58.4962,2013,Deschampsia antartica,Low,SI-2,,YES,100,27-30,3,LOI,80.00,,,,,37.60,376.008,,0.50,
OK,117,Newton 2017,Falkands,UK/Argentina,Malvinas,Swan Inlet,-51.8849,-58.4962,2013,Deschampsia antartica,Low,SI-2,,YES,100,30-33,3,LOI,79.00,,,,,37.13,371.308,,0.50,
OK,117,Newton 2017,Falkands,UK/Argentina,Malvinas,Swan Inlet,-51.8849,-58.4962,2013,Deschampsia antartica,Low,SI-2,,YES,100,33-35,2,LOI,78.00,,,,,36.66,366.608,,0.50,
OK,117,Newton 2017,Falkands,UK/Argentina,Malvinas,Swan Inlet,-51.8849,-58.4962,2013,Deschampsia antartica,Low,SI-2,,YES,100,35-40,5,LOI,75.00,,,,,35.25,352.508,,0.50,
OK,117,Newton 2017,Falkands,UK/Argentina,Malvinas,Swan Inlet,-51.8849,-58.4962,2013,Deschampsia antartica,Low,SI-2,,YES,100,40-45,5,LOI,70.00,,,,,32.90,329.008,,0.60,
OK,117,Newton 2017,Falkands,UK/Argentina,Malvinas,Swan Inlet,-51.8849,-58.4962,2013,Deschampsia antartica,Low,SI-2,,YES,100,45-50,5,LOI,68.00,,,,,31.96,319.608,,0.60,
OK,117,Newton 2017,Falkands,UK/Argentina,Malvinas,Swan Inlet,-51.8849,-58.4962,2013,Deschampsia antartica,Low,SI-2,,YES,100,50-53,3,LOI,66.00,,,,,31.02,310.208,,0.70,
OK,117,Newton 2017,Falkands,UK/Argentina,Malvinas,Swan Inlet,-51.8849,-58.4962,2013,Deschampsia antartica,Low,SI-2,,YES,100,53-55,2,LOI,60.00,,,,,28.20,282.008,,0.70,
OK,117,Newton 2017,Falkands,UK/Argentina,Malvinas,Swan Inlet,-51.8849,-58.4962,2013,Deschampsia antartica,Low,SI-2,,YES,100,55-58,3,LOI,55.00,,,,,25.85,258.508,,0.50,
OK,117,Newton 2017,Falkands,UK/Argentina,Malvinas,Swan Inlet,-51.8849,-58.4962,2013,Deschampsia antartica,Low,SI-2,,YES,100,58-60,2,LOI,50.00,,,,,23.50,235.008,,0.50,
OK,117,Newton 2017,Falkands,UK/Argentina,Malvinas,Swan Inlet,-51.8849,-58.4962,2013,Deschampsia antartica,Low,SI-2,,YES,100,60-64,4,LOI,50.00,,,,,23.50,235.008,,0.40,
OK,117,Newton 2017,Falkands,UK/Argentina,Malvinas,Swan Inlet,-51.8849,-58.4962,2013,Deschampsia antartica,Low,SI-2,,YES,100,64-66,2,LOI,49.00,,,,,23.03,230.308,,0.40,
OK,117,Newton 2017,Falkands,UK/Argentina,Malvinas,Swan Inlet,-51.8849,-58.4962,2013,Deschampsia antartica,Low,SI-2,,YES,100,66-68,2,LOI,48.00,,,,,22.56,225.608,,0.40,
OK,117,Newton 2017,Falkands,UK/Argentina,Malvinas,Swan Inlet,-51.8849,-58.4962,2013,Deschampsia antartica,Low,SI-2,,YES,100,68-70,2,LOI,47.00,,,,,22.09,220.908,,0.40,
OK,117,Newton 2017,Falkands,UK/Argentina,Malvinas,Swan Inlet,-51.8849,-58.4962,2013,Deschampsia antartica,Low,SI-2,,YES,100,70-71,1,LOI,46.00,,,,,21.62,216.208,,0.40,
OK,117,Newton 2017,Falkands,UK/Argentina,Malvinas,Swan Inlet,-51.8849,-58.4962,2013,Deschampsia antartica,Low,SI-2,,YES,100,71-72,1,LOI,44.00,,,,,20.68,206.808,,0.40,
OK,117,Newton 2017,Falkands,UK/Argentina,Malvinas,Swan Inlet,-51.8849,-58.4962,2013,Deschampsia antartica,Low,SI-2,,YES,100,72-73,1,LOI,43.00,,,,,20.21,202.108,,0.40,
OK,117,Newton 2017,Falkands,UK/Argentina,Malvinas,Swan Inlet,-51.8849,-58.4962,2013,Deschampsia antartica,Low,SI-2,,YES,100,73-74,1,LOI,41.33,,,,,19.43,194.2746667,,0.40,
OK,117,Newton 2017,Falkands,UK/Argentina,Malvinas,Swan Inlet,-51.8849,-58.4962,2013,Deschampsia antartica,Low,SI-2,,YES,100,74-75,1,LOI,39.83,,,,,18.72,187.2246667,,0.40,
OK,117,Newton 2017,Falkands,UK/Argentina,Malvinas,Swan Inlet,-51.8849,-58.4962,2013,Deschampsia antartica,Low,SI-2,,YES,100,75-76,1,LOI,38.33,,,,,18.02,180.1746667,,0.40,
OK,117,Newton 2017,Falkands,UK/Argentina,Malvinas,Swan Inlet,-51.8849,-58.4962,2013,Deschampsia antartica,Low,SI-2,,YES,100,76-77,1,LOI,36.83,,,,,17.31,173.1246667,,0.40,
OK,117,Newton 2017,Falkands,UK/Argentina,Malvinas,Swan Inlet,-51.8849,-58.4962,2013,Deschampsia antartica,Low,SI-2,,YES,100,77-78,1,LOI,35.33,,,,,16.61,166.0746667,,0.40,
OK,117,Newton 2017,Falkands,UK/Argentina,Malvinas,Swan Inlet,-51.8849,-58.4962,2013,Deschampsia antartica,Low,SI-2,,YES,100,78-79,1,LOI,33.83,,,,,15.90,159.0246667,,0.40,
OK,117,Newton 2017,Falkands,UK/Argentina,Malvinas,Swan Inlet,-51.8849,-58.4962,2013,Deschampsia antartica,Low,SI-2,,YES,100,79-80,1,LOI,32.33,,,,,15.20,151.9746667,,0.40,
OK,117,Newton 2017,Falkands,UK/Argentina,Malvinas,Swan Inlet,-51.8849,-58.4962,2013,Deschampsia antartica,Low,SI-2,,YES,100,80-81,1,LOI,30.83,,,,,14.49,144.9246667,,0.40,
OK,117,Newton 2017,Falkands,UK/Argentina,Malvinas,Swan Inlet,-51.8849,-58.4962,2013,Deschampsia antartica,Low,SI-2,,YES,100,81-82,1,LOI,29.33,,,,,13.79,137.8746667,,0.40,
OK,117,Newton 2017,Falkands,UK/Argentina,Malvinas,Swan Inlet,-51.8849,-58.4962,2013,Deschampsia antartica,Low,SI-2,,YES,100,82-83,1,LOI,27.83,,,,,13.08,130.8246667,,0.40,
OK,117,Newton 2017,Falkands,UK/Argentina,Malvinas,Swan Inlet,-51.8849,-58.4962,2013,Deschampsia antartica,Low,SI-2,,YES,100,83-84,1,LOI,26.33,,,,,12.38,123.7746667,,0.40,
OK,117,Newton 2017,Falkands,UK/Argentina,Malvinas,Swan Inlet,-51.8849,-58.4962,2013,Deschampsia antartica,Low,SI-2,,YES,100,84-85,1,LOI,24.83,,,,,11.67,116.7246667,,0.40,
OK,117,Newton 2017,Falkands,UK/Argentina,Malvinas,Swan Inlet,-51.8849,-58.4962,2013,Deschampsia antartica,Low,SI-2,,YES,100,85-86,1,LOI,23.33,,,,,10.97,109.6746667,,0.40,
OK,117,Newton 2017,Falkands,UK/Argentina,Malvinas,Swan Inlet,-51.8849,-58.4962,2013,Deschampsia antartica,Low,SI-2,,YES,100,86-87,1,LOI,21.83,,,,,10.26,102.6246667,,0.40,
OK,117,Newton 2017,Falkands,UK/Argentina,Malvinas,Swan Inlet,-51.8849,-58.4962,2013,Deschampsia antartica,Low,SI-2,,YES,100,87-88,1,LOI,20.33,,,,,9.56,95.57466667,,0.40,
OK,117,Newton 2017,Falkands,UK/Argentina,Malvinas,Swan Inlet,-51.8849,-58.4962,2013,Deschampsia antartica,Low,SI-2,,YES,100,88-89,1,LOI,18.83,,,,,8.85,88.52466667,,0.40,
OK,117,Newton 2017,Falkands,UK/Argentina,Malvinas,Swan Inlet,-51.8849,-58.4962,2013,Deschampsia antartica,Low,SI-2,,YES,100,89-90,1,LOI,17.00,,,,,7.99,79.908,,0.40,
OK,117,Newton 2017,Falkands,UK/Argentina,Malvinas,Swan Inlet,-51.8849,-58.4962,2013,Deschampsia antartica,Low,SI-2,,YES,100,90-91,1,LOI,16.00,,,,,7.52,75.208,,1.00,
OK,117,Newton 2017,Falkands,UK/Argentina,Malvinas,Swan Inlet,-51.8849,-58.4962,2013,Deschampsia antartica,Low,SI-2,,YES,100,91-92,1,LOI,15.00,,,,,7.05,70.508,,1.00,
OK,117,Newton 2017,Falkands,UK/Argentina,Malvinas,Swan Inlet,-51.8849,-58.4962,2013,Deschampsia antartica,Low,SI-2,,YES,100,92-93,1,LOI,14.00,,,,,6.58,65.808,,1.00,
OK,117,Newton 2017,Falkands,UK/Argentina,Malvinas,Swan Inlet,-51.8849,-58.4962,2013,Deschampsia antartica,Low,SI-2,,YES,100,93-94,1,LOI,5.00,,,,,2.35,23.508,,1.00,
OK,117,Newton 2017,Falkands,UK/Argentina,Malvinas,Swan Inlet,-51.8849,-58.4962,2013,Deschampsia antartica,Low,SI-2,,YES,100,94-95,1,LOI,5.00,,,,,2.35,23.508,,1.00,
OK,117,Newton 2017,Falkands,UK/Argentina,Malvinas,Swan Inlet,-51.8849,-58.4962,2013,Deschampsia antartica,Low,SI-2,,YES,100,95-96,1,LOI,4.00,,,,,1.88,18.808,,1.00,
OK,117,Newton 2017,Falkands,UK/Argentina,Malvinas,Swan Inlet,-51.8849,-58.4962,2013,Deschampsia antartica,Low,SI-2,,YES,100,96-97,1,LOI,4.00,,,,,1.88,18.808,,1.00,
OK,117,Newton 2017,Falkands,UK/Argentina,Malvinas,Swan Inlet,-51.8849,-58.4962,2013,Deschampsia antartica,Low,SI-2,,YES,100,97-98,1,LOI,3.00,,,,,1.41,14.108,,1.00,
OK,117,Newton 2017,Falkands,UK/Argentina,Malvinas,Swan Inlet,-51.8849,-58.4962,2013,Deschampsia antartica,Low,SI-2,,YES,100,98-99,1,LOI,2.00,,,,,0.94,9.408,,1.00,
OK,117,Newton 2017,Falkands,UK/Argentina,Malvinas,Swan Inlet,-51.8849,-58.4962,2013,Deschampsia antartica,Low,SI-2,,YES,100,99-100,1,LOI,2.00,,,,,0.94,9.408,,1.00,
OK,118,Payne et al. 2019,Falkands,UK/Argentina,Malvinas,Swan Inlet,-51.8200,-58.5900,?,Schoenoplectus californicus (freshwater-brackish species),Mid,D-AMS-029687,1,YES,150,0-5,5,LOI,35.00,,,,,16.45,164.508,,0.60,
OK,118,Payne et al. 2019,Falkands,UK/Argentina,Malvinas,Swan Inlet,-51.8200,-58.5900,?,Schoenoplectus californicus (freshwater-brackish species),Mid,D-AMS-029687,,YES,150,5-15,10,LOI,78.00,,,,,36.66,366.608,,0.40,
OK,118,Payne et al. 2019,Falkands,UK/Argentina,Malvinas,Swan Inlet,-51.8200,-58.5900,?,Schoenoplectus californicus (freshwater-brackish species),Mid,D-AMS-029687,,YES,150,15-25,10,LOI,78.00,,,,,36.66,366.608,,0.20,
OK,118,Payne et al. 2019,Falkands,UK/Argentina,Malvinas,Swan Inlet,-51.8200,-58.5900,?,Schoenoplectus californicus (freshwater-brackish species),Mid,D-AMS-029687,,YES,150,25-30,5,LOI,22.00,,,,,10.34,103.408,,0.50,
OK,118,Payne et al. 2019,Falkands,UK/Argentina,Malvinas,Swan Inlet,-51.8200,-58.5900,?,Schoenoplectus californicus (freshwater-brackish species),Mid,D-AMS-029687,,YES,150,30-35,5,LOI,20.00,,,,,9.40,94.008,,0.60,
OK,118,Payne et al. 2019,Falkands,UK/Argentina,Malvinas,Swan Inlet,-51.8200,-58.5900,?,Schoenoplectus californicus (freshwater-brackish species),Mid,D-AMS-029687,,YES,150,35-40,5,LOI,20.00,,,,,9.40,94.008,,0.58,
OK,118,Payne et al. 2019,Falkands,UK/Argentina,Malvinas,Swan Inlet,-51.8200,-58.5900,?,Schoenoplectus californicus (freshwater-brackish species),Mid,D-AMS-029687,,YES,150,40-45,5,LOI,20.00,,,,,9.40,94.008,,0.57,
OK,118,Payne et al. 2019,Falkands,UK/Argentina,Malvinas,Swan Inlet,-51.8200,-58.5900,?,Schoenoplectus californicus (freshwater-brackish species),Mid,D-AMS-029687,,YES,150,45-75,30,LOI,20.00,,,,,9.40,94.008,,0.55,
OK,118,Payne et al. 2019,Falkands,UK/Argentina,Malvinas,Swan Inlet,-51.8200,-58.5900,?,Schoenoplectus californicus (freshwater-brackish species),Mid,D-AMS-029687,,YES,150,75-80,5,LOI,20.00,,,,,9.40,94.008,,0.70,
OK,118,Payne et al. 2019,Falkands,UK/Argentina,Malvinas,Swan Inlet,-51.8200,-58.5900,?,Schoenoplectus californicus (freshwater-brackish species),Mid,D-AMS-029687,,YES,150,80-90,10,LOI,40.00,,,,,18.80,188.008,,0.40,
OK,118,Payne et al. 2019,Falkands,UK/Argentina,Malvinas,Swan Inlet,-51.8200,-58.5900,?,Schoenoplectus californicus (freshwater-brackish species),Mid,D-AMS-029687,,YES,150,90-105,15,LOI,20.00,,,,,9.40,94.008,,0.50,
OK,118,Payne et al. 2019,Falkands,UK/Argentina,Malvinas,Swan Inlet,-51.8200,-58.5900,?,Schoenoplectus californicus (freshwater-brackish species),Mid,D-AMS-029687,,YES,150,105-120,15,LOI,20.00,,,,,9.40,94.008,,0.60,
OK,118,Payne et al. 2019,Falkands,UK/Argentina,Malvinas,Swan Inlet,-51.8200,-58.5900,?,Schoenoplectus californicus (freshwater-brackish species),Mid,D-AMS-029687,,YES,150,120-125,5,LOI,50.00,,,,,23.50,235.008,,0.20,
OK,118,Payne et al. 2019,Falkands,UK/Argentina,Malvinas,Swan Inlet,-51.8200,-58.5900,?,Schoenoplectus californicus (freshwater-brackish species),Mid,D-AMS-029687,,YES,150,125-130,5,LOI,40.00,,,,,18.80,188.008,,0.40,
OK,118,Payne et al. 2019,Falkands,UK/Argentina,Malvinas,Swan Inlet,-51.8200,-58.5900,?,Schoenoplectus californicus (freshwater-brackish species),Mid,D-AMS-029687,,YES,150,130-150,20,LOI,20.00,,,,,9.40,94.008,,0.70,
,,,,,,,,,,,,,,,,,,,,,,,,,,,,
,,,,,,,,,,,,,,,,,,,,,,,,,,,,
,,,,,,,,,,,,,,,,,,,,,,,,,,,,
,,,,,,,,,,,,,,,,,,,,,,,,,,,,
,,,,,,,,,,,,,,,,,,,,,,,,,,,,
,,,,,,,,,,,,,,,,,,,,,,,,,,,,
,,,,,,,,,,,,,,,,,,,,,,,,,,,,
,,,,,,,,,,,,,,,,,,,,,,,,,,,,
,,,,,,,,,,,,,,,,,,,,,,,,,,,,
,,,,,,,,,,,,,,,,,,,,,,,,,,,,
,,,,,,,,,,,,,,,,,,,,,,,,,,,,
,,,,,,,,,,,,,,,,,,,,,,,,,,,,
,,,,,,,,,,,,,,,,,,,,,,,,,,,,
,,,,,,,,,,,,,,,,,,,,,,,,,,,,
,,,,,,,,,,,,,,,,,,,,,,,,,,,,
,,,,,,,,,,,,,,,,,,,,,,,,,,,,
,,,,,,,,,,,,,,,,,,,,,,,,,,,,
,,,,,,,,,,,,,,,,,,,,,,,,,,,,
,,,,,,,,,,,,,,,,,,,,,,,,,,,,
,,,,,,,,,,,,,,,,,,,,,,,,,,,,
,,,,,,,,,,,,,,,,,,,,,,,,,,,,
,,,,,,,,,,,,,,,,,,,,,,,,,,,,
,,,,,,,,,,,,,,,,,,,,,,,,,,,,
,,,,,,,,,,,,,,,,,,,,,,,,,,,,
,,,,,,,,,,,,,,,,,,,,,,,,,,,,
,,,,,,,,,,,,,,,,,,,,,,,,,,,,
,,,,,,,,,,,,,,,,,,,,,,,,,,,,
,,,,,,,,,,,,,,,,,,,,,,,,,,,,
,,,,,,,,,,,,,,,,,,,,,,,,,,,,
,,,,,,,,,,,,,,,,,,,,,,,,,,,,
,,,,,,,,,,,,,,,,,,,,,,,,,,,,
,,,,,,,,,,,,,,,,,,,,,,,,,,,,
,,,,,,,,,,,,,,,,,,,,,,,,,,,,
,,,,,,,,,,,,,,,,,,,,,,,,,,,,
,,,,,,,,,,,,,,,,,,,,,,,,,,,,
,,,,,,,,,,,,,,,,,,,,,,,,,,,,
,,,,,,,,,,,,,,,,,,,,,,,,,,,,
,,,,,,,,,,,,,,,,,,,,,,,,,,,,
,,,,,,,,,,,,,,,,,,,,,,,,,,,,
,,,,,,,,,,,,,,,,,,,,,,,,,,,,
,,,,,,,,,,,,,,,,,,,,,,,,,,,,
,,,,,,,,,,,,,,,,,,,,,,,,,,,,
,,,,,,,,,,,,,,,,,,,,,,,,,,,,
,,,,,,,,,,,,,,,,,,,,,,,,,,,,
,,,,,,,,,,,,,,,,,,,,,,,,,,,,
,,,,,,,,,,,,,,,,,,,,,,,,,,,,
,,,,,,,,,,,,,,,,,,,,,,,,,,,,
,,,,,,,,,,,,,,,,,,,,,,,,,,,,
,,,,,,,,,,,,,,,,,,,,,,,,,,,,
,,,,,,,,,,,,,,,,,,,,,,,,,,,,
,,,,,,,,,,,,,,,,,,,,,,,,,,,,
,,,,,,,,,,,,,,,,,,,,,,,,,,,,
,,,,,,,,,,,,,,,,,,,,,,,,,,,,
,,,,,,,,,,,,,,,,,,,,,,,,,,,,
,,,,,,,,,,,,,,,,,,,,,,,,,,,,
,,,,,,,,,,,,,,,,,,,,,,,,,,,,
,,,,,,,,,,,,,,,,,,,,,,,,,,,,
,,,,,,,,,,,,,,,,,,,,,,,,,,,,
,,,,,,,,,,,,,,,,,,,,,,,,,,,,
,,,,,,,,,,,,,,,,,,,,,,,,,,,,
,,,,,,,,,,,,,,,,,,,,,,,,,,,,
,,,,,,,,,,,,,,,,,,,,,,,,,,,,
,,,,,,,,,,,,,,,,,,,,,,,,,,,,
,,,,,,,,,,,,,,,,,,,,,,,,,,,,
,,,,,,,,,,,,,,,,,,,,,,,,,,,,
,,,,,,,,,,,,,,,,,,,,,,,,,,,,
,,,,,,,,,,,,,,,,,,,,,,,,,,,,
,,,,,,,,,,,,,,,,,,,,,,,,,,,,
,,,,,,,,,,,,,,,,,,,,,,,,,,,,
,,,,,,,,,,,,,,,,,,,,,,,,,,,,
,,,,,,,,,,,,,,,,,,,,,,,,,,,,
,,,,,,,,,,,,,,,,,,,,,,,,,,,,
,,,,,,,,,,,,,,,,,,,,,,,,,,,,
,,,,,,,,,,,,,,,,,,,,,,,,,,,,
,,,,,,,,,,,,,,,,,,,,,,,,,,,,
,,,,,,,,,,,,,,,,,,,,,,,,,,,,
,,,,,,,,,,,,,,,,,,,,,,,,,,,,
,,,,,,,,,,,,,,,,,,,,,,,,,,,,
,,,,,,,,,,,,,,,,,,,,,,,,,,,,
,,,,,,,,,,,,,,,,,,,,,,,,,,,,
,,,,,,,,,,,,,,,,,,,,,,,,,,,,
,,,,,,,,,,,,,,,,,,,,,,,,,,,,
,,,,,,,,,,,,,,,,,,,,,,,,,,,,
,,,,,,,,,,,,,,,,,,,,,,,,,,,,
,,,,,,,,,,,,,,,,,,,,,,,,,,,,
,,,,,,,,,,,,,,,,,,,,,,,,,,,,
,,,,,,,,,,,,,,,,,,,,,,,,,,,,
,,,,,,,,,,,,,,,,,,,,,,,,,,,,
,,,,,,,,,,,,,,,,,,,,,,,,,,,,
,,,,,,,,,,,,,,,,,,,,,,,,,,,,
,,,,,,,,,,,,,,,,,,,,,,,,,,,,
,,,,,,,,,,,,,,,,,,,,,,,,,,,,
,,,,,,,,,,,,,,,,,,,,,,,,,,,,
,,,,,,,,,,,,,,,,,,,,,,,,,,,,
,,,,,,,,,,,,,,,,,,,,,,,,,,,,
,,,,,,,,,,,,,,,,,,,,,,,,,,,,
,,,,,,,,,,,,,,,,,,,,,,,,,,,,
,,,,,,,,,,,,,,,,,,,,,,,,,,,,
,,,,,,,,,,,,,,,,,,,,,,,,,,,,
,,,,,,,,,,,,,,,,,,,,,,,,,,,,
,,,,,,,,,,,,,,,,,,,,,,,,,,,,
,,,,,,,,,,,,,,,,,,,,,,,,,,,,
,,,,,,,,,,,,,,,,,,,,,,,,,,,,
,,,,,,,,,,,,,,,,,,,,,,,,,,,,
,,,,,,,,,,,,,,,,,,,,,,,,,,,,
,,,,,,,,,,,,,,,,,,,,,,,,,,,,
,,,,,,,,,,,,,,,,,,,,,,,,,,,,
,,,,,,,,,,,,,,,,,,,,,,,,,,,,
,,,,,,,,,,,,,,,,,,,,,,,,,,,,
,,,,,,,,,,,,,,,,,,,,,,,,,,,,
,,,,,,,,,,,,,,,,,,,,,,,,,,,,
,,,,,,,,,,,,,,,,,,,,,,,,,,,,
,,,,,,,,,,,,,,,,,,,,,,,,,,,,
,,,,,,,,,,,,,,,,,,,,,,,,,,,,
,,,,,,,,,,,,,,,,,,,,,,,,,,,,
,,,,,,,,,,,,,,,,,,,,,,,,,,,,
,,,,,,,,,,,,,,,,,,,,,,,,,,,,
,,,,,,,,,,,,,,,,,,,,,,,,,,,,
,,,,,,,,,,,,,,,,,,,,,,,,,,,,
,,,,,,,,,,,,,,,,,,,,,,,,,,,,
,,,,,,,,,,,,,,,,,,,,,,,,,,,,
,,,,,,,,,,,,,,,,,,,,,,,,,,,,
,,,,,,,,,,,,,,,,,,,,,,,,,,,,
,,,,,,,,,,,,,,,,,,,,,,,,,,,,
,,,,,,,,,,,,,,,,,,,,,,,,,,,,
,,,,,,,,,,,,,,,,,,,,,,,,,,,,
,,,,,,,,,,,,,,,,,,,,,,,,,,,,
,,,,,,,,,,,,,,,,,,,,,,,,,,,,
,,,,,,,,,,,,,,,,,,,,,,,,,,,,
,,,,,,,,,,,,,,,,,,,,,,,,,,,,
,,,,,,,,,,,,,,,,,,,,,,,,,,,,
,,,,,,,,,,,,,,,,,,,,,,,,,,,,
,,,,,,,,,,,,,,,,,,,,,,,,,,,,
,,,,,,,,,,,,,,,,,,,,,,,,,,,,
,,,,,,,,,,,,,,,,,,,,,,,,,,,,
,,,,,,,,,,,,,,,,,,,,,,,,,,,,
,,,,,,,,,,,,,,,,,,,,,,,,,,,,
,,,,,,,,,,,,,,,,,,,,,,,,,,,,
,,,,,,,,,,,,,,,,,,,,,,,,,,,,
,,,,,,,,,,,,,,,,,,,,,,,,,,,,
,,,,,,,,,,,,,,,,,,,,,,,,,,,,
,,,,,,,,,,,,,,,,,,,,,,,,,,,,
,,,,,,,,,,,,,,,,,,,,,,,,,,,,
,,,,,,,,,,,,,,,,,,,,,,,,,,,,
,,,,,,,,,,,,,,,,,,,,,,,,,,,,
,,,,,,,,,,,,,,,,,,,,,,,,,,,,
,,,,,,,,,,,,,,,,,,,,,,,,,,,,
,,,,,,,,,,,,,,,,,,,,,,,,,,,,
,,,,,,,,,,,,,,,,,,,,,,,,,,,,
,,,,,,,,,,,,,,,,,,,,,,,,,,,,
,,,,,,,,,,,,,,,,,,,,,,,,,,,,
,,,,,,,,,,,,,,,,,,,,,,,,,,,,
,,,,,,,,,,,,,,,,,,,,,,,,,,,,
,,,,,,,,,,,,,,,,,,,,,,,,,,,,
,,,,,,,,,,,,,,,,,,,,,,,,,,,,
,,,,,,,,,,,,,,,,,,,,,,,,,,,,
,,,,,,,,,,,,,,,,,,,,,,,,,,,,
,,,,,,,,,,,,,,,,,,,,,,,,,,,,
,,,,,,,,,,,,,,,,,,,,,,,,,,,,
,,,,,,,,,,,,,,,,,,,,,,,,,,,,
,,,,,,,,,,,,,,,,,,,,,,,,,,,,
,,,,,,,,,,,,,,,,,,,,,,,,,,,,
,,,,,,,,,,,,,,,,,,,,,,,,,,,,
,,,,,,,,,,,,,,,,,,,,,,,,,,,,
,,,,,,,,,,,,,,,,,,,,,,,,,,,,
,,,,,,,,,,,,,,,,,,,,,,,,,,,,
,,,,,,,,,,,,,,,,,,,,,,,,,,,,
,,,,,,,,,,,,,,,,,,,,,,,,,,,,
,,,,,,,,,,,,,,,,,,,,,,,,,,,,
,,,,,,,,,,,,,,,,,,,,,,,,,,,,
,,,,,,,,,,,,,,,,,,,,,,,,,,,,
,,,,,,,,,,,,,,,,,,,,,,,,,,,,
,,,,,,,,,,,,,,,,,,,,,,,,,,,,
,,,,,,,,,,,,,,,,,,,,,,,,,,,,
,,,,,,,,,,,,,,,,,,,,,,,,,,,,
,,,,,,,,,,,,,,,,,,,,,,,,,,,,
,,,,,,,,,,,,,,,,,,,,,,,,,,,,
,,,,,,,,,,,,,,,,,,,,,,,,,,,,
,,,,,,,,,,,,,,,,,,,,,,,,,,,,
,,,,,,,,,,,,,,,,,,,,,,,,,,,,
,,,,,,,,,,,,,,,,,,,,,,,,,,,,
,,,,,,,,,,,,,,,,,,,,,,,,,,,,
,,,,,,,,,,,,,,,,,,,,,,,,,,,,
,,,,,,,,,,,,,,,,,,,,,,,,,,,,
,,,,,,,,,,,,,,,,,,,,,,,,,,,,
,,,,,,,,,,,,,,,,,,,,,,,,,,,,
,,,,,,,,,,,,,,,,,,,,,,,,,,,,
,,,,,,,,,,,,,,,,,,,,,,,,,,,,
,,,,,,,,,,,,,,,,,,,,,,,,,,,,
,,,,,,,,,,,,,,,,,,,,,,,,,,,,
,,,,,,,,,,,,,,,,,,,,,,,,,,,,
,,,,,,,,,,,,,,,,,,,,,,,,,,,,
,,,,,,,,,,,,,,,,,,,,,,,,,,,,
,,,,,,,,,,,,,,,,,,,,,,,,,,,,
,,,,,,,,,,,,,,,,,,,,,,,,,,,,
,,,,,,,,,,,,,,,,,,,,,,,,,,,,
,,,,,,,,,,,,,,,,,,,,,,,,,,,,
,,,,,,,,,,,,,,,,,,,,,,,,,,,,
,,,,,,,,,,,,,,,,,,,,,,,,,,,,
,,,,,,,,,,,,,,,,,,,,,,,,,,,,
,,,,,,,,,,,,,,,,,,,,,,,,,,,,
,,,,,,,,,,,,,,,,,,,,,,,,,,,,
,,,,,,,,,,,,,,,,,,,,,,,,,,,,
,,,,,,,,,,,,,,,,,,,,,,,,,,,,
,,,,,,,,,,,,,,,,,,,,,,,,,,,,
,,,,,,,,,,,,,,,,,,,,,,,,,,,,
,,,,,,,,,,,,,,,,,,,,,,,,,,,,
,,,,,,,,,,,,,,,,,,,,,,,,,,,,
,,,,,,,,,,,,,,,,,,,,,,,,,,,,
,,,,,,,,,,,,,,,,,,,,,,,,,,,,
,,,,,,,,,,,,,,,,,,,,,,,,,,,,
,,,,,,,,,,,,,,,,,,,,,,,,,,,,
,,,,,,,,,,,,,,,,,,,,,,,,,,,,
,,,,,,,,,,,,,,,,,,,,,,,,,,,,
,,,,,,,,,,,,,,,,,,,,,,,,,,,,
,,,,,,,,,,,,,,,,,,,,,,,,,,,,
,,,,,,,,,,,,,,,,,,,,,,,,,,,,
,,,,,,,,,,,,,,,,,,,,,,,,,,,,
,,,,,,,,,,,,,,,,,,,,,,,,,,,,
,,,,,,,,,,,,,,,,,,,,,,,,,,,,
,,,,,,,,,,,,,,,,,,,,,,,,,,,,
,,,,,,,,,,,,,,,,,,,,,,,,,,,,
,,,,,,,,,,,,,,,,,,,,,,,,,,,,
,,,,,,,,,,,,,,,,,,,,,,,,,,,,
,,,,,,,,,,,,,,,,,,,,,,,,,,,,
,,,,,,,,,,,,,,,,,,,,,,,,,,,,
,,,,,,,,,,,,,,,,,,,,,,,,,,,,
,,,,,,,,,,,,,,,,,,,,,,,,,,,,
,,,,,,,,,,,,,,,,,,,,,,,,,,,,
,,,,,,,,,,,,,,,,,,,,,,,,,,,,
,,,,,,,,,,,,,,,,,,,,,,,,,,,,
,,,,,,,,,,,,,,,,,,,,,,,,,,,,
,,,,,,,,,,,,,,,,,,,,,,,,,,,,
,,,,,,,,,,,,,,,,,,,,,,,,,,,,
,,,,,,,,,,,,,,,,,,,,,,,,,,,,
,,,,,,,,,,,,,,,,,,,,,,,,,,,,
,,,,,,,,,,,,,,,,,,,,,,,,,,,,
,,,,,,,,,,,,,,,,,,,,,,,,,,,,
,,,,,,,,,,,,,,,,,,,,,,,,,,,,
,,,,,,,,,,,,,,,,,,,,,,,,,,,,
,,,,,,,,,,,,,,,,,,,,,,,,,,,,
,,,,,,,,,,,,,,,,,,,,,,,,,,,,
,,,,,,,,,,,,,,,,,,,,,,,,,,,,
,,,,,,,,,,,,,,,,,,,,,,,,,,,,
,,,,,,,,,,,,,,,,,,,,,,,,,,,,
,,,,,,,,,,,,,,,,,,,,,,,,,,,,
,,,,,,,,,,,,,,,,,,,,,,,,,,,,
,,,,,,,,,,,,,,,,,,,,,,,,,,,,
,,,,,,,,,,,,,,,,,,,,,,,,,,,,
,,,,,,,,,,,,,,,,,,,,,,,,,,,,
,,,,,,,,,,,,,,,,,,,,,,,,,,,,
,,,,,,,,,,,,,,,,,,,,,,,,,,,,
,,,,,,,,,,,,,,,,,,,,,,,,,,,,
,,,,,,,,,,,,,,,,,,,,,,,,,,,,
,,,,,,,,,,,,,,,,,,,,,,,,,,,,
,,,,,,,,,,,,,,,,,,,,,,,,,,,,
,,,,,,,,,,,,,,,,,,,,,,,,,,,,
,,,,,,,,,,,,,,,,,,,,,,,,,,,,
,,,,,,,,,,,,,,,,,,,,,,,,,,,,
,,,,,,,,,,,,,,,,,,,,,,,,,,,,
,,,,,,,,,,,,,,,,,,,,,,,,,,,,
,,,,,,,,,,,,,,,,,,,,,,,,,,,,
,,,,,,,,,,,,,,,,,,,,,,,,,,,,
,,,,,,,,,,,,,,,,,,,,,,,,,,,,
,,,,,,,,,,,,,,,,,,,,,,,,,,,,
,,,,,,,,,,,,,,,,,,,,,,,,,,,,
,,,,,,,,,,,,,,,,,,,,,,,,,,,,
,,,,,,,,,,,,,,,,,,,,,,,,,,,,
,,,,,,,,,,,,,,,,,,,,,,,,,,,,
,,,,,,,,,,,,,,,,,,,,,,,,,,,,
,,,,,,,,,,,,,,,,,,,,,,,,,,,,
,,,,,,,,,,,,,,,,,,,,,,,,,,,,
,,,,,,,,,,,,,,,,,,,,,,,,,,,,
,,,,,,,,,,,,,,,,,,,,,,,,,,,,
,,,,,,,,,,,,,,,,,,,,,,,,,,,,
,,,,,,,,,,,,,,,,,,,,,,,,,,,,
,,,,,,,,,,,,,,,,,,,,,,,,,,,,
,,,,,,,,,,,,,,,,,,,,,,,,,,,,
,,,,,,,,,,,,,,,,,,,,,,,,,,,,
,,,,,,,,,,,,,,,,,,,,,,,,,,,,
,,,,,,,,,,,,,,,,,,,,,,,,,,,,
,,,,,,,,,,,,,,,,,,,,,,,,,,,,
,,,,,,,,,,,,,,,,,,,,,,,,,,,,
,,,,,,,,,,,,,,,,,,,,,,,,,,,,
,,,,,,,,,,,,,,,,,,,,,,,,,,,,
,,,,,,,,,,,,,,,,,,,,,,,,,,,,
,,,,,,,,,,,,,,,,,,,,,,,,,,,,
,,,,,,,,,,,,,,,,,,,,,,,,,,,,
,,,,,,,,,,,,,,,,,,,,,,,,,,,,
,,,,,,,,,,,,,,,,,,,,,,,,,,,,
,,,,,,,,,,,,,,,,,,,,,,,,,,,,
,,,,,,,,,,,,,,,,,,,,,,,,,,,,
,,,,,,,,,,,,,,,,,,,,,,,,,,,,
,,,,,,,,,,,,,,,,,,,,,,,,,,,,
,,,,,,,,,,,,,,,,,,,,,,,,,,,,
,,,,,,,,,,,,,,,,,,,,,,,,,,,,
,,,,,,,,,,,,,,,,,,,,,,,,,,,,
,,,,,,,,,,,,,,,,,,,,,,,,,,,,
,,,,,,,,,,,,,,,,,,,,,,,,,,,,
,,,,,,,,,,,,,,,,,,,,,,,,,,,,
,,,,,,,,,,,,,,,,,,,,,,,,,,,,
,,,,,,,,,,,,,,,,,,,,,,,,,,,,
,,,,,,,,,,,,,,,,,,,,,,,,,,,,
,,,,,,,,,,,,,,,,,,,,,,,,,,,,
,,,,,,,,,,,,,,,,,,,,,,,,,,,,
,,,,,,,,,,,,,,,,,,,,,,,,,,,,
,,,,,,,,,,,,,,,,,,,,,,,,,,,,
,,,,,,,,,,,,,,,,,,,,,,,,,,,,
,,,,,,,,,,,,,,,,,,,,,,,,,,,,
,,,,,,,,,,,,,,,,,,,,,,,,,,,,
,,,,,,,,,,,,,,,,,,,,,,,,,,,,
,,,,,,,,,,,,,,,,,,,,,,,,,,,,
,,,,,,,,,,,,,,,,,,,,,,,,,,,,
,,,,,,,,,,,,,,,,,,,,,,,,,,,,
,,,,,,,,,,,,,,,,,,,,,,,,,,,,
,,,,,,,,,,,,,,,,,,,,,,,,,,,,
,,,,,,,,,,,,,,,,,,,,,,,,,,,,
,,,,,,,,,,,,,,,,,,,,,,,,,,,,
,,,,,,,,,,,,,,,,,,,,,,,,,,,,
,,,,,,,,,,,,,,,,,,,,,,,,,,,,
,,,,,,,,,,,,,,,,,,,,,,,,,,,,
,,,,,,,,,,,,,,,,,,,,,,,,,,,,
,,,,,,,,,,,,,,,,,,,,,,,,,,,,
,,,,,,,,,,,,,,,,,,,,,,,,,,,,
,,,,,,,,,,,,,,,,,,,,,,,,,,,,
,,,,,,,,,,,,,,,,,,,,,,,,,,,,
,,,,,,,,,,,,,,,,,,,,,,,,,,,,
,,,,,,,,,,,,,,,,,,,,,,,,,,,,
,,,,,,,,,,,,,,,,,,,,,,,,,,,,
,,,,,,,,,,,,,,,,,,,,,,,,,,,,
,,,,,,,,,,,,,,,,,,,,,,,,,,,,
,,,,,,,,,,,,,,,,,,,,,,,,,,,,
,,,,,,,,,,,,,,,,,,,,,,,,,,,,
,,,,,,,,,,,,,,,,,,,,,,,,,,,,
,,,,,,,,,,,,,,,,,,,,,,,,,,,,
,,,,,,,,,,,,,,,,,,,,,,,,,,,,
,,,,,,,,,,,,,,,,,,,,,,,,,,,,
,,,,,,,,,,,,,,,,,,,,,,,,,,,,
,,,,,,,,,,,,,,,,,,,,,,,,,,,,
,,,,,,,,,,,,,,,,,,,,,,,,,,,,
,,,,,,,,,,,,,,,,,,,,,,,,,,,,
,,,,,,,,,,,,,,,,,,,,,,,,,,,,
,,,,,,,,,,,,,,,,,,,,,,,,,,,,
,,,,,,,,,,,,,,,,,,,,,,,,,,,,
,,,,,,,,,,,,,,,,,,,,,,,,,,,,
,,,,,,,,,,,,,,,,,,,,,,,,,,,,
,,,,,,,,,,,,,,,,,,,,,,,,,,,,
,,,,,,,,,,,,,,,,,,,,,,,,,,,,
,,,,,,,,,,,,,,,,,,,,,,,,,,,,
,,,,,,,,,,,,,,,,,,,,,,,,,,,,
,,,,,,,,,,,,,,,,,,,,,,,,,,,,
,,,,,,,,,,,,,,,,,,,,,,,,,,,,
,,,,,,,,,,,,,,,,,,,,,,,,,,,,
,,,,,,,,,,,,,,,,,,,,,,,,,,,,
,,,,,,,,,,,,,,,,,,,,,,,,,,,,
,,,,,,,,,,,,,,,,,,,,,,,,,,,,
,,,,,,,,,,,,,,,,,,,,,,,,,,,,
,,,,,,,,,,,,,,,,,,,,,,,,,,,,
,,,,,,,,,,,,,,,,,,,,,,,,,,,,
,,,,,,,,,,,,,,,,,,,,,,,,,,,,
,,,,,,,,,,,,,,,,,,,,,,,,,,,,
,,,,,,,,,,,,,,,,,,,,,,,,,,,,
,,,,,,,,,,,,,,,,,,,,,,,,,,,,
,,,,,,,,,,,,,,,,,,,,,,,,,,,,
,,,,,,,,,,,,,,,,,,,,,,,,,,,,
,,,,,,,,,,,,,,,,,,,,,,,,,,,,
,,,,,,,,,,,,,,,,,,,,,,,,,,,,
,,,,,,,,,,,,,,,,,,,,,,,,,,,,
,,,,,,,,,,,,,,,,,,,,,,,,,,,,
,,,,,,,,,,,,,,,,,,,,,,,,,,,,
,,,,,,,,,,,,,,,,,,,,,,,,,,,,
,,,,,,,,,,,,,,,,,,,,,,,,,,,,
,,,,,,,,,,,,,,,,,,,,,,,,,,,,
,,,,,,,,,,,,,,,,,,,,,,,,,,,,
,,,,,,,,,,,,,,,,,,,,,,,,,,,,
,,,,,,,,,,,,,,,,,,,,,,,,,,,,
,,,,,,,,,,,,,,,,,,,,,,,,,,,,
,,,,,,,,,,,,,,,,,,,,,,,,,,,,
,,,,,,,,,,,,,,,,,,,,,,,,,,,,
,,,,,,,,,,,,,,,,,,,,,,,,,,,,
,,,,,,,,,,,,,,,,,,,,,,,,,,,,
,,,,,,,,,,,,,,,,,,,,,,,,,,,,
,,,,,,,,,,,,,,,,,,,,,,,,,,,,
,,,,,,,,,,,,,,,,,,,,,,,,,,,,
,,,,,,,,,,,,,,,,,,,,,,,,,,,,
,,,,,,,,,,,,,,,,,,,,,,,,,,,,
,,,,,,,,,,,,,,,,,,,,,,,,,,,,
,,,,,,,,,,,,,,,,,,,,,,,,,,,,
,,,,,,,,,,,,,,,,,,,,,,,,,,,,
,,,,,,,,,,,,,,,,,,,,,,,,,,,,
,,,,,,,,,,,,,,,,,,,,,,,,,,,,
,,,,,,,,,,,,,,,,,,,,,,,,,,,,
,,,,,,,,,,,,,,,,,,,,,,,,,,,,
,,,,,,,,,,,,,,,,,,,,,,,,,,,,
,,,,,,,,,,,,,,,,,,,,,,,,,,,,
,,,,,,,,,,,,,,,,,,,,,,,,,,,,
,,,,,,,,,,,,,,,,,,,,,,,,,,,,
,,,,,,,,,,,,,,,,,,,,,,,,,,,,
,,,,,,,,,,,,,,,,,,,,,,,,,,,,
,,,,,,,,,,,,,,,,,,,,,,,,,,,,
,,,,,,,,,,,,,,,,,,,,,,,,,,,,
,,,,,,,,,,,,,,,,,,,,,,,,,,,,
,,,,,,,,,,,,,,,,,,,,,,,,,,,,
,,,,,,,,,,,,,,,,,,,,,,,,,,,,
,,,,,,,,,,,,,,,,,,,,,,,,,,,,
,,,,,,,,,,,,,,,,,,,,,,,,,,,,
,,,,,,,,,,,,,,,,,,,,,,,,,,,,
,,,,,,,,,,,,,,,,,,,,,,,,,,,,
,,,,,,,,,,,,,,,,,,,,,,,,,,,,
,,,,,,,,,,,,,,,,,,,,,,,,,,,,
,,,,,,,,,,,,,,,,,,,,,,,,,,,,
,,,,,,,,,,,,,,,,,,,,,,,,,,,,
,,,,,,,,,,,,,,,,,,,,,,,,,,,,
,,,,,,,,,,,,,,,,,,,,,,,,,,,,
,,,,,,,,,,,,,,,,,,,,,,,,,,,,
,,,,,,,,,,,,,,,,,,,,,,,,,,,,
,,,,,,,,,,,,,,,,,,,,,,,,,,,,
,,,,,,,,,,,,,,,,,,,,,,,,,,,,
,,,,,,,,,,,,,,,,,,,,,,,,,,,,
,,,,,,,,,,,,,,,,,,,,,,,,,,,,
,,,,,,,,,,,,,,,,,,,,,,,,,,,,
,,,,,,,,,,,,,,,,,,,,,,,,,,,,
,,,,,,,,,,,,,,,,,,,,,,,,,,,,
,,,,,,,,,,,,,,,,,,,,,,,,,,,,
,,,,,,,,,,,,,,,,,,,,,,,,,,,,
,,,,,,,,,,,,,,,,,,,,,,,,,,,,
,,,,,,,,,,,,,,,,,,,,,,,,,,,,
,,,,,,,,,,,,,,,,,,,,,,,,,,,,
,,,,,,,,,,,,,,,,,,,,,,,,,,,,
,,,,,,,,,,,,,,,,,,,,,,,,,,,,
,,,,,,,,,,,,,,,,,,,,,,,,,,,,
,,,,,,,,,,,,,,,,,,,,,,,,,,,,
,,,,,,,,,,,,,,,,,,,,,,,,,,,,
,,,,,,,,,,,,,,,,,,,,,,,,,,,,
,,,,,,,,,,,,,,,,,,,,,,,,,,,,
,,,,,,,,,,,,,,,,,,,,,,,,,,,,
,,,,,,,,,,,,,,,,,,,,,,,,,,,,
,,,,,,,,,,,,,,,,,,,,,,,,,,,,
,,,,,,,,,,,,,,,,,,,,,,,,,,,,
,,,,,,,,,,,,,,,,,,,,,,,,,,,,
,,,,,,,,,,,,,,,,,,,,,,,,,,,,
,,,,,,,,,,,,,,,,,,,,,,,,,,,,
,,,,,,,,,,,,,,,,,,,,,,,,,,,,
,,,,,,,,,,,,,,,,,,,,,,,,,,,,
,,,,,,,,,,,,,,,,,,,,,,,,,,,,
,,,,,,,,,,,,,,,,,,,,,,,,,,,,
,,,,,,,,,,,,,,,,,,,,,,,,,,,,
,,,,,,,,,,,,,,,,,,,,,,,,,,,,
,,,,,,,,,,,,,,,,,,,,,,,,,,,,
,,,,,,,,,,,,,,,,,,,,,,,,,,,,
,,,,,,,,,,,,,,,,,,,,,,,,,,,,
,,,,,,,,,,,,,,,,,,,,,,,,,,,,
,,,,,,,,,,,,,,,,,,,,,,,,,,,,
,,,,,,,,,,,,,,,,,,,,,,,,,,,,
,,,,,,,,,,,,,,,,,,,,,,,,,,,,
,,,,,,,,,,,,,,,,,,,,,,,,,,,,
,,,,,,,,,,,,,,,,,,,,,,,,,,,,
,,,,,,,,,,,,,,,,,,,,,,,,,,,,
,,,,,,,,,,,,,,,,,,,,,,,,,,,,
,,,,,,,,,,,,,,,,,,,,,,,,,,,,
,,,,,,,,,,,,,,,,,,,,,,,,,,,,
,,,,,,,,,,,,,,,,,,,,,,,,,,,,
,,,,,,,,,,,,,,,,,,,,,,,,,,,,
,,,,,,,,,,,,,,,,,,,,,,,,,,,,
,,,,,,,,,,,,,,,,,,,,,,,,,,,,
,,,,,,,,,,,,,,,,,,,,,,,,,,,,
,,,,,,,,,,,,,,,,,,,,,,,,,,,,
,,,,,,,,,,,,,,,,,,,,,,,,,,,,
,,,,,,,,,,,,,,,,,,,,,,,,,,,,
,,,,,,,,,,,,,,,,,,,,,,,,,,,,
,,,,,,,,,,,,,,,,,,,,,,,,,,,,
,,,,,,,,,,,,,,,,,,,,,,,,,,,,
,,,,,,,,,,,,,,,,,,,,,,,,,,,,
,,,,,,,,,,,,,,,,,,,,,,,,,,,,
,,,,,,,,,,,,,,,,,,,,,,,,,,,,
,,,,,,,,,,,,,,,,,,,,,,,,,,,,
,,,,,,,,,,,,,,,,,,,,,,,,,,,,
,,,,,,,,,,,,,,,,,,,,,,,,,,,,
,,,,,,,,,,,,,,,,,,,,,,,,,,,,
,,,,,,,,,,,,,,,,,,,,,,,,,,,,
,,,,,,,,,,,,,,,,,,,,,,,,,,,,
,,,,,,,,,,,,,,,,,,,,,,,,,,,,
,,,,,,,,,,,,,,,,,,,,,,,,,,,,
,,,,,,,,,,,,,,,,,,,,,,,,,,,,
,,,,,,,,,,,,,,,,,,,,,,,,,,,,
,,,,,,,,,,,,,,,,,,,,,,,,,,,,
,,,,,,,,,,,,,,,,,,,,,,,,,,,,
,,,,,,,,,,,,,,,,,,,,,,,,,,,,
,,,,,,,,,,,,,,,,,,,,,,,,,,,,
,,,,,,,,,,,,,,,,,,,,,,,,,,,,
,,,,,,,,,,,,,,,,,,,,,,,,,,,,
,,,,,,,,,,,,,,,,,,,,,,,,,,,,
,,,,,,,,,,,,,,,,,,,,,,,,,,,,
,,,,,,,,,,,,,,,,,,,,,,,,,,,,
,,,,,,,,,,,,,,,,,,,,,,,,,,,,
,,,,,,,,,,,,,,,,,,,,,,,,,,,,
,,,,,,,,,,,,,,,,,,,,,,,,,,,,
,,,,,,,,,,,,,,,,,,,,,,,,,,,,
,,,,,,,,,,,,,,,,,,,,,,,,,,,,
,,,,,,,,,,,,,,,,,,,,,,,,,,,,
,,,,,,,,,,,,,,,,,,,,,,,,,,,,
,,,,,,,,,,,,,,,,,,,,,,,,,,,,
,,,,,,,,,,,,,,,,,,,,,,,,,,,,
,,,,,,,,,,,,,,,,,,,,,,,,,,,,
,,,,,,,,,,,,,,,,,,,,,,,,,,,,
,,,,,,,,,,,,,,,,,,,,,,,,,,,,
,,,,,,,,,,,,,,,,,,,,,,,,,,,,
,,,,,,,,,,,,,,,,,,,,,,,,,,,,
,,,,,,,,,,,,,,,,,,,,,,,,,,,,
,,,,,,,,,,,,,,,,,,,,,,,,,,,,
,,,,,,,,,,,,,,,,,,,,,,,,,,,,
,,,,,,,,,,,,,,,,,,,,,,,,,,,,
,,,,,,,,,,,,,,,,,,,,,,,,,,,,
,,,,,,,,,,,,,,,,,,,,,,,,,,,,
,,,,,,,,,,,,,,,,,,,,,,,,,,,,
,,,,,,,,,,,,,,,,,,,,,,,,,,,,
,,,,,,,,,,,,,,,,,,,,,,,,,,,,
,,,,,,,,,,,,,,,,,,,,,,,,,,,,
,,,,,,,,,,,,,,,,,,,,,,,,,,,,
,,,,,,,,,,,,,,,,,,,,,,,,,,,,
,,,,,,,,,,,,,,,,,,,,,,,,,,,,
,,,,,,,,,,,,,,,,,,,,,,,,,,,,
,,,,,,,,,,,,,,,,,,,,,,,,,,,,
,,,,,,,,,,,,,,,,,,,,,,,,,,,,
,,,,,,,,,,,,,,,,,,,,,,,,,,,,
,,,,,,,,,,,,,,,,,,,,,,,,,,,,
,,,,,,,,,,,,,,,,,,,,,,,,,,,,
,,,,,,,,,,,,,,,,,,,,,,,,,,,,
,,,,,,,,,,,,,,,,,,,,,,,,,,,,
,,,,,,,,,,,,,,,,,,,,,,,,,,,,
,,,,,,,,,,,,,,,,,,,,,,,,,,,,
,,,,,,,,,,,,,,,,,,,,,,,,,,,,
,,,,,,,,,,,,,,,,,,,,,,,,,,,,
,,,,,,,,,,,,,,,,,,,,,,,,,,,,
,,,,,,,,,,,,,,,,,,,,,,,,,,,,
,,,,,,,,,,,,,,,,,,,,,,,,,,,,
,,,,,,,,,,,,,,,,,,,,,,,,,,,,
,,,,,,,,,,,,,,,,,,,,,,,,,,,,
,,,,,,,,,,,,,,,,,,,,,,,,,,,,
,,,,,,,,,,,,,,,,,,,,,,,,,,,,
,,,,,,,,,,,,,,,,,,,,,,,,,,,,
,,,,,,,,,,,,,,,,,,,,,,,,,,,,
,,,,,,,,,,,,,,,,,,,,,,,,,,,,
,,,,,,,,,,,,,,,,,,,,,,,,,,,,
,,,,,,,,,,,,,,,,,,,,,,,,,,,,
,,,,,,,,,,,,,,,,,,,,,,,,,,,,
,,,,,,,,,,,,,,,,,,,,,,,,,,,,
,,,,,,,,,,,,,,,,,,,,,,,,,,,,
,,,,,,,,,,,,,,,,,,,,,,,,,,,,
,,,,,,,,,,,,,,,,,,,,,,,,,,,,
,,,,,,,,,,,,,,,,,,,,,,,,,,,,
,,,,,,,,,,,,,,,,,,,,,,,,,,,,
,,,,,,,,,,,,,,,,,,,,,,,,,,,,
,,,,,,,,,,,,,,,,,,,,,,,,,,,,
,,,,,,,,,,,,,,,,,,,,,,,,,,,,
,,,,,,,,,,,,,,,,,,,,,,,,,,,,
,,,,,,,,,,,,,,,,,,,,,,,,,,,,
,,,,,,,,,,,,,,,,,,,,,,,,,,,,
,,,,,,,,,,,,,,,,,,,,,,,,,,,,
,,,,,,,,,,,,,,,,,,,,,,,,,,,,
,,,,,,,,,,,,,,,,,,,,,,,,,,,,
,,,,,,,,,,,,,,,,,,,,,,,,,,,,
,,,,,,,,,,,,,,,,,,,,,,,,,,,,
,,,,,,,,,,,,,,,,,,,,,,,,,,,,
,,,,,,,,,,,,,,,,,,,,,,,,,,,,
,,,,,,,,,,,,,,,,,,,,,,,,,,,,
,,,,,,,,,,,,,,,,,,,,,,,,,,,,
,,,,,,,,,,,,,,,,,,,,,,,,,,,,
,,,,,,,,,,,,,,,,,,,,,,,,,,,,
,,,,,,,,,,,,,,,,,,,,,,,,,,,,
,,,,,,,,,,,,,,,,,,,,,,,,,,,,
,,,,,,,,,,,,,,,,,,,,,,,,,,,,
,,,,,,,,,,,,,,,,,,,,,,,,,,,,
,,,,,,,,,,,,,,,,,,,,,,,,,,,,
,,,,,,,,,,,,,,,,,,,,,,,,,,,,
,,,,,,,,,,,,,,,,,,,,,,,,,,,,
,,,,,,,,,,,,,,,,,,,,,,,,,,,,
,,,,,,,,,,,,,,,,,,,,,,,,,,,,
,,,,,,,,,,,,,,,,,,,,,,,,,,,,
,,,,,,,,,,,,,,,,,,,,,,,,,,,,
,,,,,,,,,,,,,,,,,,,,,,,,,,,,
,,,,,,,,,,,,,,,,,,,,,,,,,,,,
,,,,,,,,,,,,,,,,,,,,,,,,,,,,
,,,,,,,,,,,,,,,,,,,,,,,,,,,,
,,,,,,,,,,,,,,,,,,,,,,,,,,,,
,,,,,,,,,,,,,,,,,,,,,,,,,,,,
,,,,,,,,,,,,,,,,,,,,,,,,,,,,
,,,,,,,,,,,,,,,,,,,,,,,,,,,,
,,,,,,,,,,,,,,,,,,,,,,,,,,,,
,,,,,,,,,,,,,,,,,,,,,,,,,,,,
,,,,,,,,,,,,,,,,,,,,,,,,,,,,
,,,,,,,,,,,,,,,,,,,,,,,,,,,,
,,,,,,,,,,,,,,,,,,,,,,,,,,,,
,,,,,,,,,,,,,,,,,,,,,,,,,,,,
,,,,,,,,,,,,,,,,,,,,,,,,,,,,
,,,,,,,,,,,,,,,,,,,,,,,,,,,,
,,,,,,,,,,,,,,,,,,,,,,,,,,,,
,,,,,,,,,,,,,,,,,,,,,,,,,,,,
,,,,,,,,,,,,,,,,,,,,,,,,,,,,
,,,,,,,,,,,,,,,,,,,,,,,,,,,,
,,,,,,,,,,,,,,,,,,,,,,,,,,,,
,,,,,,,,,,,,,,,,,,,,,,,,,,,,
,,,,,,,,,,,,,,,,,,,,,,,,,,,,
,,,,,,,,,,,,,,,,,,,,,,,,,,,,
,,,,,,,,,,,,,,,,,,,,,,,,,,,,
,,,,,,,,,,,,,,,,,,,,,,,,,,,,
,,,,,,,,,,,,,,,,,,,,,,,,,,,,
,,,,,,,,,,,,,,,,,,,,,,,,,,,,
,,,,,,,,,,,,,,,,,,,,,,,,,,,,
,,,,,,,,,,,,,,,,,,,,,,,,,,,,
,,,,,,,,,,,,,,,,,,,,,,,,,,,,
,,,,,,,,,,,,,,,,,,,,,,,,,,,,
,,,,,,,,,,,,,,,,,,,,,,,,,,,,
,,,,,,,,,,,,,,,,,,,,,,,,,,,,
,,,,,,,,,,,,,,,,,,,,,,,,,,,,
,,,,,,,,,,,,,,,,,,,,,,,,,,,,
,,,,,,,,,,,,,,,,,,,,,,,,,,,,
,,,,,,,,,,,,,,,,,,,,,,,,,,,,
,,,,,,,,,,,,,,,,,,,,,,,,,,,,
,,,,,,,,,,,,,,,,,,,,,,,,,,,,
,,,,,,,,,,,,,,,,,,,,,,,,,,,,
,,,,,,,,,,,,,,,,,,,,,,,,,,,,
,,,,,,,,,,,,,,,,,,,,,,,,,,,,
,,,,,,,,,,,,,,,,,,,,,,,,,,,,
,,,,,,,,,,,,,,,,,,,,,,,,,,,,
,,,,,,,,,,,,,,,,,,,,,,,,,,,,
,,,,,,,,,,,,,,,,,,,,,,,,,,,,
,,,,,,,,,,,,,,,,,,,,,,,,,,,,
,,,,,,,,,,,,,,,,,,,,,,,,,,,,
,,,,,,,,,,,,,,,,,,,,,,,,,,,,
,,,,,,,,,,,,,,,,,,,,,,,,,,,,
,,,,,,,,,,,,,,,,,,,,,,,,,,,,
,,,,,,,,,,,,,,,,,,,,,,,,,,,,
,,,,,,,,,,,,,,,,,,,,,,,,,,,,
,,,,,,,,,,,,,,,,,,,,,,,,,,,,
,,,,,,,,,,,,,,,,,,,,,,,,,,,,
,,,,,,,,,,,,,,,,,,,,,,,,,,,,
,,,,,,,,,,,,,,,,,,,,,,,,,,,,
,,,,,,,,,,,,,,,,,,,,,,,,,,,,
,,,,,,,,,,,,,,,,,,,,,,,,,,,,
,,,,,,,,,,,,,,,,,,,,,,,,,,,,
,,,,,,,,,,,,,,,,,,,,,,,,,,,,
,,,,,,,,,,,,,,,,,,,,,,,,,,,,
,,,,,,,,,,,,,,,,,,,,,,,,,,,,
,,,,,,,,,,,,,,,,,,,,,,,,,,,,
,,,,,,,,,,,,,,,,,,,,,,,,,,,,
,,,,,,,,,,,,,,,,,,,,,,,,,,,,
,,,,,,,,,,,,,,,,,,,,,,,,,,,,
,,,,,,,,,,,,,,,,,,,,,,,,,,,,
,,,,,,,,,,,,,,,,,,,,,,,,,,,,
,,,,,,,,,,,,,,,,,,,,,,,,,,,,
,,,,,,,,,,,,,,,,,,,,,,,,,,,,
