Province,Wetland,Site,Soil depth,"TN 
(g kg-1)","LOC 
(g kg-1)","MBC 
(mg kg-1)","DOC
(mg kg-1)","TP
(g kg-1)",C:N ,pH,"EC
(μS cm-1)",Soil water content (%),"Bulk density
(g cm-3)","Clay 
(%)","Silt
(%)","Sand 
(%)","Λ8
(g kg-1 OC)",S/V,C/V,(Ad/Al)v,(Ad/Al)s,
Liaoning ,Liao River Delta,1 ,0—10,2.65 ,7.90 ,263.91 ,71.30 ,0.80 ,8.14 ,9.45 ,407 ,44.33 ,1.13 ,12.64 ,76.52 ,10.84 ,11.62 ,1.35 ,0.89 ,0.35 ,0.33 ,
Liaoning ,Liao River Delta,1 ,10—20,1.31 ,3.78 ,124.10 ,156.01 ,0.63 ,8.62 ,9.74 ,561 ,34.35 ,1.28 ,8.62 ,75.56 ,15.82 ,3.64 ,0.93 ,0.41 ,0.32 ,0.30 ,
Liaoning ,Liao River Delta,1 ,20—30,1.44 ,3.42 ,118.95 ,164.02 ,0.57 ,7.68 ,9.57 ,648 ,45.21 ,1.14 ,11.09 ,78.30 ,10.60 ,2.70 ,0.97 ,0.43 ,0.31 ,0.30 ,
Liaoning ,Liao River Delta,1 ,30—40,1.37 ,3.33 ,117.16 ,206.66 ,0.61 ,7.28 ,8.69 ,1761 ,34.33 ,1.34 ,12.35 ,83.41 ,4.24 ,2.25 ,0.98 ,0.39 ,0.41 ,0.38 ,
Liaoning ,Liao River Delta,1 ,40—60,1.37 ,4.19 ,nd,59.61 ,0.60 ,7.33 ,8.14 ,1972 ,17.78 ,1.32 ,7.57 ,67.95 ,24.47 ,5.68 ,1.19 ,0.72 ,0.45 ,0.38 ,
Liaoning ,Liao River Delta,1 ,60—80,1.59 ,4.79 ,nd,49.22 ,0.60 ,7.96 ,8.21 ,1945 ,20.78 ,1.23 ,9.85 ,64.71 ,25.44 ,7.24 ,1.25 ,0.70 ,0.50 ,0.43 ,
Liaoning ,Liao River Delta,1 ,80—100,1.68 ,5.12 ,nd,71.13 ,0.77 ,7.07 ,7.99 ,2081 ,21.60 ,1.25 ,7.65 ,67.40 ,24.91 ,9.35 ,1.28 ,0.74 ,0.54 ,0.44 ,
Liaoning ,Liao River Delta,2 ,0—10,0.87 ,3.33 ,157.72 ,43.01 ,0.50 ,7.30 ,9.66 ,480 ,33.57 ,1.29 ,16.96 ,42.55 ,41.50 ,10.96 ,1.37 ,0.38 ,0.28 ,0.25 ,
Liaoning ,Liao River Delta,2 ,10—20,1.35 ,4.79 ,117.16 ,59.06 ,0.54 ,7.46 ,9.35 ,503 ,34.84 ,1.32 ,16.53 ,72.68 ,10.84 ,13.48 ,1.14 ,0.34 ,0.27 ,0.24 ,
Liaoning ,Liao River Delta,2 ,20—30,1.09 ,3.72 ,322.68 ,164.02 ,0.70 ,10.60 ,9.67 ,786 ,34.12 ,1.37 ,4.31 ,59.64 ,36.09 ,4.67 ,1.41 ,1.69 ,0.29 ,0.26 ,
Liaoning ,Liao River Delta,2 ,30—40,1.18 ,5.79 ,430.01 ,169.85 ,0.66 ,8.41 ,9.42 ,865 ,37.02 ,1.27 ,2.66 ,25.98 ,71.93 ,3.76 ,1.23 ,0.59 ,0.28 ,0.28 ,
Liaoning ,Liao River Delta,2 ,40—60,nd,nd,nd,nd,nd,nd,nd,nd,35.80 ,1.23 ,nd,nd,nd,nd,nd,nd,nd,nd,
Liaoning ,Liao River Delta,2 ,60—80,nd,nd,nd,nd,nd,nd,nd,nd,34.11 ,1.31 ,nd,nd,nd,nd,nd,nd,nd,nd,
Liaoning ,Liao River Delta,2 ,80—100,nd,nd,nd,nd,nd,nd,nd,nd,37.81 ,1.28 ,nd,nd,nd,nd,nd,nd,nd,nd,
Liaoning ,Liao River Delta,3 ,0—10,1.05 ,3.45 ,294.21 ,65.03 ,0.55 ,10.17 ,8.96 ,570 ,37.33 ,1.41 ,6.08 ,39.31 ,51.57 ,5.53 ,1.24 ,0.64 ,0.35 ,0.32 ,
Liaoning ,Liao River Delta,3 ,10—20,1.05 ,3.47 ,154.19 ,88.39 ,0.61 ,8.78 ,9.63 ,460 ,34.12 ,1.37 ,20.73 ,65.18 ,14.51 ,7.77 ,1.38 ,1.09 ,0.31 ,0.29 ,
Liaoning ,Liao River Delta,3 ,20—30,1.01 ,2.99 ,515.51 ,142.80 ,0.46 ,9.80 ,9.44 ,338 ,39.24 ,1.27 ,8.58 ,41.30 ,51.57 ,5.94 ,1.05 ,0.46 ,0.35 ,0.33 ,
Liaoning ,Liao River Delta,3 ,30—40,0.61 ,2.46 ,174.92 ,176.36 ,0.55 ,11.26 ,9.01 ,832 ,36.26 ,1.30 ,5.05 ,40.26 ,55.48 ,10.05 ,1.24 ,1.23 ,0.35 ,0.25 ,
Liaoning ,Liao River Delta,3 ,40—60,nd,nd,nd,nd,nd,nd,nd,nd,26.96 ,1.34 ,nd,nd,nd,nd,nd,nd,nd,nd,
Liaoning ,Liao River Delta,3 ,60—80,nd,nd,nd,nd,nd,nd,nd,nd,31.48 ,1.35 ,nd,nd,nd,nd,nd,nd,nd,nd,
Liaoning ,Liao River Delta,3 ,80—100,nd,nd,nd,nd,nd,nd,nd,nd,28.41 ,1.34 ,nd,nd,nd,nd,nd,nd,nd,nd,
Liaoning ,Liao River Delta,4 ,0—10,1.30 ,3.84 ,102.23 ,89.28 ,0.62 ,8.08 ,8.45 ,264 ,30.80 ,1.13 ,7.36 ,57.00 ,35.65 ,19.50 ,1.91 ,1.67 ,0.39 ,0.33 ,
Liaoning ,Liao River Delta,4 ,10—20,1.34 ,4.07 ,391.86 ,108.62 ,0.54 ,9.53 ,8.18 ,196 ,25.25 ,1.20 ,9.35 ,59.68 ,30.98 ,11.43 ,1.60 ,1.09 ,0.36 ,0.31 ,
Liaoning ,Liao River Delta,4 ,20—30,1.11 ,2.97 ,38.95 ,117.40 ,0.52 ,8.08 ,8.41 ,255 ,29.84 ,1.39 ,6.91 ,54.12 ,38.96 ,9.17 ,1.49 ,0.92 ,0.35 ,0.35 ,
Liaoning ,Liao River Delta,4 ,30—40,0.85 ,2.11 ,149.31 ,103.10 ,0.47 ,8.62 ,8.52 ,184 ,22.60 ,1.59 ,6.08 ,53.36 ,40.58 ,7.95 ,1.27 ,0.71 ,0.35 ,0.35 ,
Liaoning ,Liao River Delta,4 ,40—60,0.70 ,1.88 ,nd,75.06 ,0.45 ,8.24 ,8.88 ,283 ,18.94 ,1.53 ,5.08 ,38.52 ,56.40 ,9.65 ,1.33 ,0.84 ,0.35 ,0.34 ,
Liaoning ,Liao River Delta,4 ,60—80,0.64 ,1.43 ,nd,92.16 ,0.44 ,7.39 ,9.25 ,316 ,19.65 ,1.61 ,6.30 ,43.78 ,49.91 ,8.13 ,1.25 ,0.87 ,0.36 ,0.37 ,
Liaoning ,Liao River Delta,4 ,80—100,0.63 ,1.73 ,nd,127.55 ,0.45 ,9.17 ,9.32 ,381 ,19.06 ,1.53 ,6.18 ,49.74 ,44.08 ,8.11 ,1.33 ,0.90 ,0.37 ,0.40 ,
Liaoning ,Liao River Delta,5 ,0—10,0.80 ,2.11 ,123.74 ,149.24 ,0.39 ,7.75 ,9.61 ,568 ,28.96 ,1.42 ,7.56 ,59.68 ,32.37 ,4.63 ,0.65 ,1.02 ,0.49 ,0.35 ,
Liaoning ,Liao River Delta,5 ,10—20,0.97 ,2.12 ,67.28 ,201.15 ,0.44 ,5.23 ,9.46 ,1012 ,23.38 ,1.74 ,3.07 ,60.69 ,36.06 ,3.64 ,0.65 ,0.64 ,0.35 ,0.28 ,
Liaoning ,Liao River Delta,5 ,20—30,0.49 ,2.00 ,154.19 ,66.40 ,0.46 ,12.31 ,9.21 ,1396 ,23.43 ,1.71 ,20.73 ,55.34 ,24.34 ,8.45 ,0.98 ,0.51 ,0.36 ,0.29 ,
Liaoning ,Liao River Delta,5 ,30—40,0.93 ,2.20 ,51.68 ,136.54 ,0.45 ,5.69 ,9.06 ,1680 ,25.54 ,1.60 ,3.05 ,65.34 ,31.99 ,4.22 ,0.65 ,0.64 ,0.36 ,0.29 ,
Liaoning ,Liao River Delta,5 ,40—60,nd,nd,nd,nd,nd,nd,nd,nd,25.66 ,1.63 ,nd,nd,nd,nd,nd,nd,nd,nd,
Liaoning ,Liao River Delta,5 ,60—80,nd,nd,nd,nd,nd,nd,nd,nd,25.17 ,1.61 ,nd,nd,nd,nd,nd,nd,nd,nd,
Liaoning ,Liao River Delta,5 ,80—100,nd,nd,nd,nd,nd,nd,nd,nd,19.46 ,1.53 ,nd,nd,nd,nd,nd,nd,nd,nd,
Liaoning ,Liao River Delta,6 ,0—10,0.95 ,2.44 ,131.22 ,44.77 ,0.42 ,7.34 ,9.42 ,466 ,29.68 ,1.46 ,13.65 ,56.18 ,30.60 ,3.60 ,1.35 ,0.72 ,0.35 ,0.33 ,
Liaoning ,Liao River Delta,6 ,10—20,1.39 ,4.36 ,405.14 ,136.97 ,0.52 ,9.20 ,9.08 ,417 ,34.54 ,1.23 ,18.88 ,71.58 ,10.60 ,4.27 ,1.37 ,0.64 ,0.35 ,0.26 ,
Liaoning ,Liao River Delta,6 ,20—30,1.05 ,3.33 ,23.62 ,92.14 ,0.43 ,8.30 ,8.82 ,457 ,20.73 ,1.75 ,19.76 ,72.68 ,7.94 ,8.45 ,1.14 ,0.55 ,0.36 ,0.24 ,
Liaoning ,Liao River Delta,6 ,30—40,1.14 ,2.12 ,160.21 ,136.54 ,0.45 ,8.35 ,8.80 ,416 ,30.87 ,1.34 ,6.34 ,58.16 ,36.06 ,3.88 ,1.36 ,0.87 ,0.36 ,0.29 ,
Liaoning ,Liao River Delta,6 ,40—60,nd,nd,nd,nd,nd,nd,nd,nd,32.64 ,1.38 ,nd,nd,nd,nd,nd,nd,nd,nd,
Liaoning ,Liao River Delta,6 ,60—80,nd,nd,nd,nd,nd,nd,nd,nd,31.48 ,1.31 ,nd,nd,nd,nd,nd,nd,nd,nd,
Liaoning ,Liao River Delta,6 ,80—100,nd,nd,nd,nd,nd,nd,nd,nd,28.60 ,1.37 ,nd,nd,nd,nd,nd,nd,nd,nd,
Liaoning ,Liao River Delta,7 ,0—10,3.72 ,14.87 ,439.44 ,142.80 ,0.76 ,9.86 ,7.71 ,2003 ,23.16 ,0.81 ,8.47 ,61.21 ,30.32 ,22.02 ,1.82 ,1.49 ,0.36 ,0.36 ,
Liaoning ,Liao River Delta,7 ,10—20,2.07 ,7.08 ,417.15 ,201.15 ,0.60 ,8.12 ,8.45 ,1915 ,24.11 ,1.12 ,13.15 ,64.85 ,21.99 ,20.04 ,1.76 ,1.24 ,0.49 ,0.44 ,
Liaoning ,Liao River Delta,7 ,20—30,1.56 ,5.87 ,69.90 ,166.18 ,0.55 ,9.12 ,8.72 ,1235 ,25.15 ,1.18 ,11.61 ,66.75 ,21.62 ,5.03 ,1.41 ,1.16 ,0.46 ,0.40 ,
Liaoning ,Liao River Delta,7 ,30—40,1.26 ,4.63 ,117.51 ,169.85 ,0.61 ,7.90 ,8.28 ,1690 ,24.01 ,1.32 ,9.93 ,77.91 ,12.17 ,12.77 ,1.52 ,1.68 ,0.37 ,0.33 ,
Liaoning ,Liao River Delta,7 ,40—60,1.53 ,4.33 ,nd,96.65 ,0.60 ,6.27 ,8.48 ,1685 ,25.35 ,1.34 ,7.63 ,69.32 ,23.05 ,8.19 ,1.50 ,1.48 ,0.37 ,0.36 ,
Liaoning ,Liao River Delta,7 ,60—80,1.12 ,3.99 ,nd,87.66 ,0.59 ,8.34 ,8.47 ,1802 ,22.32 ,1.35 ,8.62 ,64.61 ,26.76 ,8.80 ,1.45 ,1.48 ,0.39 ,0.37 ,
Liaoning ,Liao River Delta,7 ,80—100,1.09 ,4.17 ,nd,76.24 ,0.57 ,6.88 ,8.52 ,1661 ,26.24 ,1.43 ,8.59 ,72.81 ,18.55 ,16.39 ,1.55 ,1.21 ,0.48 ,0.45 ,
Tianjin, Duliujian River ,1 ,0—10,1.44 ,4.94 ,174.92 ,132.21 ,0.66 ,8.74 ,8.68 ,1383 ,32.96 ,1.44 ,11.70 ,64.73 ,23.56 ,11.57 ,1.32 ,1.49 ,0.43 ,0.37 ,
Tianjin, Duliujian River ,1 ,10—20,1.09 ,2.46 ,106.85 ,86.50 ,0.65 ,6.73 ,8.64 ,2109 ,24.72 ,1.54 ,11.66 ,63.98 ,24.34 ,7.99 ,1.29 ,1.14 ,0.53 ,0.37 ,
Tianjin, Duliujian River ,1 ,20—30,0.93 ,2.46 ,100.72 ,82.94 ,0.66 ,7.76 ,8.72 ,1796 ,28.01 ,1.51 ,9.04 ,54.90 ,36.05 ,6.89 ,1.33 ,1.23 ,0.52 ,0.35 ,
Tianjin, Duliujian River ,1 ,30—40,0.99 ,3.20 ,88.86 ,83.28 ,0.71 ,8.04 ,8.92 ,1706 ,30.87 ,1.33 ,10.20 ,60.73 ,29.07 ,3.50 ,1.44 ,1.05 ,0.58 ,0.37 ,
Tianjin, Duliujian River ,1 ,40—60,1.04 ,nd,100.84 ,66.95 ,0.66 ,7.31 ,9.29 ,1925 ,34.32 ,1.55 ,10.11 ,69.93 ,19.96 ,2.90 ,1.39 ,1.04 ,0.51 ,0.29 ,
Tianjin, Duliujian River ,1 ,60—80,0.65 ,nd,30.35 ,45.05 ,0.72 ,6.90 ,9.50 ,1980 ,32.01 ,1.66 ,12.15 ,68.19 ,19.69 ,3.89 ,1.18 ,0.70 ,0.53 ,0.25 ,
Tianjin, Duliujian River ,1 ,80—100,0.44 ,nd,19.44 ,27.67 ,0.70 ,9.21 ,9.45 ,2029 ,31.99 ,1.68 ,14.33 ,66.95 ,18.70 ,3.30 ,1.15 ,0.67 ,0.50 ,0.19 ,
Tianjin, Duliujian River ,2 ,0—10,1.26 ,4.71 ,137.39 ,110.17 ,0.75 ,7.80 ,8.60 ,2502 ,28.47 ,1.68 ,13.87 ,58.55 ,27.57 ,12.53 ,1.44 ,1.82 ,0.45 ,0.33 ,
Tianjin, Duliujian River ,2 ,10—20,1.05 ,4.00 ,154.19 ,99.26 ,0.75 ,6.50 ,8.45 ,2875 ,34.42 ,1.43 ,7.97 ,42.55 ,49.48 ,9.43 ,1.21 ,1.31 ,0.47 ,0.25 ,
Tianjin, Duliujian River ,2 ,20—30,1.25 ,4.94 ,121.72 ,106.82 ,0.72 ,7.60 ,8.52 ,2921 ,34.81 ,1.40 ,6.02 ,47.29 ,46.69 ,9.11 ,1.22 ,1.37 ,0.49 ,0.27 ,
Tianjin, Duliujian River ,2 ,30—40,1.18 ,4.49 ,102.23 ,99.79 ,0.76 ,8.27 ,8.50 ,2900 ,34.00 ,1.46 ,6.40 ,45.86 ,47.70 ,7.76 ,1.30 ,1.39 ,0.52 ,0.35 ,
Tianjin, Duliujian River ,2 ,40—60,0.84 ,3.10 ,84.11 ,74.53 ,0.80 ,8.19 ,9.19 ,2226 ,34.11 ,1.57 ,8.34 ,62.51 ,29.17 ,12.37 ,1.59 ,1.55 ,0.43 ,0.29 ,
Tianjin, Duliujian River ,2 ,60—80,0.71 ,2.56 ,35.77 ,61.18 ,0.75 ,6.66 ,9.22 ,2450 ,32.36 ,1.65 ,12.84 ,68.32 ,18.84 ,7.20 ,1.14 ,1.42 ,0.55 ,0.25 ,
Tianjin, Duliujian River ,2 ,80—100,0.50 ,1.88 ,10.80 ,28.85 ,0.70 ,7.21 ,9.29 ,2019 ,30.26 ,1.69 ,12.49 ,70.75 ,16.77 ,6.40 ,1.05 ,1.04 ,0.59 ,0.34 ,
Tianjin, Duliujian River ,3 ,0—10,1.30 ,5.87 ,149.31 ,89.49 ,0.77 ,7.17 ,8.31 ,2664 ,34.54 ,1.41 ,10.90 ,60.51 ,28.60 ,11.53 ,1.70 ,1.96 ,0.49 ,0.36 ,
Tianjin, Duliujian River ,3 ,10—20,1.18 ,4.94 ,167.51 ,109.09 ,0.66 ,8.84 ,8.40 ,2432 ,32.86 ,1.52 ,9.03 ,55.58 ,35.40 ,5.95 ,1.55 ,1.69 ,0.51 ,0.34 ,
Tianjin, Duliujian River ,3 ,20—30,1.30 ,4.36 ,153.68 ,95.75 ,0.75 ,7.30 ,8.40 ,2991 ,27.25 ,1.60 ,10.47 ,48.05 ,41.50 ,6.73 ,1.60 ,1.56 ,0.52 ,0.34 ,
Tianjin, Duliujian River ,3 ,30—40,1.32 ,5.37 ,117.16 ,98.19 ,0.73 ,7.09 ,8.38 ,2991 ,34.65 ,1.46 ,8.57 ,55.34 ,36.09 ,5.37 ,1.46 ,1.70 ,0.47 ,0.29 ,
Tianjin, Duliujian River ,3 ,40—60,1.26 ,nd,138.05 ,104.42 ,0.72 ,7.32 ,8.66 ,2982 ,34.93 ,1.48 ,8.59 ,54.56 ,36.85 ,5.02 ,1.56 ,1.47 ,0.56 ,0.37 ,
Tianjin, Duliujian River ,3 ,60—80,1.68 ,nd,196.54 ,135.89 ,0.79 ,7.01 ,8.68 ,2890 ,33.15 ,1.39 ,8.78 ,48.65 ,42.56 ,8.57 ,1.62 ,1.31 ,0.65 ,0.43 ,
Tianjin, Duliujian River ,3 ,80—100,1.80 ,nd,212.58 ,121.65 ,0.71 ,6.94 ,8.60 ,3304 ,39.77 ,1.36 ,9.55 ,48.93 ,41.53 ,10.43 ,1.66 ,1.33 ,0.58 ,0.41 ,
Tianjin, Duliujian River ,4 ,0—10,0.89 ,3.47 ,118.95 ,64.45 ,0.70 ,8.67 ,8.84 ,1162 ,26.15 ,1.53 ,11.89 ,62.39 ,25.69 ,7.91 ,1.54 ,0.80 ,0.42 ,0.30 ,
Tianjin, Duliujian River ,4 ,10—20,0.80 ,3.47 ,44.65 ,41.98 ,0.80 ,7.59 ,8.70 ,1376 ,21.30 ,1.73 ,12.70 ,59.48 ,27.82 ,6.10 ,1.35 ,0.78 ,0.59 ,0.33 ,
Tianjin, Duliujian River ,4 ,20—30,0.73 ,3.45 ,48.51 ,36.24 ,0.89 ,8.34 ,8.75 ,1719 ,23.61 ,1.73 ,12.14 ,63.94 ,23.91 ,5.90 ,1.37 ,0.78 ,0.63 ,0.39 ,
Tianjin, Duliujian River ,4 ,30—40,0.73 ,3.45 ,25.61 ,33.57 ,0.73 ,5.20 ,8.63 ,1706 ,23.06 ,1.68 ,12.95 ,61.77 ,25.28 ,6.26 ,1.14 ,0.72 ,0.72 ,0.34 ,
Tianjin, Duliujian River ,4 ,40—60,0.74 ,nd,12.94 ,44.30 ,0.74 ,5.06 ,9.02 ,1951 ,25.69 ,1.69 ,10.88 ,61.75 ,27.33 ,9.70 ,1.30 ,0.97 ,0.63 ,0.39 ,
Tianjin, Duliujian River ,4 ,60—80,0.73 ,nd,66.64 ,32.74 ,0.70 ,8.33 ,9.20 ,1886 ,28.71 ,1.60 ,13.51 ,64.82 ,21.65 ,5.20 ,1.19 ,0.84 ,0.57 ,0.33 ,
Tianjin, Duliujian River ,4 ,80—100,0.78 ,nd,37.77 ,62.06 ,0.66 ,6.19 ,9.17 ,1840 ,30.35 ,1.65 ,11.14 ,63.39 ,25.52 ,13.69 ,1.47 ,1.11 ,0.50 ,0.32 ,
Tianjin, Duliujian River ,5 ,0—10,1.13 ,4.71 ,157.72 ,90.45 ,0.62 ,10.13 ,8.39 ,2184 ,37.12 ,1.34 ,11.59 ,65.46 ,22.94 ,10.88 ,1.59 ,1.69 ,0.46 ,0.39 ,
Tianjin, Duliujian River ,5 ,10—20,0.87 ,3.72 ,131.22 ,74.99 ,0.63 ,9.22 ,8.59 ,2007 ,32.52 ,1.52 ,7.37 ,60.69 ,31.99 ,10.50 ,1.29 ,1.27 ,0.51 ,0.35 ,
Tianjin, Duliujian River ,5 ,20—30,0.66 ,2.32 ,79.04 ,52.06 ,0.62 ,9.08 ,8.63 ,1773 ,28.29 ,1.49 ,8.45 ,47.49 ,44.06 ,7.72 ,1.17 ,0.97 ,0.59 ,0.35 ,
Tianjin, Duliujian River ,5 ,30—40,0.73 ,2.44 ,35.62 ,46.71 ,0.63 ,7.41 ,8.56 ,1956 ,26.57 ,1.62 ,7.28 ,50.15 ,42.56 ,8.45 ,1.11 ,1.02 ,0.55 ,0.22 ,
Tianjin, Duliujian River ,5 ,40—60,0.65 ,2.24 ,57.42 ,37.57 ,0.66 ,8.69 ,8.98 ,2049 ,26.14 ,1.62 ,8.33 ,49.45 ,42.23 ,6.77 ,1.10 ,0.78 ,0.55 ,0.24 ,
Tianjin, Duliujian River ,5 ,60—80,0.70 ,2.48 ,63.90 ,39.63 ,0.61 ,8.59 ,8.94 ,2394 ,26.48 ,1.61 ,8.67 ,50.01 ,41.31 ,11.75 ,1.31 ,0.95 ,0.44 ,0.31 ,
Tianjin, Duliujian River ,5 ,80—100,0.60 ,2.55 ,45.99 ,44.45 ,0.63 ,8.65 ,9.02 ,2536 ,25.65 ,1.64 ,8.73 ,49.07 ,42.21 ,7.77 ,1.19 ,0.59 ,0.50 ,0.33 ,
Tianjin, Duliujian River ,6 ,0—10,0.67 ,4.05 ,52.51 ,37.83 ,0.65 ,6.35 ,8.31 ,6114 ,26.60 ,1.56 ,7.41 ,37.98 ,54.61 ,3.96 ,1.19 ,0.41 ,0.62 ,0.29 ,
Tianjin, Duliujian River ,6 ,10—20,0.45 ,2.39 ,23.62 ,28.31 ,0.61 ,8.26 ,8.78 ,4361 ,22.57 ,1.75 ,8.54 ,41.26 ,50.20 ,3.77 ,0.67 ,0.27 ,0.56 ,0.33 ,
Tianjin, Duliujian River ,6 ,20—30,0.40 ,2.56 ,24.47 ,23.17 ,0.62 ,9.54 ,8.49 ,4612 ,20.27 ,1.77 ,7.66 ,41.30 ,51.05 ,4.75 ,0.90 ,0.27 ,0.64 ,0.21 ,
Tianjin, Duliujian River ,6 ,30—40,0.57 ,3.45 ,41.88 ,27.46 ,0.63 ,6.65 ,8.51 ,4372 ,20.78 ,1.69 ,7.62 ,40.78 ,51.57 ,5.94 ,1.06 ,0.34 ,0.51 ,0.23 ,
Tianjin, Duliujian River ,6 ,40—60,0.47 ,nd,14.03 ,32.56 ,0.64 ,8.01 ,8.99 ,4026 ,20.97 ,1.69 ,6.30 ,42.01 ,51.68 ,6.75 ,1.09 ,0.36 ,0.53 ,0.28 ,
Tianjin, Duliujian River ,6 ,60—80,0.88 ,nd,68.02 ,60.39 ,0.65 ,6.99 ,8.97 ,4108 ,24.44 ,1.60 ,7.98 ,43.66 ,48.35 ,7.31 ,1.16 ,0.40 ,0.36 ,0.27 ,
Tianjin, Duliujian River ,6 ,80—100,0.65 ,nd,38.79 ,50.65 ,0.66 ,7.45 ,9.06 ,3686 ,24.68 ,1.65 ,8.00 ,41.38 ,50.62 ,7.11 ,1.09 ,0.36 ,0.43 ,0.20 ,
Tianjin, Duliujian River ,7 ,0—10,0.65 ,2.20 ,39.02 ,41.73 ,0.68 ,7.67 ,8.55 ,3975 ,22.51 ,1.57 ,10.38 ,51.61 ,38.01 ,6.79 ,1.27 ,0.58 ,0.50 ,0.30 ,
Tianjin, Duliujian River ,7 ,10—20,0.53 ,2.12 ,26.63 ,31.38 ,0.68 ,8.64 ,8.78 ,3168 ,18.53 ,1.82 ,12.30 ,55.90 ,31.77 ,5.27 ,1.23 ,0.46 ,0.57 ,0.29 ,
Tianjin, Duliujian River ,7 ,20—30,0.61 ,2.46 ,29.41 ,34.36 ,0.65 ,6.67 ,8.87 ,3087 ,21.74 ,1.79 ,11.56 ,57.89 ,30.57 ,8.32 ,1.28 ,0.55 ,0.64 ,0.34 ,
Tianjin, Duliujian River ,7 ,30—40,0.51 ,2.20 ,27.20 ,32.19 ,0.75 ,8.11 ,8.46 ,3219 ,21.47 ,1.74 ,10.71 ,51.55 ,37.75 ,6.72 ,1.27 ,0.59 ,0.52 ,0.29 ,
Tianjin, Duliujian River ,7 ,40—60,0.57 ,nd,31.84 ,23.36 ,0.65 ,7.99 ,9.23 ,3755 ,23.01 ,1.66 ,9.08 ,52.34 ,38.55 ,5.64 ,1.03 ,0.30 ,0.55 ,0.25 ,
Tianjin, Duliujian River ,7 ,60—80,0.58 ,nd,38.77 ,33.06 ,0.62 ,8.35 ,9.08 ,3697 ,24.05 ,1.65 ,6.85 ,44.16 ,49.00 ,6.57 ,0.96 ,0.26 ,0.50 ,0.27 ,
Tianjin, Duliujian River ,7 ,80—100,0.54 ,nd,48.06 ,37.35 ,0.65 ,9.81 ,9.23 ,3846 ,25.71 ,1.63 ,8.07 ,45.52 ,46.41 ,3.37 ,1.11 ,0.39 ,0.52 ,0.24 ,
Tianjin, Duliujian River ,8 ,0—10,0.87 ,3.93,146.57 ,58.06 ,0.76 ,9.20 ,8.30 ,2201 ,24.38 ,1.40 ,8.41 ,67.09 ,24.49 ,6.93 ,1.37 ,0.81 ,0.48 ,0.29 ,
Tianjin, Duliujian River ,8 ,10—20,0.66 ,2.56 ,23.45 ,24.73 ,0.71 ,6.96 ,8.87 ,2330 ,23.65 ,1.55 ,8.66 ,60.73 ,30.60 ,4.22 ,1.14 ,0.46 ,0.62 ,0.26 ,
Tianjin, Duliujian River ,8 ,20—30,0.55 ,2.50 ,19.96 ,21.03 ,0.73 ,8.76 ,8.76 ,2929 ,20.86 ,1.72 ,8.69 ,58.96 ,32.37 ,3.60 ,1.05 ,0.45 ,0.52 ,0.24 ,
Tianjin, Duliujian River ,8 ,30—40,0.59 ,2.00 ,23.13 ,27.69 ,0.81 ,7.52 ,8.74 ,3078 ,21.90 ,1.74 ,9.35 ,58.17 ,32.48 ,3.88 ,1.03 ,0.36 ,0.56 ,0.25 ,
Tianjin, Duliujian River ,8 ,40—60,0.51 ,2.18 ,27.87 ,24.71 ,0.83 ,8.55 ,9.29 ,3150 ,24.25 ,1.67 ,11.04 ,56.67 ,32.29 ,3.58 ,1.09 ,0.38 ,0.53 ,0.28 ,
Tianjin, Duliujian River ,8 ,60—80,0.48 ,1.44 ,12.35 ,14.72 ,0.69 ,7.66 ,9.31 ,3058 ,25.39 ,1.69 ,9.97 ,56.53 ,33.48 ,3.52 ,1.12 ,0.50 ,0.50 ,0.24 ,
Tianjin, Duliujian River ,8 ,80—100,0.51 ,2.22 ,16.93 ,15.91 ,0.70 ,7.66 ,9.38 ,3088 ,28.07 ,1.68 ,11.50 ,58.86 ,29.63 ,2.70 ,1.18 ,0.47 ,0.47 ,0.18 ,
Tianjin, Duliujian River ,9 ,0—10,0.63 ,2.46 ,72.82 ,48.83 ,0.72 ,8.33 ,8.76 ,2999 ,22.46 ,1.61 ,10.57 ,51.97 ,37.48 ,5.53 ,1.24 ,0.64 ,0.52 ,0.27 ,
Tianjin, Duliujian River ,9 ,10—20,0.64 ,2.20 ,27.24 ,29.58 ,0.70 ,7.53 ,8.71 ,3047 ,19.67 ,1.78 ,14.52 ,51.60 ,33.88 ,6.77 ,1.29 ,0.61 ,0.50 ,0.31 ,
Tianjin, Duliujian River ,9 ,20—30,0.52 ,2.00 ,25.16 ,31.13 ,0.71 ,9.89 ,8.71 ,3138 ,21.48 ,1.72 ,10.25 ,53.69 ,36.06 ,5.86 ,1.20 ,0.58 ,0.49 ,0.30 ,
Tianjin, Duliujian River ,9 ,30—40,0.58 ,3.45 ,28.88 ,36.35 ,0.70 ,8.44 ,8.75 ,3117 ,22.36 ,1.76 ,10.48 ,52.79 ,36.69 ,5.97 ,1.17 ,0.51 ,0.49 ,0.28 ,
Tianjin, Duliujian River ,9 ,40—60,0.55 ,nd,48.67 ,33.54 ,0.73 ,9.56 ,9.19 ,3164 ,27.18 ,1.63 ,9.69 ,53.56 ,36.76 ,4.82 ,1.14 ,0.50 ,0.47 ,0.24 ,
Tianjin, Duliujian River ,9 ,60—80,0.62 ,nd,48.12 ,44.95 ,0.70 ,8.45 ,9.24 ,3381 ,27.10 ,1.63 ,9.83 ,53.14 ,37.02 ,5.92 ,1.18 ,0.60 ,0.44 ,0.25 ,
Tianjin, Duliujian River ,9 ,80—100,0.50 ,nd,39.52 ,51.82 ,0.68 ,9.85 ,9.27 ,3466 ,26.69 ,1.65 ,10.84 ,51.83 ,37.31 ,6.31 ,1.18 ,0.53 ,0.40 ,0.21 ,
Tianjin, Duliujian River ,10 ,0—10,0.56 ,2.44 ,51.68 ,26.58 ,0.70 ,8.28 ,8.46 ,5725 ,27.67 ,1.48 ,7.77 ,54.46 ,37.77 ,2.56 ,1.25 ,0.41 ,0.52 ,0.26 ,
Tianjin, Duliujian River ,10 ,10—20,0.49 ,2.12 ,9.30 ,17.59 ,0.68 ,7.99 ,8.69 ,4370 ,18.63 ,1.78 ,9.77 ,61.32 ,28.89 ,2.71 ,1.23 ,0.45 ,0.45 ,0.19 ,
Tianjin, Duliujian River ,10 ,20—30,0.52 ,2.11 ,16.13 ,18.45 ,0.67 ,6.29 ,8.68 ,4317 ,21.72 ,1.65 ,10.63 ,55.18 ,34.19 ,4.13 ,1.05 ,0.34 ,0.53 ,0.23 ,
Tianjin, Duliujian River ,10 ,30—40,0.58 ,2.20 ,24.69 ,24.16 ,0.66 ,7.16 ,8.70 ,4334 ,22.19 ,1.61 ,10.98 ,56.01 ,33.00 ,5.00 ,1.18 ,0.50 ,0.63 ,0.33 ,
Tianjin, Duliujian River ,10 ,40—60,0.50 ,nd,30.30 ,27.79 ,0.70 ,8.89 ,9.16 ,4074 ,22.53 ,1.66 ,9.72 ,54.85 ,35.43 ,5.41 ,1.28 ,0.66 ,0.52 ,0.35 ,
Tianjin, Duliujian River ,10 ,60—80,0.45 ,nd,9.82 ,19.62 ,0.68 ,7.91 ,9.35 ,3108 ,23.53 ,1.70 ,9.62 ,50.92 ,39.49 ,4.35 ,1.27 ,0.55 ,0.50 ,0.29 ,
Tianjin, Duliujian River ,10 ,80—100,0.60 ,nd,24.87 ,54.10 ,0.66 ,7.04 ,9.39 ,2952 ,25.20 ,1.67 ,10.54 ,52.19 ,37.28 ,10.55 ,1.38 ,1.08 ,0.37 ,0.25 ,
Tianjin, Duliujian River ,11 ,0—10,0.48 ,2.39 ,11.75 ,23.10 ,0.66 ,8.86 ,8.83 ,3993 ,22.46 ,1.54 ,8.52 ,48.89 ,42.56 ,5.16 ,1.06 ,0.40 ,0.66 ,0.35 ,
Tianjin, Duliujian River ,11 ,10—20,0.40 ,2.12 ,14.62 ,22.31 ,0.69 ,10.07 ,8.68 ,4506 ,20.73 ,1.75 ,8.58 ,51.20 ,40.21 ,4.27 ,1.23 ,0.46 ,0.63 ,0.32 ,
Tianjin, Duliujian River ,11 ,20—30,0.45 ,1.76 ,22.67 ,19.05 ,0.65 ,8.36 ,8.50 ,5234 ,19.13 ,1.76 ,5.05 ,53.51 ,41.42 ,2.79 ,1.24 ,0.41 ,0.58 ,0.39 ,
Tianjin, Duliujian River ,11 ,30—40,0.53 ,2.20 ,18.19 ,22.74 ,0.70 ,7.14 ,8.78 ,4442 ,20.14 ,1.70 ,8.90 ,48.64 ,42.46 ,3.76 ,1.18 ,0.36 ,0.57 ,0.31 ,
Tianjin, Duliujian River ,11 ,40—60,0.49 ,2.40 ,42.91 ,42.38 ,0.66 ,10.27 ,9.27 ,4745 ,30.72 ,1.64 ,10.43 ,56.73 ,32.83 ,5.20 ,1.25 ,0.46 ,0.48 ,0.28 ,
Tianjin, Duliujian River ,11 ,60—80,0.54 ,2.12 ,41.96 ,43.71 ,0.66 ,9.28 ,9.27 ,4523 ,30.44 ,1.64 ,10.41 ,52.24 ,37.37 ,7.12 ,1.39 ,0.62 ,0.42 ,0.26 ,
Tianjin, Duliujian River ,11 ,80—100,0.52 ,2.47 ,39.94 ,51.98 ,0.69 ,9.39 ,9.34 ,4426 ,29.69 ,1.65 ,11.09 ,55.13 ,33.82 ,7.40 ,1.18 ,0.79 ,0.44 ,0.20 ,
Tianjin, Duliujian River ,12 ,0—10,0.18 ,2.56 ,15.22 ,8.45 ,0.57 ,8.79 ,8.92 ,5269 ,17.63 ,1.76 ,4.43 ,23.41 ,72.16 ,3.81 ,1.41 ,0.24 ,0.30 ,0.12 ,
Tianjin, Duliujian River ,12 ,10—20,0.27 ,2.39 ,10.93 ,8.40 ,0.56 ,7.03 ,8.70 ,5374 ,24.31 ,1.64 ,6.06 ,33.38 ,60.59 ,3.43 ,1.26 ,0.25 ,0.45 ,0.15 ,
Tianjin, Duliujian River ,12 ,20—30,0.60 ,2.20 ,19.58 ,17.88 ,0.63 ,9.57 ,8.57 ,6628 ,21.59 ,1.68 ,10.54 ,50.85 ,38.61 ,1.91 ,1.13 ,0.26 ,0.57 ,0.31 ,
Tianjin, Duliujian River ,12 ,30—40,0.74 ,4.71 ,32.28 ,23.67 ,0.69 ,8.69 ,8.52 ,8142 ,36.85 ,1.34 ,15.92 ,59.75 ,24.36 ,2.06 ,1.07 ,0.27 ,0.56 ,0.32 ,
Tianjin, Duliujian River ,12 ,40—60,0.67 ,nd,61.22 ,38.48 ,0.66 ,8.73 ,9.05 ,8059 ,40.21 ,1.61 ,16.63 ,62.81 ,20.53 ,2.07 ,1.12 ,0.28 ,0.43 ,0.25 ,
Tianjin, Duliujian River ,12 ,60—80,0.63 ,nd,43.99 ,39.12 ,0.70 ,8.12 ,9.08 ,7559 ,41.31 ,1.64 ,15.45 ,65.48 ,19.05 ,2.13 ,1.17 ,0.28 ,0.48 ,0.27 ,
Tianjin, Duliujian River ,12 ,80—100,0.60 ,nd,47.56 ,31.26 ,0.69 ,8.68 ,9.12 ,7890 ,40.75 ,1.63 ,15.00 ,60.57 ,24.47 ,1.90 ,1.14 ,0.26 ,0.55 ,0.25 ,
Hebei,Nandagang Wetland,1 ,0—10,1.35 ,3.90 ,118.95 ,74.42 ,0.63 ,8.17 ,8.31 ,261 ,27.46 ,1.32 ,9.24 ,54.08 ,36.69 ,7.79 ,1.11 ,0.43 ,0.15 ,0.13 ,
Hebei,Nandagang Wetland,1 ,10—20,1.68 ,6.99 ,408.99 ,102.60 ,0.68 ,9.04 ,8.65 ,236 ,30.34 ,1.23 ,9.70 ,56.30 ,33.97 ,10.05 ,1.13 ,0.42 ,0.18 ,0.16 ,
Hebei,Nandagang Wetland,1 ,20—30,2.13 ,9.37 ,184.37 ,158.49 ,0.67 ,8.04 ,8.44 ,301 ,49.22 ,1.20 ,14.03 ,50.02 ,35.92 ,4.63 ,1.02 ,0.35 ,0.20 ,0.14 ,
Hebei,Nandagang Wetland,1 ,30—40,1.51 ,6.56 ,167.51 ,232.82 ,0.59 ,9.06 ,8.55 ,307 ,47.21 ,1.26 ,12.15 ,54.23 ,33.63 ,3.36 ,1.54 ,0.60 ,0.26 ,0.12 ,
Hebei,Nandagang Wetland,1 ,40—60,1.28 ,5.12 ,nd,174.04 ,0.54 ,8.51 ,8.50 ,491 ,36.06 ,1.32 ,10.18 ,53.43 ,36.39 ,2.71 ,1.00 ,0.34 ,0.19 ,0.13 ,
Hebei,Nandagang Wetland,1 ,60—80,1.10 ,3.79 ,nd,134.70 ,0.53 ,7.74 ,8.52 ,405 ,33.26 ,1.38 ,8.27 ,53.64 ,38.07 ,2.65 ,1.04 ,0.38 ,0.16 ,0.10 ,
Hebei,Nandagang Wetland,1 ,80—100,0.94 ,3.37 ,nd,75.78 ,0.54 ,7.51 ,8.63 ,236 ,34.94 ,1.41 ,9.24 ,57.11 ,33.61 ,1.82 ,1.14 ,0.42 ,0.17 ,0.10 ,
Hebei,Nandagang Wetland,2 ,0—10,1.83 ,6.85 ,716.96 ,60.49 ,0.52 ,8.65 ,8.43 ,272 ,28.36 ,1.22 ,12.39 ,47.19 ,42.53 ,10.96 ,1.24 ,0.38 ,0.30 ,0.29 ,
Hebei,Nandagang Wetland,2 ,10—20,1.78 ,8.45 ,418.52 ,136.54 ,0.67 ,8.14 ,8.28 ,394 ,33.81 ,1.25 ,8.15 ,52.88 ,39.00 ,7.65 ,1.12 ,0.42 ,0.30 ,0.24 ,
Hebei,Nandagang Wetland,2 ,20—30,1.48 ,6.61 ,312.15 ,150.88 ,0.58 ,7.74 ,8.23 ,367 ,36.78 ,1.31 ,6.99 ,55.69 ,37.33 ,4.67 ,1.11 ,0.64 ,0.26 ,0.16 ,
Hebei,Nandagang Wetland,2 ,30—40,1.24 ,7.83 ,430.01 ,123.57 ,0.56 ,9.38 ,8.29 ,569 ,33.54 ,1.30 ,10.28 ,51.26 ,38.49 ,4.71 ,1.17 ,0.68 ,0.24 ,0.17 ,
Hebei,Nandagang Wetland,2 ,40—60,1.08 ,4.00 ,nd,109.85 ,0.53 ,7.85 ,8.83 ,207 ,29.33 ,1.38 ,6.75 ,54.78 ,38.45 ,2.77 ,1.09 ,0.48 ,0.24 ,0.18 ,
Hebei,Nandagang Wetland,2 ,60—80,1.08 ,4.06 ,nd,70.20 ,0.49 ,6.87 ,8.54 ,281 ,28.79 ,1.40 ,8.97 ,54.81 ,36.24 ,1.50 ,0.98 ,0.41 ,0.29 ,0.21 ,
Hebei,Nandagang Wetland,2 ,80—100,1.10 ,4.25 ,nd,72.09 ,0.61 ,6.98 ,8.59 ,347 ,28.09 ,1.39 ,7.24 ,60.63 ,32.11 ,1.72 ,1.10 ,0.39 ,0.27 ,0.17 ,
Hebei,Nandagang Wetland,3 ,0—10,1.64 ,8.42 ,417.15 ,77.36 ,0.80 ,9.46 ,8.27 ,1254 ,31.28 ,1.23 ,9.24 ,57.87 ,32.88 ,14.87 ,1.51 ,1.09 ,0.24 ,0.29 ,
Hebei,Nandagang Wetland,3 ,10—20,1.28 ,5.52 ,121.72 ,162.45 ,0.65 ,7.85 ,8.29 ,856 ,32.05 ,1.34 ,9.16 ,66.47 ,24.36 ,7.47 ,1.25 ,0.66 ,0.34 ,0.26 ,
Hebei,Nandagang Wetland,3 ,20—30,0.85 ,3.01 ,18.19 ,83.35 ,0.66 ,7.10 ,8.13 ,696 ,31.58 ,1.44 ,5.04 ,39.46 ,55.48 ,5.58 ,1.26 ,0.59 ,0.36 ,0.24 ,
Hebei,Nandagang Wetland,3 ,30—40,0.93 ,3.45 ,51.68 ,58.47 ,0.65 ,7.02 ,8.46 ,574 ,34.03 ,1.42 ,6.95 ,45.51 ,47.50 ,4.09 ,1.14 ,0.64 ,0.46 ,0.30 ,
Hebei,Nandagang Wetland,3 ,40—60,1.05 ,4.74 ,nd,65.61 ,0.71 ,7.77 ,8.31 ,646 ,35.40 ,1.38 ,6.73 ,57.10 ,36.16 ,5.01 ,1.16 ,0.70 ,0.36 ,0.26 ,
Hebei,Nandagang Wetland,3 ,60—80,1.14 ,4.63 ,nd,70.82 ,0.72 ,7.24 ,8.38 ,433 ,35.75 ,1.38 ,6.99 ,57.12 ,35.92 ,4.15 ,1.09 ,0.65 ,0.40 ,0.28 ,
Hebei,Nandagang Wetland,3 ,80—100,1.08 ,3.49 ,nd,81.88 ,0.66 ,6.52 ,8.57 ,370 ,33.02 ,1.41 ,5.60 ,46.96 ,47.46 ,4.49 ,1.07 ,0.61 ,0.36 ,0.25 ,
Shandong,Yellow River Estuary,1 ,0—10,0.37 ,2.20 ,24.69 ,8.40 ,0.67 ,7.56 ,8.93 ,6077 ,21.17 ,1.69 ,21.16 ,37.98 ,41.42 ,5.00 ,1.23 ,0.26 ,0.51 ,0.33 ,
Shandong,Yellow River Estuary,1 ,10—20,0.45 ,2.44 ,23.13 ,37.83 ,0.69 ,5.81 ,9.03 ,4823 ,22.39 ,1.64 ,10.90 ,57.87 ,30.60 ,8.45 ,1.35 ,0.41 ,0.66 ,0.33 ,
Shandong,Yellow River Estuary,1 ,20—30,0.56 ,2.39 ,19.58 ,60.52 ,0.58 ,5.10 ,8.91 ,5093 ,21.26 ,1.70 ,3.17 ,60.51 ,36.05 ,5.00 ,0.92 ,0.34 ,0.56 ,0.30 ,
Shandong,Yellow River Estuary,1 ,30—40,0.40 ,3.60 ,10.93 ,36.24 ,0.69 ,6.73 ,8.90 ,5032 ,25.75 ,1.57 ,18.02 ,71.32 ,10.84 ,9.17 ,1.13 ,0.55 ,0.66 ,0.37 ,
Shandong,Yellow River Estuary,1 ,40—60,nd,nd,nd,nd,nd,nd,nd,nd,18.90 ,1.64 ,nd,nd,nd,nd,nd,nd,nd,nd,
Shandong,Yellow River Estuary,1 ,60—80,nd,nd,nd,nd,nd,nd,nd,nd,18.75 ,1.64 ,nd,nd,nd,nd,nd,nd,nd,nd,
Shandong,Yellow River Estuary,1 ,80—100,nd,nd,nd,nd,nd,nd,nd,nd,18.52 ,1.65 ,nd,nd,nd,nd,nd,nd,nd,nd,
Shandong,Yellow River Estuary,2 ,0—10,0.62 ,3.60 ,123.74 ,66.40 ,0.66 ,11.91 ,9.04 ,521 ,25.26 ,1.52 ,6.52 ,37.98 ,55.54 ,9.07 ,1.36 ,0.88 ,0.36 ,0.35 ,
Shandong,Yellow River Estuary,2 ,10—20,0.60 ,1.80 ,23.13 ,56.79 ,0.61 ,5.94 ,8.87 ,905 ,24.37 ,1.64 ,6.34 ,39.31 ,54.34 ,13.81 ,1.23 ,0.62 ,0.40 ,0.38 ,
Shandong,Yellow River Estuary,2 ,20—30,0.49 ,2.21 ,137.39 ,43.01 ,0.64 ,9.04 ,8.84 ,907 ,25.50 ,1.54 ,4.23 ,47.02 ,48.77 ,15.39 ,1.14 ,0.64 ,0.35 ,0.38 ,
Shandong,Yellow River Estuary,2 ,30—40,0.37 ,1.16 ,44.65 ,46.37 ,0.56 ,6.62 ,8.89 ,650 ,21.13 ,1.61 ,3.92 ,25.98 ,70.09 ,9.32 ,0.92 ,0.49 ,0.52 ,0.41 ,
Shandong,Yellow River Estuary,2 ,40—60,0.49 ,1.56 ,nd,35.62 ,0.60 ,6.30 ,8.67 ,832 ,18.81 ,1.55 ,4.86 ,41.32 ,53.82 ,10.24 ,1.07 ,0.49 ,0.46 ,0.38 ,
Shandong,Yellow River Estuary,2 ,60—80,0.41 ,1.62 ,nd,28.54 ,0.57 ,5.83 ,8.51 ,1234 ,16.11 ,1.64 ,5.11 ,43.40 ,51.48 ,8.26 ,1.02 ,0.59 ,0.40 ,0.31 ,
Shandong,Yellow River Estuary,2 ,80—100,0.27 ,1.70 ,nd,29.51 ,0.59 ,5.98 ,8.53 ,1005 ,16.50 ,1.74 ,5.13 ,40.70 ,54.17 ,6.37 ,0.66 ,0.27 ,0.48 ,0.29 ,
Shandong,Yellow River Estuary,3 ,0—10,0.68 ,2.97 ,23.45 ,19.05 ,0.69 ,7.44 ,8.47 ,2664 ,22.03 ,1.60 ,15.08 ,50.20 ,35.40 ,8.69 ,1.36 ,0.93 ,0.58 ,0.30 ,
Shandong,Yellow River Estuary,3 ,10—20,0.51 ,1.66 ,23.13 ,24.16 ,0.64 ,5.43 ,8.62 ,1204 ,21.38 ,1.77 ,18.39 ,66.35 ,15.94 ,2.70 ,1.26 ,1.11 ,0.59 ,0.36 ,
Shandong,Yellow River Estuary,3 ,20—30,0.49 ,2.32 ,131.22 ,47.43 ,0.60 ,7.17 ,8.64 ,940 ,24.39 ,1.56 ,18.04 ,67.92 ,14.54 ,6.72 ,1.28 ,1.37 ,0.52 ,0.37 ,
Shandong,Yellow River Estuary,3 ,30—40,0.45 ,3.60 ,137.39 ,71.30 ,0.57 ,5.76 ,8.59 ,1146 ,25.73 ,1.58 ,16.09 ,56.30 ,27.57 ,6.27 ,1.25 ,0.64 ,0.35 ,0.28 ,
Shandong,Yellow River Estuary,3 ,40—60,nd,nd,nd,nd,nd,nd,nd,nd,18.07 ,1.69 ,nd,nd,nd,nd,nd,nd,nd,nd,
Shandong,Yellow River Estuary,3 ,60—80,nd,nd,nd,nd,nd,nd,nd,nd,18.43 ,1.65 ,nd,nd,nd,nd,nd,nd,nd,nd,
Shandong,Yellow River Estuary,3 ,80—100,nd,nd,nd,nd,nd,nd,nd,nd,16.96 ,1.67 ,nd,nd,nd,nd,nd,nd,nd,nd,
Shandong,Yellow River Estuary,4 ,0—10,1.38 ,5.15 ,118.95 ,17.57 ,0.83 ,6.38 ,8.64 ,1339 ,52.31 ,1.08 ,4.31 ,30.79 ,64.90 ,19.29 ,1.62 ,1.01 ,0.32 ,0.32 ,
Shandong,Yellow River Estuary,4 ,10—20,0.61 ,2.00 ,25.61 ,112.13 ,0.69 ,6.91 ,8.90 ,429 ,32.56 ,1.45 ,4.45 ,30.66 ,64.91 ,15.57 ,1.28 ,0.59 ,0.35 ,0.32 ,
Shandong,Yellow River Estuary,4 ,20—30,0.78 ,1.66 ,14.62 ,60.47 ,0.68 ,5.87 ,9.02 ,337 ,29.68 ,1.50 ,3.07 ,24.99 ,71.93 ,11.93 ,1.38 ,0.87 ,0.37 ,0.38 ,
Shandong,Yellow River Estuary,4 ,30—40,0.37 ,2.12 ,27.20 ,57.79 ,0.64 ,5.54 ,9.15 ,488 ,29.83 ,1.56 ,3.13 ,27.76 ,69.10 ,7.30 ,0.65 ,0.38 ,0.41 ,0.33 ,
Shandong,Yellow River Estuary,4 ,40—60,0.40 ,2.13 ,nd,41.94 ,0.67 ,6.39 ,8.78 ,883 ,24.10 ,1.62 ,4.77 ,58.13 ,37.14 ,4.66 ,0.78 ,0.31 ,0.53 ,0.34 ,
Shandong,Yellow River Estuary,4 ,60—80,0.41 ,2.00 ,nd,30.33 ,0.57 ,6.91 ,8.55 ,924 ,24.97 ,1.59 ,5.68 ,60.69 ,33.65 ,5.98 ,0.83 ,0.42 ,0.53 ,0.45 ,
Shandong,Yellow River Estuary,4 ,80—100,0.32 ,2.01 ,nd,27.50 ,0.70 ,5.96 ,8.96 ,608 ,25.92 ,1.70 ,3.83 ,45.42 ,50.72 ,5.11 ,0.62 ,0.28 ,0.52 ,0.31 ,
Shandong,Yellow River Estuary,5 ,0—10,1.05 ,5.30 ,14.62 ,21.34 ,0.70 ,8.28 ,8.78 ,3668 ,59.32 ,0.94 ,16.96 ,75.89 ,7.15 ,24.01 ,1.64 ,1.84 ,0.29 ,0.27 ,
Shandong,Yellow River Estuary,5 ,10—20,0.85 ,3.28 ,44.65 ,82.53 ,0.68 ,6.37 ,8.74 ,5319 ,49.95 ,1.14 ,15.57 ,62.04 ,22.37 ,13.67 ,1.41 ,2.02 ,0.35 ,0.36 ,
Shandong,Yellow River Estuary,5 ,20—30,0.64 ,3.20 ,51.68 ,45.15 ,0.65 ,7.61 ,8.79 ,4531 ,38.41 ,1.36 ,13.97 ,58.16 ,27.86 ,6.48 ,1.17 ,1.11 ,0.39 ,0.38 ,
Shandong,Yellow River Estuary,5 ,30—40,0.75 ,2.78 ,27.20 ,38.99 ,0.66 ,5.59 ,8.74 ,5777 ,38.84 ,1.27 ,16.53 ,59.64 ,23.81 ,10.29 ,1.33 ,1.01 ,0.45 ,0.31 ,
Shandong,Yellow River Estuary,5 ,40—60,0.53 ,2.58 ,nd,41.53 ,0.66 ,6.03 ,8.71 ,5029 ,32.43 ,1.54 ,9.86 ,54.07 ,36.05 ,6.07 ,0.97 ,0.78 ,0.47 ,0.27 ,
Shandong,Yellow River Estuary,5 ,60—80,0.34 ,1.36 ,nd,37.82 ,0.62 ,7.59 ,8.76 ,4500 ,26.12 ,1.62 ,5.06 ,37.71 ,57.23 ,4.99 ,0.80 ,0.51 ,0.45 ,0.21 ,
Shandong,Yellow River Estuary,5 ,80—100,0.32 ,1.36 ,nd,26.60 ,0.66 ,6.80 ,8.71 ,4287 ,29.37 ,1.67 ,6.41 ,49.93 ,43.67 ,3.90 ,0.69 ,0.30 ,0.47 ,0.16 ,
Shandong,Yellow River Estuary,6 ,0—10,0.49 ,2.32 ,14.62 ,41.73 ,0.65 ,6.15 ,8.80 ,4975 ,24.76 ,1.66 ,7.90 ,59.77 ,32.48 ,3.60 ,1.05 ,0.58 ,0.53 ,0.33 ,
Shandong,Yellow River Estuary,6 ,10—20,0.40 ,2.12 ,106.85 ,52.37 ,0.67 ,5.09 ,8.94 ,3302 ,25.98 ,1.65 ,18.04 ,42.55 ,40.11 ,3.64 ,1.07 ,0.40 ,0.56 ,0.31 ,
Shandong,Yellow River Estuary,6 ,20—30,0.73 ,2.12 ,9.30 ,60.47 ,0.68 ,2.54 ,8.77 ,3546 ,31.89 ,1.53 ,6.95 ,70.12 ,21.99 ,6.26 ,1.35 ,1.49 ,0.50 ,0.39 ,
Shandong,Yellow River Estuary,6 ,30—40,0.61 ,2.32 ,25.61 ,36.24 ,0.69 ,3.43 ,8.80 ,3227 ,28.93 ,1.55 ,9.03 ,74.29 ,16.24 ,6.79 ,1.30 ,1.49 ,0.64 ,0.33 ,
Shandong,Yellow River Estuary,6 ,40—60,nd,nd,nd,nd,nd,nd,nd,nd,20.68 ,1.68 ,nd,nd,nd,nd,nd,nd,nd,nd,
Shandong,Yellow River Estuary,6 ,60—80,nd,nd,nd,nd,nd,nd,nd,nd,18.35 ,1.78 ,nd,nd,nd,nd,nd,nd,nd,nd,
Shandong,Yellow River Estuary,6 ,80—100,nd,nd,nd,nd,nd,nd,nd,nd,16.89 ,1.87 ,nd,nd,nd,nd,nd,nd,nd,nd,
Jiangsu,Linhong River Estuary,1 ,0—100,nd,nd,nd,nd,nd,nd,nd,nd,nd,nd,nd,nd,nd,nd,nd,nd,nd,nd,
Jiangsu,Sheyang River Estuary,2 ,0—100,nd,nd,nd,nd,nd,nd,nd,nd,nd,nd,nd,nd,nd,nd,nd,nd,nd,nd,
Jiangsu,Doulong Harbor,3 ,0—100,nd,nd,nd,nd,nd,nd,nd,nd,nd,nd,nd,nd,nd,nd,nd,nd,nd,nd,
Jiangsu,Dafeng,4 ,0—100,nd,nd,nd,nd,nd,nd,nd,nd,nd,nd,nd,nd,nd,nd,nd,nd,nd,nd,
Jiangsu,Qidong,5 ,,nd,nd,nd,nd,nd,nd,nd,nd,nd,nd,nd,nd,nd,nd,nd,nd,nd,nd,
Jiangsu,Wanggang Wetland,6 ,0—100,nd,nd,nd,nd,nd,nd,nd,nd,nd,nd,nd,nd,nd,nd,nd,nd,nd,nd,
Jiangsu,Wanggang Wetland,7 ,0—100,nd,nd,nd,nd,nd,nd,nd,nd,nd,nd,nd,nd,nd,nd,nd,nd,nd,nd,
Jiangsu,Wanggang Wetland,8 ,0—100,nd,nd,nd,nd,nd,nd,nd,nd,nd,nd,nd,nd,nd,nd,nd,nd,nd,nd,
Jiangsu,Yancheng Wetland,9 ,0—100,nd,nd,nd,nd,nd,nd,nd,nd,nd,nd,nd,nd,nd,nd,nd,nd,nd,nd,
Jiangsu,Yancheng Wetland,10 ,0—100,nd,nd,nd,nd,nd,nd,nd,nd,nd,nd,nd,nd,nd,nd,nd,nd,nd,nd,
Jiangsu,Yancheng Wetland,11 ,0—100,nd,nd,nd,nd,nd,nd,nd,nd,nd,nd,nd,nd,nd,nd,nd,nd,nd,nd,
Jiangsu,Yancheng Wetland,12 ,0—100,nd,nd,nd,nd,nd,nd,nd,nd,nd,nd,nd,nd,nd,nd,nd,nd,nd,nd,
Jiangsu,Yancheng Wetland,13 ,0—100,nd,nd,nd,nd,nd,nd,nd,nd,nd,nd,nd,nd,nd,nd,nd,nd,nd,nd,
Jiangsu,Yancheng Wetland,14 ,0—100,nd,nd,nd,nd,nd,nd,nd,nd,nd,nd,nd,nd,nd,nd,nd,nd,nd,nd,
Jiangsu,Yancheng Wetland,15 ,0—100,nd,nd,nd,nd,nd,nd,nd,nd,nd,nd,nd,nd,nd,nd,nd,nd,nd,nd,
Jiangsu,Yancheng Wetland,16 ,0—100,nd,nd,nd,nd,nd,nd,nd,nd,nd,nd,nd,nd,nd,nd,nd,nd,nd,nd,
Jiangsu,Yancheng Wetland,17 ,0—100,nd,nd,nd,nd,nd,nd,nd,nd,nd,nd,nd,nd,nd,nd,nd,nd,nd,nd,
Jiangsu,Yancheng Wetland,18 ,0—100,nd,nd,nd,nd,nd,nd,nd,nd,nd,nd,nd,nd,nd,nd,nd,nd,nd,nd,
Jiangsu,Yancheng Wetland,19 ,0—100,nd,nd,nd,nd,nd,nd,nd,nd,nd,nd,nd,nd,nd,nd,nd,nd,nd,nd,
Jiangsu,Yancheng Wetland,20 ,0—100,nd,nd,nd,nd,nd,nd,nd,nd,nd,nd,nd,nd,nd,nd,nd,nd,nd,nd,
Jiangsu,Yancheng Wetland,21 ,0—100,nd,nd,nd,nd,nd,nd,nd,nd,nd,nd,nd,nd,nd,nd,nd,nd,nd,nd,
Jiangsu,Dafeng Wetland,22 ,0—100,nd,nd,nd,nd,nd,nd,nd,nd,nd,nd,nd,nd,nd,nd,nd,nd,nd,nd,
Shanghai,Chongming Island,1 ,0—10,1.61 ,3.50 ,385.96 ,180.95 ,0.99 ,12.47 ,7.92 ,4200 ,51.31 ,0.68 ,19.68 ,73.05 ,7.27 ,nd,nd,nd,nd,nd,
Shanghai,Chongming Island,1 ,10—20,2.13 ,6.04 ,391.50 ,193.86 ,1.00 ,12.55 ,8.02 ,3860 ,45.05 ,0.81 ,18.71 ,72.15 ,9.15 ,nd,nd,nd,nd,nd,
Shanghai,Chongming Island,1 ,20—30,1.34 ,3.11 ,334.32 ,106.47 ,0.90 ,14.71 ,8.23 ,2930 ,46.15 ,0.82 ,18.23 ,69.03 ,12.74 ,nd,nd,nd,nd,nd,
Shanghai,Chongming Island,1 ,30—40,1.20 ,2.64 ,328.90 ,105.34 ,0.87 ,15.61 ,8.32 ,3180 ,41.27 ,0.95 ,16.94 ,66.08 ,16.99 ,nd,nd,nd,nd,nd,
Shanghai,Chongming Island,2 ,0—10,1.73 ,2.70 ,459.70 ,209.82 ,0.88 ,13.23 ,7.90 ,5700 ,58.38 ,0.55 ,16.81 ,74.64 ,8.55 ,nd,nd,nd,nd,nd,
Shanghai,Chongming Island,2 ,10—20,1.68 ,3.75 ,384.23 ,246.78 ,0.93 ,13.17 ,8.00 ,4620 ,48.44 ,0.72 ,16.95 ,67.13 ,15.92 ,nd,nd,nd,nd,nd,
Shanghai,Chongming Island,2 ,20—30,0.92 ,3.05 ,437.73 ,90.33 ,0.90 ,18.10 ,8.29 ,3050 ,38.40 ,1.08 ,12.21 ,63.57 ,24.22 ,nd,nd,nd,nd,nd,
Shanghai,Chongming Island,2 ,30—40,0.91 ,2.30 ,488.92 ,83.68 ,0.88 ,18.03 ,8.39 ,2990 ,36.70 ,1.02 ,12.16 ,56.56 ,31.28 ,nd,nd,nd,nd,nd,
Shanghai,Chongming Island,3 ,0—10,1.72 ,4.24 ,389.78 ,183.05 ,0.97 ,12.01 ,7.89 ,5550 ,51.55 ,0.63 ,13.22 ,78.21 ,8.58 ,27.67 ,1.74 ,1.24 ,0.23 ,0.26 ,
Shanghai,Chongming Island,3 ,10—20,2.23 ,7.17 ,332.92 ,180.99 ,1.00 ,12.39 ,7.92 ,4090 ,45.74 ,0.70 ,15.79 ,75.80 ,8.41 ,50.70 ,2.09 ,1.67 ,0.25 ,0.35 ,
Shanghai,Chongming Island,3 ,20—30,1.14 ,4.74 ,402.42 ,92.14 ,0.95 ,16.07 ,8.21 ,3390 ,38.00 ,0.89 ,16.24 ,66.35 ,17.41 ,35.15 ,1.65 ,1.25 ,0.25 ,0.28 ,
Shanghai,Chongming Island,3 ,30—40,1.26 ,3.26 ,405.14 ,90.82 ,0.86 ,15.03 ,8.14 ,4100 ,44.52 ,0.78 ,15.11 ,70.36 ,14.54 ,34.62 ,1.68 ,1.26 ,0.28 ,0.29 ,
Shanghai,Chongming Island,4 ,0—10,1.80 ,5.10 ,430.01 ,208.87 ,1.03 ,13.78 ,8.01 ,4370 ,55.72 ,0.49 ,16.78 ,74.62 ,8.59 ,43.26 ,1.68 ,1.38 ,0.25 ,0.30 ,
Shanghai,Chongming Island,4 ,10—20,1.44 ,5.09 ,328.33 ,222.26 ,0.90 ,15.59 ,8.12 ,4300 ,38.35 ,0.85 ,16.88 ,67.68 ,15.44 ,36.11 ,1.69 ,1.10 ,0.31 ,0.42 ,
Shanghai,Chongming Island,4 ,20—30,0.97 ,2.29 ,486.91 ,103.70 ,0.86 ,17.69 ,8.39 ,2870 ,31.32 ,1.25 ,12.79 ,60.34 ,26.87 ,15.72 ,1.32 ,0.57 ,0.29 ,0.33 ,
Shanghai,Chongming Island,4 ,30—40,0.84 ,2.52 ,524.68 ,77.33 ,0.87 ,19.60 ,8.60 ,2730 ,35.95 ,0.98 ,12.66 ,59.77 ,27.57 ,13.48 ,1.14 ,0.39 ,0.26 ,0.22 ,
Shanghai,Chongming Island,5 ,0—10,2.29 ,5.60 ,387.87 ,182.00 ,0.97 ,8.94 ,8.00 ,4950 ,52.41 ,0.63 ,18.71 ,72.82 ,8.47 ,nd,nd,nd,nd,nd,
Shanghai,Chongming Island,5 ,10—20,2.21 ,7.64 ,362.21 ,187.43 ,1.02 ,12.91 ,7.92 ,4930 ,52.94 ,0.61 ,16.39 ,71.56 ,12.05 ,nd,nd,nd,nd,nd,
Shanghai,Chongming Island,5 ,20—30,1.16 ,3.46 ,368.37 ,99.30 ,0.92 ,15.56 ,8.09 ,4120 ,45.13 ,0.88 ,17.67 ,66.45 ,15.87 ,nd,nd,nd,nd,nd,
Shanghai,Chongming Island,5 ,30—40,1.39 ,4.31 ,367.02 ,98.08 ,0.87 ,14.61 ,7.97 ,4360 ,45.09 ,0.69 ,14.52 ,70.88 ,14.61 ,nd,nd,nd,nd,nd,
Shanghai,Chongming Island,6 ,0—10,1.98 ,3.93 ,444.86 ,209.35 ,1.00 ,12.52 ,7.76 ,7440 ,60.87 ,0.45 ,22.21 ,71.59 ,6.20 ,nd,nd,nd,nd,nd,
Shanghai,Chongming Island,6 ,10—20,1.52 ,3.26 ,356.28 ,234.52 ,0.89 ,11.78 ,8.00 ,4350 ,42.96 ,0.77 ,15.41 ,70.95 ,13.64 ,nd,nd,nd,nd,nd,
Shanghai,Chongming Island,6 ,20—30,1.58 ,4.75 ,462.32 ,97.02 ,0.82 ,14.40 ,8.36 ,2910 ,36.23 ,0.98 ,14.50 ,61.07 ,24.43 ,nd,nd,nd,nd,nd,
Shanghai,Chongming Island,6 ,30—40,0.95 ,2.67 ,456.80 ,80.50 ,0.87 ,18.44 ,8.43 ,3120 ,39.77 ,0.86 ,13.75 ,59.12 ,27.13 ,nd,nd,nd,nd,nd,
Shanghai,Hengsha Island,1 ,0—10,1.04 ,1.61 ,442.36 ,151.81 ,0.88 ,18.97 ,8.17 ,240 ,28.76 ,1.08 ,10.47 ,50.57 ,38.96 ,nd,nd,nd,nd,nd,
Shanghai,Hengsha Island,1 ,10—20,0.98 ,3.80 ,345.20 ,149.52 ,0.88 ,20.30 ,8.14 ,290 ,28.63 ,1.14 ,9.81 ,55.83 ,34.36 ,nd,nd,nd,nd,nd,
Shanghai,Hengsha Island,1 ,20—30,0.85 ,1.50 ,397.32 ,136.83 ,0.87 ,22.63 ,8.17 ,280 ,29.69 ,1.16 ,8.23 ,55.51 ,36.26 ,nd,nd,nd,nd,nd,
Shanghai,Hengsha Island,1 ,30—40,0.98 ,2.87 ,398.57 ,143.29 ,0.92 ,20.15 ,8.13 ,300 ,22.52 ,1.29 ,9.96 ,57.07 ,32.97 ,nd,nd,nd,nd,nd,
Shanghai,Hengsha Isand,2 ,0—10,0.93 ,3.48 ,448.03 ,149.25 ,0.90 ,20.97 ,7.98 ,190 ,30.70 ,0.90 ,10.50 ,51.85 ,37.65 ,nd,nd,nd,nd,nd,
Shanghai,Hengsha Isand,2 ,10—20,0.86 ,3.88 ,468.11 ,141.56 ,0.90 ,22.07 ,8.14 ,220 ,33.01 ,1.13 ,9.30 ,56.36 ,34.34 ,nd,nd,nd,nd,nd,
Shanghai,Hengsha Isand,2 ,20—30,0.82 ,4.28 ,411.82 ,120.91 ,0.90 ,23.13 ,8.06 ,220 ,29.55 ,1.14 ,9.36 ,53.30 ,37.33 ,nd,nd,nd,nd,nd,
Shanghai,Hengsha Isand,2 ,30—40,0.77 ,3.29 ,381.14 ,124.62 ,0.92 ,24.42 ,7.88 ,310 ,29.95 ,1.27 ,11.45 ,53.99 ,34.56 ,nd,nd,nd,nd,nd,
Shanghai,Hengsha Island,3 ,0—10,0.90 ,0.95 ,385.80 ,180.66 ,0.88 ,22.59 ,8.10 ,230 ,30.91 ,0.99 ,9.05 ,50.85 ,40.11 ,13.46 ,1.35 ,0.95 ,0.30 ,0.30 ,
Shanghai,Hengsha Island,3 ,10—20,1.06 ,3.54 ,408.99 ,153.46 ,0.93 ,19.01 ,8.10 ,300 ,30.15 ,1.18 ,9.92 ,59.37 ,30.71 ,12.85 ,1.38 ,1.05 ,0.31 ,0.31 ,
Shanghai,Hengsha Island,3 ,20—30,0.95 ,1.68 ,420.63 ,132.68 ,0.89 ,20.54 ,8.11 ,250 ,29.68 ,1.18 ,9.64 ,56.68 ,33.68 ,11.20 ,1.35 ,0.86 ,0.28 ,0.28 ,
Shanghai,Hengsha Island,3 ,30—40,0.91 ,3.59 ,350.81 ,149.24 ,0.92 ,21.49 ,8.14 ,310 ,32.34 ,1.27 ,8.84 ,56.21 ,34.95 ,11.57 ,1.27 ,0.84 ,0.33 ,0.33 ,
Shanghai,Hengsha Island,4 ,0—10,0.87 ,2.70 ,426.51 ,176.36 ,0.92 ,22.70 ,8.03 ,250 ,33.48 ,1.11 ,9.48 ,50.32 ,40.21 ,12.01 ,1.34 ,0.78 ,0.22 ,0.19 ,
Shanghai,Hengsha Island,4 ,10—20,0.97 ,2.42 ,439.51 ,136.97 ,0.89 ,22.12 ,8.16 ,220 ,27.96 ,1.10 ,9.49 ,54.39 ,36.13 ,8.69 ,1.18 ,0.41 ,0.25 ,0.21 ,
Shanghai,Hengsha Island,4 ,20—30,0.74 ,1.90 ,412.47 ,128.31 ,0.87 ,25.38 ,8.18 ,240 ,29.28 ,1.11 ,9.44 ,50.20 ,40.36 ,7.77 ,1.06 ,0.31 ,0.24 ,0.18 ,
Shanghai,Hengsha Island,4 ,30—40,0.90 ,3.51 ,417.15 ,134.92 ,0.87 ,21.31 ,8.11 ,260 ,30.02 ,1.06 ,8.87 ,52.44 ,38.69 ,7.93 ,1.10 ,0.32 ,0.26 ,0.18 ,
Shanghai,Hengsha Island,5 ,0—10,0.90 ,1.28 ,437.27 ,162.81 ,0.89 ,21.88 ,8.10 ,260 ,33.05 ,1.05 ,8.75 ,55.80 ,35.44 ,nd,nd,nd,nd,nd,
Shanghai,Hengsha Island,5 ,10—20,0.90 ,3.43 ,453.81 ,159.26 ,0.90 ,17.02 ,8.08 ,320 ,36.40 ,0.94 ,11.31 ,62.28 ,26.41 ,nd,nd,nd,nd,nd,
Shanghai,Hengsha Island,5 ,20—30,0.87 ,3.89 ,412.15 ,134.61 ,0.91 ,22.46 ,8.05 ,310 ,30.73 ,1.04 ,9.32 ,56.53 ,34.15 ,nd,nd,nd,nd,nd,
Shanghai,Hengsha Island,5 ,30—40,0.89 ,3.63 ,399.14 ,149.77 ,0.92 ,21.59 ,8.10 ,290 ,30.08 ,1.15 ,10.86 ,56.53 ,32.62 ,nd,nd,nd,nd,nd,
Shanghai,Hengsha Island,6 ,0—10,0.87 ,5.33 ,414.08 ,166.24 ,0.91 ,22.13 ,7.72 ,260 ,32.81 ,1.14 ,10.61 ,50.12 ,39.27 ,nd,nd,nd,nd,nd,
Shanghai,Hengsha Island,6 ,10—20,0.83 ,1.68 ,377.09 ,146.49 ,0.89 ,22.83 ,7.95 ,200 ,27.77 ,1.33 ,9.73 ,53.59 ,36.68 ,nd,nd,nd,nd,nd,
Shanghai,Hengsha Island,6 ,20—30,0.82 ,2.85 ,408.97 ,124.75 ,0.90 ,23.04 ,8.16 ,270 ,30.38 ,1.23 ,9.83 ,47.84 ,42.33 ,nd,nd,nd,nd,nd,
Shanghai,Hengsha Island,6 ,30—40,0.92 ,2.96 ,374.69 ,156.27 ,0.90 ,21.11 ,8.14 ,290 ,32.15 ,1.21 ,9.62 ,54.48 ,35.90 ,nd,nd,nd,nd,nd,
Zhejiang,Yueqing Bay,1 ,0—10,1.18 ,4.37 ,184.35 ,113.77 ,0.90 ,12.22 ,7.75 ,4800 ,42.40 ,0.87 ,15.63 ,67.29 ,17.08 ,nd,nd,nd,nd,nd,
Zhejiang,Yueqing Bay,1 ,10—20,1.03 ,1.69 ,128.08 ,68.16 ,0.78 ,12.71 ,7.75 ,5780 ,41.04 ,0.87 ,13.45 ,79.37 ,7.18 ,nd,nd,nd,nd,nd,
Zhejiang,Yueqing Bay,1 ,20—30,0.98 ,1.14 ,146.07 ,95.28 ,0.94 ,12.87 ,7.73 ,7290 ,42.00 ,0.82 ,21.07 ,72.23 ,6.70 ,nd,nd,nd,nd,nd,
Zhejiang,Yueqing Bay,1 ,30—40,0.99 ,0.77 ,32.52 ,91.51 ,0.89 ,12.90 ,7.93 ,6020 ,37.05 ,0.84 ,11.00 ,78.50 ,8.50 ,nd,nd,nd,nd,nd,
Zhejiang,Yueqing Bay,2 ,0—10,1.12 ,2.42 ,97.37 ,147.77 ,0.75 ,11.04 ,8.19 ,4840 ,40.44 ,0.60 ,13.18 ,80.50 ,6.32 ,nd,nd,nd,nd,nd,
Zhejiang,Yueqing Bay,2 ,10—20,1.01 ,3.49 ,34.44 ,93.30 ,0.82 ,10.80 ,8.33 ,4490 ,42.76 ,0.62 ,12.67 ,81.21 ,6.12 ,nd,nd,nd,nd,nd,
Zhejiang,Yueqing Bay,2 ,20—30,0.97 ,3.60 ,116.19 ,70.46 ,0.82 ,11.51 ,8.36 ,4710 ,38.88 ,0.56 ,10.37 ,57.47 ,32.16 ,nd,nd,nd,nd,nd,
Zhejiang,Yueqing Bay,2 ,30—40,0.98 ,3.53 ,63.74 ,83.66 ,0.88 ,11.45 ,8.40 ,4900 ,40.67 ,0.63 ,18.76 ,67.80 ,13.44 ,nd,nd,nd,nd,nd,
Zhejiang,Yueqing Bay,3 ,0—10,1.20 ,5.43 ,162.04 ,94.36 ,0.87 ,12.29 ,7.72 ,5140 ,44.00 ,0.86 ,18.39 ,71.58 ,10.03 ,12.05 ,1.26 ,0.31 ,0.21 ,0.13 ,
Zhejiang,Yueqing Bay,3 ,10—20,1.01 ,5.24 ,391.86 ,102.39 ,0.84 ,13.19 ,7.70 ,6120 ,44.34 ,0.90 ,10.44 ,81.11 ,8.45 ,7.59 ,1.06 ,0.30 ,0.20 ,0.14 ,
Zhejiang,Yueqing Bay,3 ,20—30,0.97 ,2.79 ,74.86 ,76.02 ,0.80 ,12.95 ,7.77 ,7090 ,41.20 ,0.92 ,12.09 ,65.74 ,22.18 ,6.27 ,1.10 ,0.19 ,0.19 ,0.12 ,
Zhejiang,Yueqing Bay,3 ,30—40,1.00 ,2.42 ,123.74 ,91.51 ,0.84 ,12.99 ,7.83 ,6630 ,37.93 ,0.87 ,10.30 ,74.95 ,14.75 ,6.29 ,1.01 ,0.20 ,0.19 ,0.13 ,
Zhejiang,Yueqing Bay,4 ,0—10,1.14 ,3.14 ,65.33 ,123.79 ,0.72 ,11.28 ,8.27 ,3720 ,39.02 ,0.66 ,20.73 ,71.32 ,7.94 ,25.25 ,1.78 ,1.40 ,0.29 ,0.34 ,
Zhejiang,Yueqing Bay,4 ,10—20,1.09 ,3.05 ,322.68 ,82.75 ,0.79 ,10.61 ,8.34 ,4420 ,40.88 ,0.57 ,17.32 ,77.10 ,5.59 ,26.25 ,1.67 ,1.16 ,0.32 ,0.39 ,
Zhejiang,Yueqing Bay,4 ,20—30,0.99 ,3.71 ,116.00 ,79.68 ,0.80 ,11.24 ,8.38 ,4140 ,41.32 ,0.73 ,16.92 ,77.10 ,5.98 ,14.88 ,1.32 ,0.93 ,0.29 ,0.23 ,
Zhejiang,Yueqing Bay,4 ,30—40,0.98 ,3.15 ,67.28 ,90.66 ,0.89 ,11.40 ,8.36 ,4700 ,37.31 ,0.84 ,15.50 ,72.50 ,10.00 ,24.87 ,1.53 ,0.89 ,0.32 ,0.30 ,
Zhejiang,Yueqing Bay,5 ,0—10,1.14 ,5.84 ,106.21 ,88.25 ,0.88 ,12.76 ,8.00 ,4610 ,43.15 ,0.90 ,14.04 ,67.18 ,18.79 ,nd,nd,nd,nd,nd,
Zhejiang,Yueqing Bay,5 ,10—20,1.05 ,2.44 ,320.71 ,80.95 ,0.80 ,12.86 ,8.03 ,4980 ,40.09 ,0.77 ,21.27 ,73.72 ,5.01 ,nd,nd,nd,nd,nd,
Zhejiang,Yueqing Bay,5 ,20—30,0.99 ,3.74 ,125.29 ,90.79 ,0.78 ,13.05 ,7.85 ,6030 ,40.41 ,0.92 ,15.07 ,79.37 ,5.56 ,nd,nd,nd,nd,nd,
Zhejiang,Yueqing Bay,5 ,30—40,1.00 ,2.90 ,213.90 ,81.03 ,0.75 ,13.10 ,8.02 ,5410 ,36.17 ,0.82 ,12.83 ,83.18 ,3.99 ,nd,nd,nd,nd,nd,
Zhejiang,Yueqing Bay,6 ,0—10,1.09 ,4.40 ,183.50 ,122.53 ,0.72 ,11.07 ,8.22 ,3890 ,38.82 ,0.57 ,16.23 ,66.00 ,17.77 ,nd,nd,nd,nd,nd,
Zhejiang,Yueqing Bay,6 ,10—20,0.94 ,5.58 ,204.29 ,109.03 ,0.78 ,11.99 ,8.33 ,4240 ,44.50 ,0.71 ,18.07 ,75.51 ,6.43 ,nd,nd,nd,nd,nd,
Zhejiang,Yueqing Bay,6 ,20—30,0.95 ,2.84 ,17.50 ,76.92 ,0.79 ,11.71 ,8.45 ,4280 ,40.41 ,0.76 ,14.50 ,79.20 ,6.30 ,nd,nd,nd,nd,nd,
Zhejiang,Yueqing Bay,6 ,30—40,0.98 ,2.70 ,189.20 ,94.69 ,0.86 ,11.35 ,8.46 ,4390 ,40.76 ,0.80 ,13.58 ,78.84 ,7.58 ,nd,nd,nd,nd,nd,
Fujian,Minjiang River Estuary,1 ,0—10,2.08 ,3.91 ,195.37 ,64.61 ,1.02 ,12.05 ,5.39 ,1030 ,51.48 ,0.67 ,16.39 ,70.66 ,12.96 ,nd,nd,nd,nd,nd,
Fujian,Minjiang River Estuary,1 ,10—20,1.97 ,3.34 ,199.25 ,62.76 ,1.07 ,10.30 ,6.01 ,990 ,51.02 ,0.49 ,15.78 ,68.80 ,15.42 ,nd,nd,nd,nd,nd,
Fujian,Minjiang River Estuary,1 ,20—30,1.73 ,2.93 ,71.32 ,59.61 ,0.89 ,10.78 ,6.16 ,1130 ,47.26 ,0.73 ,21.39 ,69.96 ,8.65 ,nd,nd,nd,nd,nd,
Fujian,Minjiang River Estuary,1 ,30—40,1.85 ,3.88 ,106.14 ,82.20 ,0.94 ,11.06 ,6.35 ,1340 ,47.64 ,0.64 ,18.16 ,73.30 ,8.54 ,nd,nd,nd,nd,nd,
Fujian,Minjiang River Estuary,2 ,0—10,2.21 ,4.47 ,308.38 ,67.49 ,1.05 ,11.01 ,5.50 ,1600 ,48.98 ,0.76 ,19.89 ,66.05 ,14.06 ,nd,nd,nd,nd,nd,
Fujian,Minjiang River Estuary,2 ,10—20,2.16 ,5.32 ,142.69 ,60.10 ,1.03 ,11.21 ,5.66 ,1810 ,48.24 ,0.75 ,21.44 ,67.92 ,10.64 ,nd,nd,nd,nd,nd,
Fujian,Minjiang River Estuary,2 ,20—30,1.90 ,4.22 ,115.87 ,67.80 ,0.90 ,11.06 ,6.53 ,1750 ,47.38 ,0.82 ,16.93 ,71.94 ,11.13 ,nd,nd,nd,nd,nd,
Fujian,Minjiang River Estuary,2 ,30—40,1.96 ,4.34 ,39.21 ,65.68 ,0.86 ,11.44 ,6.34 ,2110 ,45.59 ,0.83 ,21.37 ,67.92 ,10.71 ,nd,nd,nd,nd,nd,
Fujian,Minjiang River Estuary,3 ,0—10,3.14 ,3.58 ,129.66 ,72.23 ,1.16 ,9.75 ,4.61 ,1510 ,49.03 ,0.67 ,10.79 ,59.96 ,29.25 ,43.65 ,2.77 ,2.14 ,0.35 ,0.37 ,
Fujian,Minjiang River Estuary,3 ,10—20,2.08 ,4.17 ,148.03 ,58.91 ,1.00 ,10.50 ,5.50 ,980 ,46.45 ,0.68 ,15.06 ,65.34 ,19.61 ,34.44 ,2.07 ,1.49 ,0.29 ,0.29 ,
Fujian,Minjiang River Estuary,3 ,20—30,2.15 ,4.26 ,99.56 ,38.04 ,1.02 ,11.61 ,5.76 ,1230 ,48.07 ,0.76 ,13.76 ,68.03 ,18.21 ,46.56 ,2.06 ,1.56 ,0.26 ,0.29 ,
Fujian,Minjiang River Estuary,3 ,30—40,2.01 ,3.94 ,124.10 ,47.43 ,0.81 ,11.46 ,6.11 ,1840 ,50.26 ,0.82 ,12.54 ,72.68 ,14.79 ,43.10 ,2.19 ,1.96 ,0.25 ,0.23 ,
Fujian,Minjiang River Estuary,4 ,0—10,1.90 ,2.88 ,215.93 ,60.52 ,1.05 ,10.25 ,4.82 ,1430 ,48.83 ,0.71 ,16.88 ,65.17 ,17.95 ,28.25 ,1.70 ,0.97 ,0.29 ,0.27 ,
Fujian,Minjiang River Estuary,4 ,10—20,2.76 ,3.60 ,196.62 ,65.03 ,1.09 ,11.53 ,6.44 ,1280 ,48.73 ,0.82 ,12.96 ,71.92 ,15.12 ,51.08 ,1.66 ,1.31 ,0.22 ,0.29 ,
Fujian,Minjiang River Estuary,4 ,20—30,1.95 ,4.43 ,38.95 ,69.27 ,0.98 ,10.93 ,6.38 ,1710 ,47.24 ,0.87 ,21.16 ,70.95 ,7.89 ,32.04 ,2.29 ,1.78 ,0.31 ,0.26 ,
Fujian,Minjiang River Estuary,4 ,30—40,1.95 ,4.25 ,117.51 ,53.85 ,0.91 ,11.09 ,5.92 ,2010 ,47.65 ,0.87 ,14.09 ,74.29 ,11.62 ,36.69 ,2.21 ,1.84 ,0.28 ,0.26 ,
Fujian,Minjiang River Estuary,5 ,0—10,2.78 ,5.55 ,267.26 ,68.53 ,1.11 ,11.11 ,5.15 ,1620 ,50.70 ,0.67 ,10.45 ,62.90 ,26.65 ,nd,nd,nd,nd,nd,
Fujian,Minjiang River Estuary,5 ,10—20,1.72 ,3.29 ,39.81 ,67.32 ,1.06 ,10.48 ,5.98 ,1060 ,49.29 ,0.62 ,21.71 ,68.82 ,9.47 ,nd,nd,nd,nd,nd,
Fujian,Minjiang River Estuary,5 ,20—30,1.70 ,3.13 ,71.28 ,44.11 ,0.95 ,10.97 ,6.14 ,1360 ,46.32 ,0.68 ,15.58 ,74.45 ,9.98 ,nd,nd,nd,nd,nd,
Fujian,Minjiang River Estuary,5 ,30—40,1.86 ,3.54 ,50.48 ,67.53 ,0.86 ,11.22 ,6.45 ,2130 ,49.91 ,0.68 ,19.14 ,64.25 ,16.61 ,nd,nd,nd,nd,nd,
Fujian,Minjiang River Estuary,6 ,0—10,2.59 ,5.37 ,301.18 ,88.54 ,1.08 ,11.42 ,5.41 ,1260 ,50.47 ,0.61 ,13.22 ,66.38 ,20.41 ,nd,nd,nd,nd,nd,
Fujian,Minjiang River Estuary,6 ,10—20,1.94 ,3.53 ,144.55 ,72.05 ,1.10 ,10.39 ,5.71 ,1130 ,48.43 ,0.72 ,23.18 ,68.25 ,8.57 ,nd,nd,nd,nd,nd,
Fujian,Minjiang River Estuary,6 ,20—30,1.86 ,4.39 ,122.22 ,52.74 ,1.00 ,11.11 ,6.50 ,1500 ,46.15 ,0.70 ,22.40 ,69.22 ,8.38 ,nd,nd,nd,nd,nd,
Fujian,Minjiang River Estuary,6 ,30—40,1.83 ,4.42 ,95.78 ,73.55 ,0.89 ,11.40 ,6.48 ,2060 ,51.08 ,0.65 ,20.39 ,70.96 ,8.65 ,nd,nd,nd,nd,nd,
Fujian,Jiulong River Estuary,1 ,0—10,1.75 ,4.72 ,232.80 ,82.52 ,0.95 ,11.39 ,6.56 ,2870 ,49.54 ,0.73 ,19.55 ,68.90 ,11.55 ,nd,nd,nd,nd,nd,
Fujian,Jiulong River Estuary,1 ,10—20,1.72 ,4.23 ,93.66 ,63.52 ,0.89 ,10.91 ,6.61 ,3370 ,46.64 ,0.79 ,18.49 ,72.33 ,9.19 ,nd,nd,nd,nd,nd,
Fujian,Jiulong River Estuary,1 ,20—30,1.49 ,3.91 ,160.95 ,50.15 ,0.75 ,11.50 ,6.82 ,3510 ,45.33 ,0.82 ,17.90 ,73.37 ,8.73 ,nd,nd,nd,nd,nd,
Fujian,Jiulong River Estuary,1 ,30—40,1.42 ,1.23 ,126.38 ,42.13 ,0.70 ,10.74 ,5.22 ,3330 ,47.68 ,0.79 ,11.15 ,63.63 ,25.23 ,nd,nd,nd,nd,nd,
Fujian,Jiulong River Estuary,2 ,0—10,1.43 ,4.99 ,306.82 ,75.39 ,0.82 ,9.47 ,7.91 ,3620 ,56.68 ,0.73 ,17.99 ,71.15 ,10.86 ,nd,nd,nd,nd,nd,
Fujian,Jiulong River Estuary,2 ,10—20,1.62 ,3.65 ,59.96 ,85.85 ,1.02 ,9.25 ,7.93 ,3480 ,51.82 ,0.84 ,12.95 ,75.47 ,11.57 ,nd,nd,nd,nd,nd,
Fujian,Jiulong River Estuary,2 ,20—30,1.67 ,5.55 ,185.61 ,50.27 ,0.76 ,8.91 ,6.37 ,4870 ,54.68 ,0.71 ,17.80 ,72.22 ,9.98 ,nd,nd,nd,nd,nd,
Fujian,Jiulong River Estuary,2 ,30—40,1.76 ,5.47 ,88.71 ,115.54 ,0.67 ,9.52 ,5.55 ,5170 ,58.62 ,0.60 ,14.52 ,71.80 ,13.69 ,nd,nd,nd,nd,nd,
Fujian,Jiulong River Estuary,3 ,0—10,1.88 ,4.86 ,233.43 ,74.89 ,1.08 ,11.60 ,6.40 ,3280 ,50.36 ,0.69 ,14.42 ,70.15 ,15.43 ,28.88 ,1.94 ,0.31 ,0.27 ,0.22 ,
Fujian,Jiulong River Estuary,3 ,10—20,1.65 ,6.30 ,263.91 ,52.37 ,0.89 ,11.39 ,6.32 ,3270 ,50.73 ,0.68 ,14.00 ,70.00 ,15.00 ,27.09 ,2.09 ,0.31 ,0.29 ,0.23 ,
Fujian,Jiulong River Estuary,3 ,20—30,1.75 ,4.65 ,396.71 ,27.15 ,0.79 ,11.59 ,5.82 ,3910 ,50.11 ,0.72 ,18.25 ,72.25 ,9.51 ,23.48 ,2.15 ,0.35 ,0.32 ,0.24 ,
Fujian,Jiulong River Estuary,3 ,30—40,1.73 ,4.62 ,340.58 ,60.63 ,0.67 ,10.91 ,5.83 ,3720 ,46.62 ,0.79 ,15.83 ,67.92 ,16.24 ,24.68 ,1.80 ,0.29 ,0.30 ,0.24 ,
Fujian,Jiulong River Estuary,4 ,0—10,1.63 ,5.55 ,572.59 ,94.46 ,0.83 ,9.09 ,7.76 ,4440 ,58.76 ,0.57 ,11.03 ,72.75 ,16.23 ,36.45 ,2.18 ,1.60 ,0.28 ,0.28 ,
Fujian,Jiulong River Estuary,4 ,10—20,1.63 ,4.05 ,160.21 ,71.30 ,0.99 ,8.64 ,7.63 ,4040 ,55.04 ,0.71 ,11.08 ,71.09 ,17.83 ,38.58 ,2.25 ,1.49 ,0.28 ,0.28 ,
Fujian,Jiulong River Estuary,4 ,20—30,1.62 ,4.90 ,228.42 ,60.74 ,0.72 ,9.12 ,6.60 ,4260 ,56.82 ,0.70 ,16.09 ,67.98 ,15.94 ,46.73 ,2.27 ,1.64 ,0.27 ,0.26 ,
Fujian,Jiulong River Estuary,4 ,30—40,1.55 ,5.22 ,30.69 ,125.38 ,0.77 ,9.94 ,5.32 ,4730 ,57.34 ,0.60 ,13.50 ,72.00 ,13.00 ,53.69 ,2.32 ,1.44 ,0.28 ,0.26 ,
Fujian,Jiulong River Estuary,5 ,0—10,1.78 ,5.57 ,233.12 ,78.71 ,1.06 ,10.33 ,6.31 ,3160 ,47.99 ,0.73 ,9.68 ,69.05 ,21.27 ,nd,nd,nd,nd,nd,
Fujian,Jiulong River Estuary,5 ,10—20,1.57 ,4.51 ,178.79 ,57.95 ,0.93 ,11.93 ,6.11 ,3650 ,50.34 ,0.72 ,10.39 ,68.14 ,21.47 ,nd,nd,nd,nd,nd,
Fujian,Jiulong River Estuary,5 ,20—30,1.46 ,4.41 ,278.83 ,38.65 ,0.79 ,11.03 ,5.53 ,3540 ,46.64 ,0.79 ,16.88 ,68.10 ,15.02 ,nd,nd,nd,nd,nd,
Fujian,Jiulong River Estuary,5 ,30—40,1.45 ,3.49 ,233.48 ,51.38 ,0.72 ,10.74 ,5.49 ,4220 ,86.53 ,0.70 ,20.78 ,70.56 ,8.66 ,nd,nd,nd,nd,nd,
Fujian,Jiulong River Estuary,6 ,0—10,1.55 ,5.00 ,439.70 ,84.92 ,0.87 ,8.63 ,7.66 ,4240 ,53.58 ,0.76 ,15.48 ,73.21 ,11.31 ,nd,nd,nd,nd,nd,
Fujian,Jiulong River Estuary,6 ,10—20,1.58 ,3.56 ,110.08 ,78.57 ,1.01 ,8.73 ,7.38 ,4170 ,52.44 ,0.80 ,18.23 ,71.75 ,10.03 ,nd,nd,nd,nd,nd,
Fujian,Jiulong River Estuary,6 ,20—30,1.70 ,5.11 ,207.01 ,55.51 ,0.78 ,9.62 ,5.84 ,5430 ,55.52 ,0.70 ,11.14 ,73.35 ,15.51 ,nd,nd,nd,nd,nd,
Fujian,Jiulong River Estuary,6 ,30—40,1.70 ,6.95 ,59.70 ,120.46 ,0.77 ,10.74 ,5.42 ,5780 ,58.44 ,0.62 ,13.55 ,73.24 ,13.21 ,nd,nd,nd,nd,nd,
Fujian,Zhangjiang River Estuary,1 ,0—10,2.19 ,5.96 ,753.06 ,28.33 ,0.95 ,10.66 ,6.37 ,2470 ,49.41 ,0.71 ,8.77 ,51.43 ,39.80 ,nd,nd,nd,nd,nd,
Fujian,Zhangjiang River Estuary,1 ,10—20,1.69 ,4.16 ,330.11 ,49.86 ,0.76 ,13.79 ,5.71 ,2920 ,49.64 ,0.70 ,12.11 ,61.54 ,26.35 ,nd,nd,nd,nd,nd,
Fujian,Zhangjiang River Estuary,1 ,20—30,1.50 ,2.60 ,243.81 ,64.90 ,0.66 ,15.12 ,6.06 ,3640 ,51.36 ,0.66 ,11.70 ,62.60 ,25.71 ,nd,nd,nd,nd,nd,
Fujian,Zhangjiang River Estuary,1 ,30—40,1.32 ,4.67 ,96.14 ,51.00 ,0.67 ,13.81 ,7.19 ,4620 ,47.39 ,0.74 ,13.67 ,65.41 ,20.92 ,nd,nd,nd,nd,nd,
Fujian,Zhangjiang River Estuary,2 ,0—10,1.74 ,5.26 ,714.92 ,78.81 ,0.89 ,13.09 ,6.42 ,2300 ,58.39 ,0.61 ,12.81 ,59.95 ,27.24 ,nd,nd,nd,nd,nd,
Fujian,Zhangjiang River Estuary,2 ,10—20,1.48 ,3.01 ,450.33 ,60.19 ,0.69 ,11.57 ,6.90 ,1880 ,54.00 ,0.69 ,21.30 ,72.72 ,5.98 ,nd,nd,nd,nd,nd,
Fujian,Zhangjiang River Estuary,2 ,20—30,1.51 ,2.67 ,242.04 ,46.30 ,0.71 ,10.60 ,6.35 ,2030 ,53.50 ,0.67 ,20.15 ,69.85 ,10.00 ,nd,nd,nd,nd,nd,
Fujian,Zhangjiang River Estuary,2 ,30—40,1.27 ,5.46 ,164.55 ,56.65 ,0.68 ,11.23 ,6.89 ,1730 ,49.83 ,0.78 ,20.83 ,70.49 ,8.68 ,nd,nd,nd,nd,nd,
Fujian,Zhangjiang River Estuary,3 ,0—10,2.10 ,4.72 ,477.11 ,42.78 ,0.96 ,11.37 ,6.42 ,1930 ,49.77 ,0.72 ,11.43 ,60.75 ,27.82 ,8.90 ,1.53 ,0.55 ,0.25 ,0.19 ,
Fujian,Zhangjiang River Estuary,3 ,10—20,1.64 ,3.18 ,525.93 ,51.54 ,0.77 ,13.04 ,6.46 ,2420 ,48.12 ,0.74 ,14.91 ,62.11 ,22.98 ,6.31 ,1.38 ,0.70 ,0.28 ,0.24 ,
Fujian,Zhangjiang River Estuary,3 ,20—30,1.52 ,4.04 ,488.41 ,62.15 ,0.83 ,11.86 ,6.64 ,2990 ,46.59 ,0.76 ,15.44 ,70.05 ,14.51 ,5.66 ,1.26 ,0.64 ,0.28 ,0.25 ,
Fujian,Zhangjiang River Estuary,3 ,30—40,1.31 ,3.09 ,120.85 ,59.06 ,0.69 ,13.23 ,6.72 ,3800 ,44.86 ,0.84 ,18.02 ,70.12 ,11.86 ,7.73 ,1.28 ,0.76 ,0.27 ,0.24 ,
Fujian,Zhangjiang River Estuary,4 ,0—10,1.57 ,5.41 ,498.57 ,64.21 ,0.96 ,15.23 ,6.24 ,2340 ,55.19 ,0.68 ,14.93 ,65.18 ,19.90 ,32.75 ,2.17 ,1.57 ,0.23 ,0.30 ,
Fujian,Zhangjiang River Estuary,4 ,10—20,1.49 ,2.73 ,317.19 ,32.87 ,0.72 ,12.45 ,6.73 ,1990 ,54.00 ,0.65 ,14.08 ,73.93 ,11.99 ,15.57 ,1.90 ,1.16 ,0.26 ,0.28 ,
Fujian,Zhangjiang River Estuary,4 ,20—30,1.28 ,5.17 ,294.21 ,44.04 ,0.67 ,13.34 ,6.50 ,2300 ,51.52 ,0.78 ,13.65 ,67.78 ,18.57 ,12.19 ,1.70 ,1.24 ,0.26 ,0.27 ,
Fujian,Zhangjiang River Estuary,4 ,30—40,1.22 ,5.96 ,74.39 ,41.59 ,0.74 ,11.48 ,7.17 ,2220 ,50.06 ,0.73 ,7.56 ,54.84 ,37.60 ,9.11 ,1.46 ,1.21 ,0.27 ,0.26 ,
Fujian,Zhangjiang River Estuary,5 ,0—10,2.17 ,4.51 ,400.42 ,48.97 ,0.96 ,11.62 ,6.08 ,2550 ,47.80 ,0.75 ,17.55 ,69.34 ,13.12 ,nd,nd,nd,nd,nd,
Fujian,Zhangjiang River Estuary,5 ,10—20,1.58 ,3.26 ,487.66 ,48.35 ,0.79 ,13.33 ,6.47 ,2230 ,49.19 ,0.73 ,20.93 ,68.78 ,10.29 ,nd,nd,nd,nd,nd,
Fujian,Zhangjiang River Estuary,5 ,20—30,1.53 ,3.58 ,320.17 ,63.05 ,0.76 ,11.85 ,6.96 ,2710 ,46.09 ,0.80 ,19.37 ,68.16 ,12.47 ,nd,nd,nd,nd,nd,
Fujian,Zhangjiang River Estuary,5 ,30—40,1.28 ,4.92 ,394.21 ,59.08 ,0.70 ,13.54 ,6.84 ,3140 ,45.83 ,0.74 ,22.13 ,70.02 ,7.85 ,nd,nd,nd,nd,nd,
Fujian,Zhangjiang River Estuary,6 ,0—10,1.61 ,5.73 ,519.49 ,88.59 ,0.90 ,15.43 ,6.53 ,2370 ,59.06 ,0.50 ,13.18 ,59.81 ,27.01 ,nd,nd,nd,nd,nd,
Fujian,Zhangjiang River Estuary,6 ,10—20,1.44 ,3.47 ,92.92 ,49.57 ,0.69 ,11.94 ,6.67 ,1670 ,55.09 ,0.67 ,22.09 ,71.96 ,5.95 ,nd,nd,nd,nd,nd,
Fujian,Zhangjiang River Estuary,6 ,20—30,1.31 ,5.51 ,274.88 ,51.56 ,0.68 ,12.06 ,6.79 ,1390 ,54.25 ,0.66 ,7.69 ,52.24 ,40.08 ,nd,nd,nd,nd,nd,
Fujian,Zhangjiang River Estuary,6 ,30—40,1.21 ,5.64 ,77.97 ,37.51 ,0.73 ,11.77 ,7.21 ,1650 ,50.31 ,0.78 ,14.82 ,69.72 ,15.46 ,nd,nd,nd,nd,nd,
Fujian,Zhangjiang River Estuary,7 ,0—10,1.48 ,5.69 ,425.93 ,63.89 ,0.74 ,12.96 ,6.45 ,3730 ,44.00 ,0.89 ,18.63 ,70.87 ,10.51 ,nd,nd,nd,nd,nd,
Fujian,Zhangjiang River Estuary,7 ,10—20,1.41 ,4.99 ,441.45 ,73.79 ,0.62 ,13.60 ,6.16 ,4830 ,45.39 ,0.83 ,15.84 ,67.48 ,16.68 ,nd,nd,nd,nd,nd,
Fujian,Zhangjiang River Estuary,7 ,20—30,1.37 ,6.93 ,314.92 ,183.78 ,0.63 ,15.31 ,3.78 ,6640 ,47.89 ,0.74 ,13.73 ,66.11 ,20.16 ,nd,nd,nd,nd,nd,
Fujian,Zhangjiang River Estuary,7 ,30—40,1.26 ,5.60 ,91.01 ,197.85 ,0.61 ,14.30 ,3.94 ,7410 ,44.98 ,0.88 ,19.21 ,70.23 ,10.56 ,nd,nd,nd,nd,nd,
Fujian,Zhangjiang River Estuary,8 ,0—10,1.49 ,6.57 ,330.57 ,56.19 ,0.87 ,14.26 ,6.92 ,2490 ,44.55 ,0.78 ,18.65 ,64.76 ,16.59 ,nd,nd,nd,nd,nd,
Fujian,Zhangjiang River Estuary,8 ,10—20,1.24 ,7.58 ,54.60 ,86.92 ,0.64 ,12.79 ,7.49 ,3650 ,39.96 ,0.94 ,12.92 ,63.27 ,23.82 ,nd,nd,nd,nd,nd,
Fujian,Zhangjiang River Estuary,8 ,20—30,1.14 ,2.99 ,289.88 ,91.59 ,0.62 ,13.10 ,7.97 ,3870 ,40.61 ,0.97 ,18.06 ,69.13 ,12.81 ,nd,nd,nd,nd,nd,
Fujian,Zhangjiang River Estuary,8 ,30—40,1.68 ,6.49 ,454.21 ,98.55 ,0.88 ,9.76 ,6.73 ,6700 ,43.90 ,0.82 ,16.06 ,70.73 ,13.21 ,nd,nd,nd,nd,nd,
Fujian,Zhangjiang River Estuary,9 ,0—10,1.49 ,5.75 ,489.08 ,73.33 ,0.75 ,13.04 ,6.93 ,2040 ,44.37 ,0.82 ,21.37 ,67.13 ,11.50 ,11.62 ,1.93 ,0.41 ,0.27 ,0.17 ,
Fujian,Zhangjiang River Estuary,9 ,10—20,1.39 ,4.39 ,515.51 ,69.98 ,0.64 ,13.85 ,6.00 ,3960 ,46.14 ,0.81 ,17.79 ,68.84 ,13.37 ,13.91 ,1.54 ,0.39 ,0.22 ,0.16 ,
Fujian,Zhangjiang River Estuary,9 ,20—30,1.39 ,5.25 ,69.90 ,170.01 ,0.62 ,13.85 ,5.99 ,5570 ,46.67 ,0.80 ,19.76 ,68.94 ,11.31 ,10.31 ,1.43 ,0.51 ,0.24 ,0.19 ,
Fujian,Zhangjiang River Estuary,9 ,30—40,1.40 ,3.40 ,418.52 ,205.36 ,0.60 ,13.55 ,3.86 ,6580 ,48.19 ,0.76 ,12.60 ,61.12 ,26.29 ,10.05 ,1.25 ,0.45 ,0.28 ,0.25 ,
Fujian,Zhangjiang River Estuary,10 ,0—10,1.51 ,4.28 ,531.92 ,78.28 ,0.95 ,12.79 ,7.17 ,2560 ,47.71 ,0.80 ,13.91 ,71.23 ,14.86 ,15.79 ,1.82 ,1.35 ,0.27 ,0.25 ,
Fujian,Zhangjiang River Estuary,10 ,10—20,1.25 ,4.21 ,356.12 ,86.30 ,0.68 ,13.05 ,7.09 ,3700 ,44.62 ,0.82 ,11.97 ,63.16 ,24.88 ,13.18 ,1.70 ,0.77 ,0.26 ,0.23 ,
Fujian,Zhangjiang River Estuary,10 ,20—30,1.24 ,3.83 ,184.37 ,88.39 ,0.69 ,12.74 ,7.90 ,3590 ,43.32 ,0.88 ,19.21 ,70.91 ,9.88 ,6.21 ,1.28 ,0.54 ,0.29 ,0.28 ,
Fujian,Zhangjiang River Estuary,10 ,30—40,1.23 ,4.15 ,264.13 ,91.34 ,0.88 ,12.77 ,7.95 ,3730 ,42.76 ,0.88 ,19.37 ,69.86 ,10.78 ,6.86 ,1.31 ,0.45 ,0.28 ,0.24 ,
Fujian,Zhangjiang River Estuary,11 ,0—10,1.47 ,3.78 ,457.50 ,68.61 ,0.72 ,13.77 ,6.74 ,2070 ,34.75 ,0.97 ,18.07 ,68.95 ,12.98 ,nd,nd,nd,nd,nd,
Fujian,Zhangjiang River Estuary,11 ,10—20,1.49 ,5.96 ,478.48 ,71.88 ,0.62 ,12.79 ,5.40 ,4300 ,46.81 ,0.75 ,15.37 ,68.13 ,16.49 ,nd,nd,nd,nd,nd,
Fujian,Zhangjiang River Estuary,11 ,20—30,1.38 ,5.84 ,192.41 ,176.90 ,0.64 ,13.86 ,4.04 ,5680 ,44.71 ,0.85 ,14.23 ,65.99 ,19.78 ,nd,nd,nd,nd,nd,
Fujian,Zhangjiang River Estuary,11 ,30—40,1.45 ,5.26 ,254.77 ,201.61 ,0.60 ,14.03 ,3.57 ,8280 ,51.16 ,0.63 ,18.08 ,70.47 ,11.45 ,nd,nd,nd,nd,nd,
Fujian,Zhangjiang River Estuary,12 ,0—10,1.65 ,5.31 ,431.25 ,67.24 ,0.92 ,12.90 ,7.05 ,2530 ,45.19 ,0.82 ,16.17 ,66.33 ,17.51 ,nd,nd,nd,nd,nd,
Fujian,Zhangjiang River Estuary,12 ,10—20,1.27 ,5.07 ,205.36 ,86.61 ,0.68 ,13.09 ,7.59 ,3940 ,44.76 ,0.84 ,21.37 ,67.84 ,10.80 ,nd,nd,nd,nd,nd,
Fujian,Zhangjiang River Estuary,12 ,20—30,1.11 ,4.44 ,237.12 ,89.99 ,0.65 ,14.23 ,7.74 ,4830 ,43.04 ,0.90 ,13.07 ,68.81 ,18.12 ,nd,nd,nd,nd,nd,
Fujian,Zhangjiang River Estuary,12 ,30—40,1.31 ,4.24 ,359.17 ,94.94 ,0.87 ,13.24 ,7.75 ,4770 ,45.11 ,0.86 ,19.76 ,67.17 ,13.07 ,nd,nd,nd,nd,nd,
Guangdong,Zhanjiang,1 ,0—10,1.92 ,4.16 ,871.24 ,112.75 ,0.73 ,9.29 ,6.22 ,7100 ,53.28 ,0.71 ,10.60 ,59.43 ,29.97 ,nd,nd,nd,nd,nd,
Guangdong,Zhanjiang,1 ,10—20,1.83 ,5.53 ,634.80 ,70.35 ,0.61 ,9.43 ,6.28 ,7340 ,51.71 ,0.71 ,17.77 ,52.47 ,29.76 ,nd,nd,nd,nd,nd,
Guangdong,Zhanjiang,1 ,20—30,1.85 ,4.84 ,799.24 ,101.81 ,0.56 ,9.63 ,6.05 ,7940 ,55.34 ,0.54 ,18.76 ,52.71 ,28.52 ,nd,nd,nd,nd,nd,
Guangdong,Zhanjiang,1 ,30—40,1.80 ,5.17 ,615.10 ,56.85 ,0.59 ,9.34 ,6.03 ,7810 ,52.52 ,0.75 ,10.09 ,60.87 ,29.05 ,nd,nd,nd,nd,nd,
Guangdong,Zhanjiang,2 ,0—10,1.82 ,4.29 ,820.72 ,86.18 ,0.79 ,9.55 ,6.78 ,9310 ,55.86 ,0.59 ,12.74 ,62.00 ,25.26 ,nd,nd,nd,nd,nd,
Guangdong,Zhanjiang,2 ,10—20,1.84 ,4.13 ,677.16 ,67.28 ,0.72 ,10.11 ,6.42 ,8620 ,54.94 ,0.59 ,21.36 ,59.31 ,19.34 ,nd,nd,nd,nd,nd,
Guangdong,Zhanjiang,2 ,20—30,1.55 ,3.51 ,665.83 ,73.41 ,0.64 ,9.33 ,6.13 ,9000 ,56.48 ,0.59 ,15.22 ,65.43 ,19.36 ,nd,nd,nd,nd,nd,
Guangdong,Zhanjiang,2 ,30—40,1.34 ,2.29 ,663.16 ,72.34 ,0.53 ,9.60 ,6.22 ,7730 ,45.48 ,0.74 ,17.25 ,49.75 ,33.01 ,nd,nd,nd,nd,nd,
Guangdong,Zhanjiang,3 ,0—10,2.06 ,2.84 ,946.05 ,112.14 ,0.80 ,8.52 ,7.01 ,6440 ,49.64 ,0.70 ,14.63 ,65.10 ,20.26 ,10.43 ,1.52 ,0.95 ,0.30 ,0.25 ,
Guangdong,Zhanjiang,3 ,10—20,2.07 ,3.54 ,716.96 ,79.16 ,0.70 ,8.20 ,6.31 ,7230 ,51.55 ,0.68 ,13.81 ,63.05 ,23.14 ,16.60 ,1.73 ,0.35 ,0.24 ,0.16 ,
Guangdong,Zhanjiang,3 ,20—30,1.88 ,4.17 ,498.53 ,65.83 ,0.61 ,9.07 ,6.62 ,7250 ,52.40 ,0.73 ,18.88 ,56.18 ,24.94 ,14.47 ,1.71 ,0.36 ,0.26 ,0.18 ,
Guangdong,Zhanjiang,3 ,30—40,1.93 ,3.47 ,439.44 ,39.18 ,0.60 ,9.13 ,6.75 ,7550 ,52.55 ,0.62 ,9.70 ,54.71 ,35.60 ,18.95 ,1.76 ,0.34 ,0.23 ,0.16 ,
Guangdong,Zhanjiang,4 ,0—10,1.73 ,3.30 ,583.78 ,84.68 ,0.78 ,9.72 ,6.17 ,8800 ,58.76 ,0.53 ,18.04 ,49.42 ,32.54 ,17.60 ,1.74 ,0.69 ,0.25 ,0.22 ,
Guangdong,Zhanjiang,4 ,10—20,1.64 ,3.24 ,538.97 ,44.77 ,0.58 ,9.77 ,5.76 ,8530 ,57.68 ,0.56 ,15.63 ,59.96 ,24.41 ,17.57 ,1.69 ,0.67 ,0.27 ,0.24 ,
Guangdong,Zhanjiang,4 ,20—30,1.67 ,3.26 ,353.12 ,75.42 ,0.59 ,9.72 ,6.00 ,8970 ,58.47 ,0.58 ,15.08 ,40.26 ,44.66 ,16.62 ,1.88 ,0.67 ,0.26 ,0.21 ,
Guangdong,Zhanjiang,4 ,30—40,1.73 ,2.55 ,348.59 ,77.36 ,0.61 ,9.69 ,5.91 ,9570 ,60.39 ,0.60 ,17.23 ,53.29 ,29.48 ,17.62 ,1.74 ,0.58 ,0.25 ,0.22 ,
Guangdong,Zhanjiang,5 ,0—10,2.19 ,3.26 ,803.53 ,91.88 ,0.81 ,8.30 ,7.10 ,6690 ,50.00 ,0.70 ,17.72 ,48.45 ,33.83 ,nd,nd,nd,nd,nd,
Guangdong,Zhanjiang,5 ,10—20,2.30 ,2.98 ,508.53 ,72.94 ,0.67 ,7.98 ,7.01 ,6900 ,61.64 ,0.67 ,19.41 ,59.12 ,21.47 ,nd,nd,nd,nd,nd,
Guangdong,Zhanjiang,5 ,20—30,1.78 ,2.67 ,491.79 ,73.29 ,0.60 ,9.08 ,6.79 ,6590 ,58.02 ,0.68 ,17.94 ,54.30 ,27.77 ,nd,nd,nd,nd,nd,
Guangdong,Zhanjiang,5 ,30—40,2.01 ,3.09 ,682.77 ,38.13 ,0.63 ,7.67 ,6.53 ,7420 ,44.79 ,0.65 ,14.12 ,41.65 ,44.23 ,nd,nd,nd,nd,nd,
Guangdong,Zhanjiang,6 ,0—10,1.77 ,4.26 ,735.29 ,67.23 ,0.80 ,9.48 ,6.58 ,9130 ,55.24 ,0.58 ,20.48 ,59.96 ,19.56 ,nd,nd,nd,nd,nd,
Guangdong,Zhanjiang,6 ,10—20,1.78 ,3.74 ,327.57 ,50.99 ,0.66 ,9.34 ,6.40 ,9080 ,56.93 ,0.57 ,14.02 ,62.71 ,23.27 ,nd,nd,nd,nd,nd,
Guangdong,Zhanjiang,6 ,20—30,1.93 ,3.74 ,340.75 ,65.94 ,0.62 ,8.80 ,6.36 ,8220 ,56.84 ,0.62 ,18.38 ,59.04 ,22.58 ,nd,nd,nd,nd,nd,
Guangdong,Zhanjiang,6 ,30—40,1.91 ,2.76 ,583.33 ,50.15 ,0.60 ,8.67 ,6.66 ,8620 ,54.59 ,0.64 ,8.92 ,56.99 ,34.10 ,nd,nd,nd,nd,nd,
Guangxi,Beihai,1 ,0—10,1.20 ,4.79 ,404.50 ,68.82 ,0.31 ,8.81 ,4.43 ,3990 ,42.28 ,1.23 ,5.44 ,16.94 ,77.63 ,nd,nd,nd,nd,nd,
Guangxi,Beihai,1 ,10—20,1.14 ,2.93 ,437.77 ,97.35 ,0.33 ,9.38 ,4.35 ,4420 ,45.38 ,1.15 ,7.42 ,22.43 ,70.15 ,nd,nd,nd,nd,nd,
Guangxi,Beihai,1 ,20—30,0.83 ,4.94 ,238.92 ,83.37 ,0.41 ,8.90 ,4.06 ,3520 ,27.80 ,1.55 ,5.80 ,15.96 ,78.24 ,nd,nd,nd,nd,nd,
Guangxi,Beihai,1 ,30—40,0.43 ,3.78 ,250.85 ,33.99 ,0.12 ,5.69 ,3.87 ,1580 ,21.83 ,1.53 ,1.05 ,3.64 ,95.32 ,nd,nd,nd,nd,nd,
Guangxi,Beihai,2 ,0—10,1.51 ,7.27 ,428.24 ,74.13 ,0.48 ,8.64 ,5.71 ,7700 ,92.98 ,0.76 ,9.72 ,35.19 ,55.09 ,nd,nd,nd,nd,nd,
Guangxi,Beihai,2 ,10—20,1.15 ,4.06 ,295.96 ,96.80 ,0.33 ,8.53 ,4.44 ,5010 ,54.01 ,1.08 ,7.06 ,20.77 ,72.17 ,nd,nd,nd,nd,nd,
Guangxi,Beihai,2 ,20—30,0.78 ,5.27 ,312.12 ,38.72 ,0.26 ,8.90 ,4.93 ,3490 ,26.85 ,1.49 ,4.37 ,12.20 ,83.43 ,nd,nd,nd,nd,nd,
Guangxi,Beihai,2 ,30—40,0.89 ,1.31 ,512.59 ,46.16 ,0.29 ,8.60 ,4.83 ,3300 ,30.31 ,1.40 ,2.43 ,6.87 ,90.70 ,nd,nd,nd,nd,nd,
Guangxi,Beihai,3 ,0—10,1.09 ,4.96 ,318.95 ,47.59 ,0.23 ,8.62 ,5.57 ,3920 ,39.20 ,1.25 ,4.00 ,13.16 ,82.84 ,18.22 ,1.69 ,0.36 ,0.26 ,0.19 ,
Guangxi,Beihai,3 ,10—20,1.06 ,4.62 ,166.53 ,116.55 ,0.25 ,9.04 ,5.21 ,4160 ,38.90 ,1.28 ,9.87 ,30.29 ,59.84 ,16.93 ,1.63 ,0.29 ,0.26 ,0.18 ,
Guangxi,Beihai,3 ,20—30,0.99 ,7.93 ,360.73 ,69.05 ,0.32 ,8.20 ,4.38 ,3770 ,34.48 ,1.35 ,6.23 ,16.99 ,76.78 ,23.46 ,1.63 ,0.40 ,0.34 ,0.24 ,
Guangxi,Beihai,3 ,30—40,0.37 ,3.78 ,141.03 ,47.47 ,0.12 ,7.59 ,3.70 ,2490 ,19.74 ,1.55 ,2.66 ,7.54 ,89.80 ,29.46 ,1.46 ,0.47 ,0.45 ,0.30 ,
Guangxi,Beihai,4 ,0—10,1.49 ,1.97 ,478.22 ,67.15 ,0.50 ,9.06 ,5.69 ,6180 ,60.63 ,1.05 ,7.90 ,30.49 ,61.62 ,9.24 ,1.50 ,0.34 ,0.29 ,0.25 ,
Guangxi,Beihai,4 ,10—20,1.35 ,5.01 ,613.36 ,106.65 ,0.36 ,8.69 ,4.28 ,5600 ,52.37 ,1.06 ,9.79 ,27.87 ,62.34 ,21.17 ,1.64 ,0.67 ,0.28 ,0.25 ,
Guangxi,Beihai,4 ,20—30,0.84 ,2.41 ,312.15 ,51.73 ,0.25 ,7.46 ,4.62 ,3010 ,24.15 ,1.48 ,3.05 ,8.53 ,88.42 ,14.22 ,1.32 ,0.42 ,0.36 ,0.31 ,
Guangxi,Beihai,4 ,30—40,0.79 ,5.11 ,232.31 ,41.61 ,0.22 ,5.92 ,4.45 ,3060 ,25.98 ,1.53 ,3.17 ,8.29 ,88.54 ,22.89 ,1.41 ,0.26 ,0.28 ,0.21 ,
Guangxi,Beihai,5 ,0—10,1.14 ,4.61 ,361.73 ,58.21 ,0.34 ,8.98 ,5.35 ,3650 ,44.01 ,1.20 ,4.39 ,14.30 ,81.31 ,nd,nd,nd,nd,nd,
Guangxi,Beihai,5 ,10—20,1.09 ,6.46 ,302.15 ,106.95 ,0.30 ,9.65 ,4.27 ,3650 ,37.31 ,1.29 ,4.98 ,15.95 ,79.07 ,nd,nd,nd,nd,nd,
Guangxi,Beihai,5 ,20—30,0.76 ,7.17 ,299.83 ,76.21 ,0.30 ,8.19 ,4.80 ,3280 ,28.44 ,1.48 ,4.74 ,13.54 ,81.72 ,nd,nd,nd,nd,nd,
Guangxi,Beihai,5 ,30—40,0.84 ,3.78 ,195.94 ,40.73 ,0.12 ,6.77 ,4.17 ,3370 ,28.64 ,1.44 ,3.50 ,9.88 ,86.62 ,nd,nd,nd,nd,nd,
Guangxi,Beihai,6 ,0—10,1.55 ,4.81 ,453.23 ,70.64 ,0.50 ,8.74 ,4.10 ,7120 ,56.08 ,0.99 ,10.69 ,35.76 ,53.56 ,nd,nd,nd,nd,nd,
Guangxi,Beihai,6 ,10—20,0.91 ,3.33 ,454.66 ,101.73 ,0.35 ,7.99 ,4.28 ,4580 ,33.82 ,1.38 ,9.69 ,27.17 ,63.14 ,nd,nd,nd,nd,nd,
Guangxi,Beihai,6 ,20—30,0.79 ,1.89 ,312.14 ,45.22 ,0.26 ,7.36 ,4.07 ,3860 ,33.42 ,1.34 ,6.58 ,17.79 ,75.62 ,nd,nd,nd,nd,nd,
Guangxi,Beihai,6 ,30—40,0.70 ,2.43 ,372.45 ,43.88 ,0.25 ,6.43 ,3.60 ,2750 ,22.32 ,1.52 ,4.91 ,13.81 ,81.28 ,nd,nd,nd,nd,nd,
Hainan,Dongzhai Bay,1 ,0—100,nd,nd,nd,nd,nd,nd,nd,nd,nd,nd,nd,nd,nd,nd,nd,nd,nd,nd,
Hainan,Qinglan Harbor,2 ,0—100,nd,nd,nd,nd,nd,nd,nd,nd,nd,nd,nd,nd,nd,nd,nd,nd,nd,nd,
Hainan,Xinying Harbor,3 ,0—100,nd,nd,nd,nd,nd,nd,nd,nd,nd,nd,nd,nd,nd,nd,nd,nd,nd,nd,
Hainan,Dongzhai Bay,4 ,0—100,nd,nd,nd,nd,nd,nd,nd,nd,nd,nd,nd,nd,nd,nd,nd,nd,nd,nd,
Hainan,Dongzhai Bay,5 ,0—100,nd,nd,nd,nd,nd,nd,nd,nd,nd,nd,nd,nd,nd,nd,nd,nd,nd,nd,
Hainan,Dongzhai Bay,6 ,0—100,nd,nd,nd,nd,nd,nd,nd,nd,nd,nd,nd,nd,nd,nd,nd,nd,nd,nd,
Hainan,Dongzhai Bay,7 ,0—100,nd,nd,nd,nd,nd,nd,nd,nd,nd,nd,nd,nd,nd,nd,nd,nd,nd,nd,
Hainan,Dongzhai Bay,8 ,0—100,nd,nd,nd,nd,nd,nd,nd,nd,nd,nd,nd,nd,nd,nd,nd,nd,nd,nd,
Hainan,Dongzhai Bay,9 ,0—100,nd,nd,nd,nd,nd,nd,nd,nd,nd,nd,nd,nd,nd,nd,nd,nd,nd,nd,
Hainan,Dongzhai Bay,10 ,0—100,nd,nd,nd,nd,nd,nd,nd,nd,nd,nd,nd,nd,nd,nd,nd,nd,nd,nd,
Hainan,Dongzhai Bay,11 ,0—100,nd,nd,nd,nd,nd,nd,nd,nd,nd,nd,nd,nd,nd,nd,nd,nd,nd,nd,
Hainan,Dongzhai Bay,12 ,0—100,nd,nd,nd,nd,nd,nd,nd,nd,nd,nd,nd,nd,nd,nd,nd,nd,nd,nd,
Hainan,Dongzhai Bay,13 ,0—100,nd,nd,nd,nd,nd,nd,nd,nd,nd,nd,nd,nd,nd,nd,nd,nd,nd,nd,
Hainan,Dongzhai Bay,14 ,0—100,nd,nd,nd,nd,nd,nd,nd,nd,nd,nd,nd,nd,nd,nd,nd,nd,nd,nd,
Hainan,Dongzhai Bay,15 ,0—100,nd,nd,nd,nd,nd,nd,nd,nd,nd,nd,nd,nd,nd,nd,nd,nd,nd,nd,
Hainan,Dongzhai Bay,16 ,0—100,nd,nd,nd,nd,nd,nd,nd,nd,nd,nd,nd,nd,nd,nd,nd,nd,nd,nd,
Hainan,Dongzhai Bay,17 ,0—100,nd,nd,nd,nd,nd,nd,nd,nd,nd,nd,nd,nd,nd,nd,nd,nd,nd,nd,
Hainan,Dongzhai Bay,18 ,0—100,nd,nd,nd,nd,nd,nd,nd,nd,nd,nd,nd,nd,nd,nd,nd,nd,nd,nd,
Hainan,Dongzhai Bay,19 ,0—100,nd,nd,nd,nd,nd,nd,nd,nd,nd,nd,nd,nd,nd,nd,nd,nd,nd,nd,
Hainan,Dongzhai Bay,20 ,0—100,nd,nd,nd,nd,nd,nd,nd,nd,nd,nd,nd,nd,nd,nd,nd,nd,nd,nd,
Hainan,Dongzhai Bay,21 ,0—100,nd,nd,nd,nd,nd,nd,nd,nd,nd,nd,nd,nd,nd,nd,nd,nd,nd,nd,
Hainan,Dongzhai Bay,22 ,0—100,nd,nd,nd,nd,nd,nd,nd,nd,nd,nd,nd,nd,nd,nd,nd,nd,nd,nd,
Hainan,Dongzhai Bay,23 ,0—100,nd,nd,nd,nd,nd,nd,nd,nd,nd,nd,nd,nd,nd,nd,nd,nd,nd,nd,
Hainan,Dongzhai Bay,24 ,0—100,nd,nd,nd,nd,nd,nd,nd,nd,nd,nd,nd,nd,nd,nd,nd,nd,nd,nd,
Hainan,Dongzhai Bay,25 ,0—100,nd,nd,nd,nd,nd,nd,nd,nd,nd,nd,nd,nd,nd,nd,nd,nd,nd,nd,
Hainan,Dongzhai Bay,26 ,0—100,nd,nd,nd,nd,nd,nd,nd,nd,nd,nd,nd,nd,nd,nd,nd,nd,nd,nd,
Hainan,Dongzhai Bay,27 ,0—100,nd,nd,nd,nd,nd,nd,nd,nd,nd,nd,nd,nd,nd,nd,nd,nd,nd,nd,
Hainan,Qianglan Harbor,28 ,0—100,nd,nd,nd,nd,nd,nd,nd,nd,nd,nd,nd,nd,nd,nd,nd,nd,nd,nd,
Hainan,Qianglan Harbor,29 ,0—100,nd,nd,nd,nd,nd,nd,nd,nd,nd,nd,nd,nd,nd,nd,nd,nd,nd,nd,
Hainan,Qianglan Harbor,30 ,0—100,nd,nd,nd,nd,nd,nd,nd,nd,nd,nd,nd,nd,nd,nd,nd,nd,nd,nd,
Hainan,Qianglan Harbor,31 ,0—100,nd,nd,nd,nd,nd,nd,nd,nd,nd,nd,nd,nd,nd,nd,nd,nd,nd,nd,
Hainan,Qinglan Harbor,32 ,0—100,nd,nd,nd,nd,nd,nd,nd,nd,nd,nd,nd,nd,nd,nd,nd,nd,nd,nd,
Hainan,Sanya Bay,33 ,0—100,nd,nd,nd,nd,nd,nd,nd,nd,nd,nd,nd,nd,nd,nd,nd,nd,nd,nd,
Hainan,Sanya Bay,34 ,0—100,nd,nd,nd,nd,nd,nd,nd,nd,nd,nd,nd,nd,nd,nd,nd,nd,nd,nd,
Hainan,Sanya Bay,35 ,0—100,nd,nd,nd,nd,nd,nd,nd,nd,nd,nd,nd,nd,nd,nd,nd,nd,nd,nd,
Hainan,Sibi Bay,36 ,0—100,nd,nd,nd,nd,nd,nd,nd,nd,nd,nd,nd,nd,nd,nd,nd,nd,nd,nd,
Hainan,Xinying Bay,37 ,0—100,nd,nd,nd,nd,nd,nd,nd,nd,nd,nd,nd,nd,nd,nd,nd,nd,nd,nd,
Hainan,"Dongzhai Bay, Qinglan Harbor, Tielu Harbor, Danzhou, Lingao",38 ,0—100,nd,nd,nd,nd,nd,nd,nd,nd,nd,nd,nd,nd,nd,nd,nd,nd,nd,nd,
,,,,,,,,,,,,,,,,,,,,,,
,,,,,,,,,,,,,,,,,,,,,,
,,,,,,,,,,,,,,,,,,,,,,
,,,,,,,,,,,,,,,,,,,,,,
,,,,,,,,,,,,,,,,,,,,,,
