Province,Wetland,Site,Soil depth,"SOC content 
(g kg-1)",SOC density (Mg ha-1),Reference,,,,,,,,,,,,
Liaoning ,Liao River Delta,1 ,0—10,21.58 ,24.30 ,This study,,,,,,,,,,,,
Liaoning ,Liao River Delta,1 ,10—20,11.26 ,14.40 ,This study,,,,,,,,,,,,
Liaoning ,Liao River Delta,1 ,20—30,11.07 ,12.60 ,This study,,,,,,,,,,,,
Liaoning ,Liao River Delta,1 ,30—40,9.96 ,13.30 ,This study,,,,,,,,,,,,
Liaoning ,Liao River Delta,1 ,40—60,10.01 ,26.42 ,This study,,,,,,,,,,,,
Liaoning ,Liao River Delta,1 ,60—80,12.62 ,31.04 ,This study,,,,,,,,,,,,
Liaoning ,Liao River Delta,1 ,80—100,11.84 ,29.71 ,This study,,,,,,,,,,,,
Liaoning ,Liao River Delta,2 ,0—10,6.32 ,8.15 ,This study,,,,,,,,,,,,
Liaoning ,Liao River Delta,2 ,10—20,10.05 ,13.22 ,This study,,,,,,,,,,,,
Liaoning ,Liao River Delta,2 ,20—30,11.50 ,15.72 ,This study,,,,,,,,,,,,
Liaoning ,Liao River Delta,2 ,30—40,9.91 ,12.58 ,This study,,,,,,,,,,,,
Liaoning ,Liao River Delta,2 ,40—60,12.67 ,31.12 ,This study,,,,,,,,,,,,
Liaoning ,Liao River Delta,2 ,60—80,10.28 ,26.93 ,This study,,,,,,,,,,,,
Liaoning ,Liao River Delta,2 ,80—100,11.00 ,28.23 ,This study,,,,,,,,,,,,
Liaoning ,Liao River Delta,3 ,0—10,10.64 ,15.04 ,This study,,,,,,,,,,,,
Liaoning ,Liao River Delta,3 ,10—20,9.19 ,12.55 ,This study,,,,,,,,,,,,
Liaoning ,Liao River Delta,3 ,20—30,9.94 ,12.60 ,This study,,,,,,,,,,,,
Liaoning ,Liao River Delta,3 ,30—40,6.88 ,8.92 ,This study,,,,,,,,,,,,
Liaoning ,Liao River Delta,3 ,40—60,9.45 ,25.37 ,This study,,,,,,,,,,,,
Liaoning ,Liao River Delta,3 ,60—80,9.36 ,25.19 ,This study,,,,,,,,,,,,
Liaoning ,Liao River Delta,3 ,80—100,9.54 ,25.54 ,This study,,,,,,,,,,,,
Liaoning ,Liao River Delta,4 ,0—10,10.47 ,11.87 ,This study,,,,,,,,,,,,
Liaoning ,Liao River Delta,4 ,10—20,12.74 ,15.25 ,This study,,,,,,,,,,,,
Liaoning ,Liao River Delta,4 ,20—30,8.99 ,12.53 ,This study,,,,,,,,,,,,
Liaoning ,Liao River Delta,4 ,30—40,7.36 ,11.69 ,This study,,,,,,,,,,,,
Liaoning ,Liao River Delta,4 ,40—60,5.80 ,17.77 ,This study,,,,,,,,,,,,
Liaoning ,Liao River Delta,4 ,60—80,4.75 ,15.29 ,This study,,,,,,,,,,,,
Liaoning ,Liao River Delta,4 ,80—100,5.78 ,17.72 ,This study,,,,,,,,,,,,
Liaoning ,Liao River Delta,5 ,0—10,6.19 ,8.81 ,This study,,,,,,,,,,,,
Liaoning ,Liao River Delta,5 ,10—20,5.07 ,8.81 ,This study,,,,,,,,,,,,
Liaoning ,Liao River Delta,5 ,20—30,6.03 ,10.31 ,This study,,,,,,,,,,,,
Liaoning ,Liao River Delta,5 ,30—40,5.26 ,8.43 ,This study,,,,,,,,,,,,
Liaoning ,Liao River Delta,5 ,40—60,4.46 ,14.58 ,This study,,,,,,,,,,,,
Liaoning ,Liao River Delta,5 ,60—80,4.76 ,15.32 ,This study,,,,,,,,,,,,
Liaoning ,Liao River Delta,5 ,80—100,5.82 ,17.83 ,This study,,,,,,,,,,,,
Liaoning ,Liao River Delta,6 ,0—10,6.98 ,10.20 ,This study,,,,,,,,,,,,
Liaoning ,Liao River Delta,6 ,10—20,12.75 ,15.63 ,This study,,,,,,,,,,,,
Liaoning ,Liao River Delta,6 ,20—30,8.74 ,15.33 ,This study,,,,,,,,,,,,
Liaoning ,Liao River Delta,6 ,30—40,9.52 ,12.75 ,This study,,,,,,,,,,,,
Liaoning ,Liao River Delta,6 ,40—60,8.68 ,23.87 ,This study,,,,,,,,,,,,
Liaoning ,Liao River Delta,6 ,60—80,10.39 ,27.13 ,This study,,,,,,,,,,,,
Liaoning ,Liao River Delta,6 ,80—100,8.80 ,24.12 ,This study,,,,,,,,,,,,
Liaoning ,Liao River Delta,7 ,0—10,36.72 ,29.90 ,This study,,,,,,,,,,,,
Liaoning ,Liao River Delta,7 ,10—20,16.81 ,18.80 ,This study,,,,,,,,,,,,
Liaoning ,Liao River Delta,7 ,20—30,14.25 ,16.85 ,This study,,,,,,,,,,,,
Liaoning ,Liao River Delta,7 ,30—40,9.98 ,13.19 ,This study,,,,,,,,,,,,
Liaoning ,Liao River Delta,7 ,40—60,9.61 ,25.67 ,This study,,,,,,,,,,,,
Liaoning ,Liao River Delta,7 ,60—80,9.31 ,25.11 ,This study,,,,,,,,,,,,
Liaoning ,Liao River Delta,7 ,80—100,7.48 ,21.44 ,This study,,,,,,,,,,,,
Tianjin, Duliujian River ,1 ,0—10,12.58 ,18.08 ,This study,,,,,,,,,,,,
Tianjin, Duliujian River ,1 ,10—20,7.33 ,11.31 ,This study,,,,,,,,,,,,
Tianjin, Duliujian River ,1 ,20—30,7.18 ,10.85 ,This study,,,,,,,,,,,,
Tianjin, Duliujian River ,1 ,30—40,7.99 ,10.61 ,This study,,,,,,,,,,,,
Tianjin, Duliujian River ,1 ,40—60,7.59 ,23.47 ,This study,,,,,,,,,,,,
Tianjin, Duliujian River ,1 ,60—80,4.49 ,14.93 ,This study,,,,,,,,,,,,
Tianjin, Duliujian River ,1 ,80—100,4.01 ,13.48 ,This study,,,,,,,,,,,,
Tianjin, Duliujian River ,2 ,0—10,9.82 ,16.45 ,This study,,,,,,,,,,,,
Tianjin, Duliujian River ,2 ,10—20,6.84 ,9.80 ,This study,,,,,,,,,,,,
Tianjin, Duliujian River ,2 ,20—30,9.51 ,13.35 ,This study,,,,,,,,,,,,
Tianjin, Duliujian River ,2 ,30—40,9.74 ,14.27 ,This study,,,,,,,,,,,,
Tianjin, Duliujian River ,2 ,40—60,6.86 ,21.57 ,This study,,,,,,,,,,,,
Tianjin, Duliujian River ,2 ,60—80,4.73 ,15.64 ,This study,,,,,,,,,,,,
Tianjin, Duliujian River ,2 ,80—100,3.63 ,12.30 ,This study,,,,,,,,,,,,
Tianjin, Duliujian River ,3 ,0—10,9.29 ,13.07 ,This study,,,,,,,,,,,,
Tianjin, Duliujian River ,3 ,10—20,10.41 ,15.77 ,This study,,,,,,,,,,,,
Tianjin, Duliujian River ,3 ,20—30,9.47 ,15.20 ,This study,,,,,,,,,,,,
Tianjin, Duliujian River ,3 ,30—40,9.36 ,13.67 ,This study,,,,,,,,,,,,
Tianjin, Duliujian River ,3 ,40—60,9.23 ,27.39 ,This study,,,,,,,,,,,,
Tianjin, Duliujian River ,3 ,60—80,11.80 ,32.74 ,This study,,,,,,,,,,,,
Tianjin, Duliujian River ,3 ,80—100,12.51 ,34.03 ,This study,,,,,,,,,,,,
Tianjin, Duliujian River ,4 ,0—10,7.72 ,11.80 ,This study,,,,,,,,,,,,
Tianjin, Duliujian River ,4 ,10—20,6.07 ,10.51 ,This study,,,,,,,,,,,,
Tianjin, Duliujian River ,4 ,20—30,6.11 ,10.58 ,This study,,,,,,,,,,,,
Tianjin, Duliujian River ,4 ,30—40,3.78 ,6.35 ,This study,,,,,,,,,,,,
Tianjin, Duliujian River ,4 ,40—60,3.73 ,12.60 ,This study,,,,,,,,,,,,
Tianjin, Duliujian River ,4 ,60—80,6.09 ,19.50 ,This study,,,,,,,,,,,,
Tianjin, Duliujian River ,4 ,80—100,4.82 ,15.90 ,This study,,,,,,,,,,,,
Tianjin, Duliujian River ,5 ,0—10,11.45 ,15.32 ,This study,,,,,,,,,,,,
Tianjin, Duliujian River ,5 ,10—20,8.06 ,12.25 ,This study,,,,,,,,,,,,
Tianjin, Duliujian River ,5 ,20—30,5.96 ,8.90 ,This study,,,,,,,,,,,,
Tianjin, Duliujian River ,5 ,30—40,5.44 ,8.79 ,This study,,,,,,,,,,,,
Tianjin, Duliujian River ,5 ,40—60,5.68 ,18.38 ,This study,,,,,,,,,,,,
Tianjin, Duliujian River ,5 ,60—80,5.97 ,19.17 ,This study,,,,,,,,,,,,
Tianjin, Duliujian River ,5 ,80—100,5.18 ,16.95 ,This study,,,,,,,,,,,,
Tianjin, Duliujian River ,6 ,0—10,4.24 ,6.61 ,This study,,,,,,,,,,,,
Tianjin, Duliujian River ,6 ,10—20,3.72 ,6.49 ,This study,,,,,,,,,,,,
Tianjin, Duliujian River ,6 ,20—30,3.81 ,6.75 ,This study,,,,,,,,,,,,
Tianjin, Duliujian River ,6 ,30—40,3.79 ,6.41 ,This study,,,,,,,,,,,,
Tianjin, Duliujian River ,6 ,40—60,3.77 ,12.75 ,This study,,,,,,,,,,,,
Tianjin, Duliujian River ,6 ,60—80,6.15 ,19.67 ,This study,,,,,,,,,,,,
Tianjin, Duliujian River ,6 ,80—100,4.86 ,16.03 ,This study,,,,,,,,,,,,
Tianjin, Duliujian River ,7 ,0—10,5.00 ,7.87 ,This study,,,,,,,,,,,,
Tianjin, Duliujian River ,7 ,10—20,4.57 ,8.32 ,This study,,,,,,,,,,,,
Tianjin, Duliujian River ,7 ,20—30,4.07 ,7.28 ,This study,,,,,,,,,,,,
Tianjin, Duliujian River ,7 ,30—40,4.15 ,7.22 ,This study,,,,,,,,,,,,
Tianjin, Duliujian River ,7 ,40—60,4.56 ,15.12 ,This study,,,,,,,,,,,,
Tianjin, Duliujian River ,7 ,60—80,4.86 ,16.02 ,This study,,,,,,,,,,,,
Tianjin, Duliujian River ,7 ,80—100,5.27 ,17.21 ,This study,,,,,,,,,,,,
Tianjin, Duliujian River ,8 ,0—10,7.96 ,11.15 ,This study,,,,,,,,,,,,
Tianjin, Duliujian River ,8 ,10—20,4.59 ,7.12 ,This study,,,,,,,,,,,,
Tianjin, Duliujian River ,8 ,20—30,4.79 ,8.24 ,This study,,,,,,,,,,,,
Tianjin, Duliujian River ,8 ,30—40,4.46 ,7.78 ,This study,,,,,,,,,,,,
Tianjin, Duliujian River ,8 ,40—60,4.38 ,14.60 ,This study,,,,,,,,,,,,
Tianjin, Duliujian River ,8 ,60—80,3.70 ,12.52 ,This study,,,,,,,,,,,,
Tianjin, Duliujian River ,8 ,80—100,3.90 ,13.14 ,This study,,,,,,,,,,,,
Tianjin, Duliujian River ,9 ,0—10,5.24 ,8.43 ,This study,,,,,,,,,,,,
Tianjin, Duliujian River ,9 ,10—20,4.80 ,8.56 ,This study,,,,,,,,,,,,
Tianjin, Duliujian River ,9 ,20—30,5.14 ,8.86 ,This study,,,,,,,,,,,,
Tianjin, Duliujian River ,9 ,30—40,4.88 ,8.57 ,This study,,,,,,,,,,,,
Tianjin, Duliujian River ,9 ,40—60,5.30 ,17.29 ,This study,,,,,,,,,,,,
Tianjin, Duliujian River ,9 ,60—80,5.27 ,17.22 ,This study,,,,,,,,,,,,
Tianjin, Duliujian River ,9 ,80—100,4.89 ,16.12 ,This study,,,,,,,,,,,,
Tianjin, Duliujian River ,10 ,0—10,4.60 ,6.79 ,This study,,,,,,,,,,,,
Tianjin, Duliujian River ,10 ,10—20,3.94 ,7.00 ,This study,,,,,,,,,,,,
Tianjin, Duliujian River ,10 ,20—30,3.28 ,5.41 ,This study,,,,,,,,,,,,
Tianjin, Duliujian River ,10 ,30—40,4.13 ,6.64 ,This study,,,,,,,,,,,,
Tianjin, Duliujian River ,10 ,40—60,4.49 ,14.92 ,This study,,,,,,,,,,,,
Tianjin, Duliujian River ,10 ,60—80,3.59 ,12.17 ,This study,,,,,,,,,,,,
Tianjin, Duliujian River ,10 ,80—100,4.25 ,14.20 ,This study,,,,,,,,,,,,
Tianjin, Duliujian River ,11 ,0—10,4.27 ,6.59 ,This study,,,,,,,,,,,,
Tianjin, Duliujian River ,11 ,10—20,4.07 ,7.14 ,This study,,,,,,,,,,,,
Tianjin, Duliujian River ,11 ,20—30,3.79 ,6.64 ,This study,,,,,,,,,,,,
Tianjin, Duliujian River ,11 ,30—40,3.79 ,6.46 ,This study,,,,,,,,,,,,
Tianjin, Duliujian River ,11 ,40—60,5.04 ,16.55 ,This study,,,,,,,,,,,,
Tianjin, Duliujian River ,11 ,60—80,5.00 ,16.43 ,This study,,,,,,,,,,,,
Tianjin, Duliujian River ,11 ,80—100,4.91 ,16.17 ,This study,,,,,,,,,,,,
Tianjin, Duliujian River ,12 ,0—10,1.59 ,2.80 ,This study,,,,,,,,,,,,
Tianjin, Duliujian River ,12 ,10—20,1.91 ,3.13 ,This study,,,,,,,,,,,,
Tianjin, Duliujian River ,12 ,20—30,5.70 ,9.60 ,This study,,,,,,,,,,,,
Tianjin, Duliujian River ,12 ,30—40,6.41 ,8.57 ,This study,,,,,,,,,,,,
Tianjin, Duliujian River ,12 ,40—60,5.85 ,18.85 ,This study,,,,,,,,,,,,
Tianjin, Duliujian River ,12 ,60—80,5.09 ,16.69 ,This study,,,,,,,,,,,,
Tianjin, Duliujian River ,12 ,80—100,5.25 ,17.15 ,This study,,,,,,,,,,,,
Hebei,Nandagang Wetland,1 ,0—10,11.01 ,14.51 ,This study,,,,,,,,,,,,
Hebei,Nandagang Wetland,1 ,10—20,15.21 ,18.75 ,This study,,,,,,,,,,,,
Hebei,Nandagang Wetland,1 ,20—30,17.12 ,20.50 ,This study,,,,,,,,,,,,
Hebei,Nandagang Wetland,1 ,30—40,13.67 ,17.26 ,This study,,,,,,,,,,,,
Hebei,Nandagang Wetland,1 ,40—60,10.93 ,28.84 ,This study,,,,,,,,,,,,
Hebei,Nandagang Wetland,1 ,60—80,8.48 ,23.32 ,This study,,,,,,,,,,,,
Hebei,Nandagang Wetland,1 ,80—100,7.03 ,19.81 ,This study,,,,,,,,,,,,
Hebei,Nandagang Wetland,2 ,0—10,15.85 ,19.34 ,This study,,,,,,,,,,,,
Hebei,Nandagang Wetland,2 ,10—20,14.45 ,18.02 ,This study,,,,,,,,,,,,
Hebei,Nandagang Wetland,2 ,20—30,11.46 ,14.99 ,This study,,,,,,,,,,,,
Hebei,Nandagang Wetland,2 ,30—40,11.66 ,15.20 ,This study,,,,,,,,,,,,
Hebei,Nandagang Wetland,2 ,40—60,8.46 ,23.27 ,This study,,,,,,,,,,,,
Hebei,Nandagang Wetland,2 ,60—80,7.46 ,20.88 ,This study,,,,,,,,,,,,
Hebei,Nandagang Wetland,2 ,80—100,7.70 ,21.47 ,This study,,,,,,,,,,,,
Hebei,Nandagang Wetland,3 ,0—10,15.53 ,19.05 ,This study,,,,,,,,,,,,
Hebei,Nandagang Wetland,3 ,10—20,10.03 ,13.43 ,This study,,,,,,,,,,,,
Hebei,Nandagang Wetland,3 ,20—30,6.02 ,8.63 ,This study,,,,,,,,,,,,
Hebei,Nandagang Wetland,3 ,30—40,6.57 ,9.33 ,This study,,,,,,,,,,,,
Hebei,Nandagang Wetland,3 ,40—60,8.17 ,22.60 ,This study,,,,,,,,,,,,
Hebei,Nandagang Wetland,3 ,60—80,8.25 ,22.78 ,This study,,,,,,,,,,,,
Hebei,Nandagang Wetland,3 ,80—100,7.01 ,19.78 ,This study,,,,,,,,,,,,
Shandong,Yellow River Estuary,1 ,0—10,2.79 ,4.72 ,This study,,,,,,,,,,,,
Shandong,Yellow River Estuary,1 ,10—20,2.60 ,4.27 ,This study,,,,,,,,,,,,
Shandong,Yellow River Estuary,1 ,20—30,2.83 ,4.83 ,This study,,,,,,,,,,,,
Shandong,Yellow River Estuary,1 ,30—40,2.69 ,4.23 ,This study,,,,,,,,,,,,
Shandong,Yellow River Estuary,1 ,40—60,2.40 ,7.86 ,This study,,,,,,,,,,,,
Shandong,Yellow River Estuary,1 ,60—80,2.38 ,7.81 ,This study,,,,,,,,,,,,
Shandong,Yellow River Estuary,1 ,80—100,2.29 ,7.56 ,This study,,,,,,,,,,,,
Shandong,Yellow River Estuary,2 ,0—10,7.33 ,11.11 ,This study,,,,,,,,,,,,
Shandong,Yellow River Estuary,2 ,10—20,3.54 ,5.79 ,This study,,,,,,,,,,,,
Shandong,Yellow River Estuary,2 ,20—30,4.40 ,6.77 ,This study,,,,,,,,,,,,
Shandong,Yellow River Estuary,2 ,30—40,2.46 ,3.95 ,This study,,,,,,,,,,,,
Shandong,Yellow River Estuary,2 ,40—60,3.11 ,9.65 ,This study,,,,,,,,,,,,
Shandong,Yellow River Estuary,2 ,60—80,2.37 ,7.79 ,This study,,,,,,,,,,,,
Shandong,Yellow River Estuary,2 ,80—100,1.60 ,5.55 ,This study,,,,,,,,,,,,
Shandong,Yellow River Estuary,3 ,0—10,5.07 ,8.13 ,This study,,,,,,,,,,,,
Shandong,Yellow River Estuary,3 ,10—20,2.79 ,4.93 ,This study,,,,,,,,,,,,
Shandong,Yellow River Estuary,3 ,20—30,3.51 ,5.48 ,This study,,,,,,,,,,,,
Shandong,Yellow River Estuary,3 ,30—40,2.57 ,4.07 ,This study,,,,,,,,,,,,
Shandong,Yellow River Estuary,3 ,40—60,1.97 ,6.65 ,This study,,,,,,,,,,,,
Shandong,Yellow River Estuary,3 ,60—80,2.26 ,7.48 ,This study,,,,,,,,,,,,
Shandong,Yellow River Estuary,3 ,80—100,2.15 ,7.17 ,This study,,,,,,,,,,,,
Shandong,Yellow River Estuary,4 ,0—10,8.83 ,9.53 ,This study,,,,,,,,,,,,
Shandong,Yellow River Estuary,4 ,10—20,4.24 ,6.12 ,This study,,,,,,,,,,,,
Shandong,Yellow River Estuary,4 ,20—30,4.55 ,6.82 ,This study,,,,,,,,,,,,
Shandong,Yellow River Estuary,4 ,30—40,2.04 ,3.19 ,This study,,,,,,,,,,,,
Shandong,Yellow River Estuary,4 ,40—60,2.58 ,8.33 ,This study,,,,,,,,,,,,
Shandong,Yellow River Estuary,4 ,60—80,2.81 ,8.92 ,This study,,,,,,,,,,,,
Shandong,Yellow River Estuary,4 ,80—100,1.89 ,6.44 ,This study,,,,,,,,,,,,
Shandong,Yellow River Estuary,5 ,0—10,8.66 ,8.18 ,This study,,,,,,,,,,,,
Shandong,Yellow River Estuary,5 ,10—20,5.38 ,6.11 ,This study,,,,,,,,,,,,
Shandong,Yellow River Estuary,5 ,20—30,4.84 ,6.61 ,This study,,,,,,,,,,,,
Shandong,Yellow River Estuary,5 ,30—40,4.22 ,5.34 ,This study,,,,,,,,,,,,
Shandong,Yellow River Estuary,5 ,40—60,3.21 ,9.90 ,This study,,,,,,,,,,,,
Shandong,Yellow River Estuary,5 ,60—80,2.55 ,8.27 ,This study,,,,,,,,,,,,
Shandong,Yellow River Estuary,5 ,80—100,2.17 ,7.24 ,This study,,,,,,,,,,,,
Shandong,Yellow River Estuary,6 ,0—10,2.99 ,4.97 ,This study,,,,,,,,,,,,
Shandong,Yellow River Estuary,6 ,10—20,2.03 ,3.35 ,This study,,,,,,,,,,,,
Shandong,Yellow River Estuary,6 ,20—30,1.86 ,2.85 ,This study,,,,,,,,,,,,
Shandong,Yellow River Estuary,6 ,30—40,2.10 ,3.26 ,This study,,,,,,,,,,,,
Shandong,Yellow River Estuary,6 ,40—60,2.09 ,7.00 ,This study,,,,,,,,,,,,
Shandong,Yellow River Estuary,6 ,60—80,1.31 ,4.67 ,This study,,,,,,,,,,,,
Shandong,Yellow River Estuary,6 ,80—100,0.63 ,2.35 ,This study,,,,,,,,,,,,
Jiangsu,Linhong River Estuary,1 ,0—100,nd,93.70 ,"Fu et al., 2021",,,,,,,,,,,,
Jiangsu,Sheyang River Estuary,2 ,0—100,nd,103.60 ,"Fu et al., 2021",,,,,,,,,,,,
Jiangsu,Doulong Harbor,3 ,0—100,nd,63.30 ,"Fu et al., 2021",,,,,,,,,,,,
Jiangsu,Dafeng,4 ,0—100,nd,61.30 ,"Fu et al., 2021",,,,,,,,,,,,
Jiangsu,Qidong,5 ,0—100,nd,19.50 ,"Fu et al., 2021",,,,,,,,,,,,
Jiangsu,Wanggang Wetland,6 ,0—100,3.20 ,40.80 ,"Gao et al., 2016",,,,,,,,,,,,
Jiangsu,Wanggang Wetland,7 ,0—100,3.40 ,42.90 ,"Gao et al., 2016",,,,,,,,,,,,
Jiangsu,Wanggang Wetland,8 ,0—100,2.90 ,31.30 ,"Gao et al., 2016",,,,,,,,,,,,
Jiangsu,Yancheng Wetland,9 ,0—100,0.90 ,14.35 ,"Liu et al., 2017",,,,,,,,,,,,
Jiangsu,Yancheng Wetland,10 ,0—100,2.40 ,31.84 ,"Liu et al., 2017",,,,,,,,,,,,
Jiangsu,Yancheng Wetland,11 ,0—100,2.70 ,36.92 ,"Liu et al., 2017",,,,,,,,,,,,
Jiangsu,Yancheng Wetland,12 ,0—100,3.80 ,49.19 ,"Liu et al., 2017",,,,,,,,,,,,
Jiangsu,Yancheng Wetland,13 ,0—100,3.40 ,44.03 ,"Liu et al., 2017",,,,,,,,,,,,
Jiangsu,Yancheng Wetland,14 ,0—100,2.70 ,37.67 ,"Liu et al., 2017",,,,,,,,,,,,
Jiangsu,Yancheng Wetland,15 ,0—100,1.60 ,23.59 ,"Liu et al., 2017",,,,,,,,,,,,
Jiangsu,Yancheng Wetland,16 ,0—100,3.10 ,41.92 ,"Liu et al., 2017",,,,,,,,,,,,
Jiangsu,Yancheng Wetland,17 ,0—100,2.30 ,32.82 ,"Liu et al., 2017",,,,,,,,,,,,
Jiangsu,Yancheng Wetland,18 ,0—100,4.40 ,56.30 ,"Zang, 2019",,,,,,,,,,,,
Jiangsu,Yancheng Wetland,19 ,0—100,4.30 ,56.10 ,"Zang, 2019",,,,,,,,,,,,
Jiangsu,Yancheng Wetland,20 ,0—100,5.20 ,65.30 ,"Zang, 2019",,,,,,,,,,,,
Jiangsu,Yancheng Wetland,21 ,0—100,5.90 ,71.90 ,"Yang, 2019",,,,,,,,,,,,
Jiangsu,Dafeng Wetland,22 ,0—100,2.00 ,29.10 ,"Yang, 2016",,,,,,,,,,,,
Shanghai,Chongming Island,1 ,0—10,20.08 ,13.65 ,This study,,,,,,,,,,,,
Shanghai,Chongming Island,1 ,10—20,26.67 ,21.69 ,This study,,,,,,,,,,,,
Shanghai,Chongming Island,1 ,20—30,19.66 ,16.05 ,This study,,,,,,,,,,,,
Shanghai,Chongming Island,1 ,30—40,18.74 ,17.87 ,This study,,,,,,,,,,,,
Shanghai,Chongming Island,1 ,40—60,nd,27.89 ,This study,,,,,,,,,,,,
Shanghai,Chongming Island,1 ,60—80,nd,27.41 ,This study,,,,,,,,,,,,
Shanghai,Chongming Island,1 ,80—100,nd,26.90 ,This study,,,,,,,,,,,,
Shanghai,Chongming Island,2 ,0—10,22.90 ,12.52 ,This study,,,,,,,,,,,,
Shanghai,Chongming Island,2 ,10—20,22.07 ,15.82 ,This study,,,,,,,,,,,,
Shanghai,Chongming Island,2 ,20—30,16.70 ,18.04 ,This study,,,,,,,,,,,,
Shanghai,Chongming Island,2 ,30—40,16.49 ,16.88 ,This study,,,,,,,,,,,,
Shanghai,Chongming Island,2 ,40—60,nd,25.76 ,This study,,,,,,,,,,,,
Shanghai,Chongming Island,2 ,60—80,nd,25.29 ,This study,,,,,,,,,,,,
Shanghai,Chongming Island,2 ,80—100,nd,24.69 ,This study,,,,,,,,,,,,
Shanghai,Chongming Island,3 ,0—10,20.61 ,12.92 ,This study,,,,,,,,,,,,
Shanghai,Chongming Island,3 ,10—20,27.65 ,19.35 ,This study,,,,,,,,,,,,
Shanghai,Chongming Island,3 ,20—30,18.32 ,16.24 ,This study,,,,,,,,,,,,
Shanghai,Chongming Island,3 ,30—40,19.01 ,14.77 ,This study,,,,,,,,,,,,
Shanghai,Chongming Island,3 ,40—60,nd,25.76 ,This study,,,,,,,,,,,,
Shanghai,Chongming Island,3 ,60—80,nd,25.30 ,This study,,,,,,,,,,,,
Shanghai,Chongming Island,3 ,80—100,nd,24.70 ,This study,,,,,,,,,,,,
Shanghai,Chongming Island,4 ,0—10,24.77 ,12.14 ,This study,,,,,,,,,,,,
Shanghai,Chongming Island,4 ,10—20,22.39 ,18.96 ,This study,,,,,,,,,,,,
Shanghai,Chongming Island,4 ,20—30,17.18 ,21.47 ,This study,,,,,,,,,,,,
Shanghai,Chongming Island,4 ,30—40,16.43 ,16.10 ,This study,,,,,,,,,,,,
Shanghai,Chongming Island,4 ,40—60,nd,27.67 ,This study,,,,,,,,,,,,
Shanghai,Chongming Island,4 ,60—80,nd,27.20 ,This study,,,,,,,,,,,,
Shanghai,Chongming Island,4 ,80—100,nd,26.68 ,This study,,,,,,,,,,,,
Shanghai,Chongming Island,5 ,0—10,20.51 ,12.85 ,This study,,,,,,,,,,,,
Shanghai,Chongming Island,5 ,10—20,28.49 ,17.47 ,This study,,,,,,,,,,,,
Shanghai,Chongming Island,5 ,20—30,18.10 ,15.99 ,This study,,,,,,,,,,,,
Shanghai,Chongming Island,5 ,30—40,20.30 ,14.01 ,This study,,,,,,,,,,,,
Shanghai,Chongming Island,5 ,40—60,nd,24.71 ,This study,,,,,,,,,,,,
Shanghai,Chongming Island,5 ,60—80,nd,24.26 ,This study,,,,,,,,,,,,
Shanghai,Chongming Island,5 ,80—100,nd,23.61 ,This study,,,,,,,,,,,,
Shanghai,Chongming Island,6 ,0—10,24.78 ,11.15 ,This study,,,,,,,,,,,,
Shanghai,Chongming Island,6 ,10—20,17.91 ,13.79 ,This study,,,,,,,,,,,,
Shanghai,Chongming Island,6 ,20—30,22.76 ,22.30 ,This study,,,,,,,,,,,,
Shanghai,Chongming Island,6 ,30—40,17.57 ,15.17 ,This study,,,,,,,,,,,,
Shanghai,Chongming Island,6 ,40—60,nd,25.45 ,This study,,,,,,,,,,,,
Shanghai,Chongming Island,6 ,60—80,nd,25.00 ,This study,,,,,,,,,,,,
Shanghai,Chongming Island,6 ,80—100,nd,24.38 ,This study,,,,,,,,,,,,
Shanghai,Hengsha Island,1 ,0—10,19.75 ,21.40 ,This study,,,,,,,,,,,,
Shanghai,Hengsha Island,1 ,10—20,19.80 ,22.64 ,This study,,,,,,,,,,,,
Shanghai,Hengsha Island,1 ,20—30,19.33 ,22.42 ,This study,,,,,,,,,,,,
Shanghai,Hengsha Island,1 ,30—40,19.70 ,25.34 ,This study,,,,,,,,,,,,
Shanghai,Hengsha Island,1 ,40—60,nd,35.87 ,This study,,,,,,,,,,,,
Shanghai,Hengsha Island,1 ,60—80,nd,35.35 ,This study,,,,,,,,,,,,
Shanghai,Hengsha Island,1 ,80—100,nd,35.16 ,This study,,,,,,,,,,,,
Shanghai,Hengsha Isand,2 ,0—10,19.47 ,17.52 ,This study,,,,,,,,,,,,
Shanghai,Hengsha Isand,2 ,10—20,19.02 ,21.49 ,This study,,,,,,,,,,,,
Shanghai,Hengsha Isand,2 ,20—30,18.94 ,21.53 ,This study,,,,,,,,,,,,
Shanghai,Hengsha Isand,2 ,30—40,18.86 ,24.02 ,This study,,,,,,,,,,,,
Shanghai,Hengsha Isand,2 ,40—60,nd,33.30 ,This study,,,,,,,,,,,,
Shanghai,Hengsha Isand,2 ,60—80,nd,32.80 ,This study,,,,,,,,,,,,
Shanghai,Hengsha Isand,2 ,80—100,nd,32.51 ,This study,,,,,,,,,,,,
Shanghai,Hengsha Island,3 ,0—10,20.45 ,20.17 ,This study,,,,,,,,,,,,
Shanghai,Hengsha Island,3 ,10—20,20.12 ,23.68 ,This study,,,,,,,,,,,,
Shanghai,Hengsha Island,3 ,20—30,19.55 ,23.14 ,This study,,,,,,,,,,,,
Shanghai,Hengsha Island,3 ,30—40,19.46 ,24.65 ,This study,,,,,,,,,,,,
Shanghai,Hengsha Island,3 ,40—60,nd,35.81 ,This study,,,,,,,,,,,,
Shanghai,Hengsha Island,3 ,60—80,nd,35.29 ,This study,,,,,,,,,,,,
Shanghai,Hengsha Island,3 ,80—100,nd,35.10 ,This study,,,,,,,,,,,,
Shanghai,Hengsha Island,4 ,0—10,19.80 ,21.98 ,This study,,,,,,,,,,,,
Shanghai,Hengsha Island,4 ,10—20,21.35 ,23.42 ,This study,,,,,,,,,,,,
Shanghai,Hengsha Island,4 ,20—30,18.85 ,20.99 ,This study,,,,,,,,,,,,
Shanghai,Hengsha Island,4 ,30—40,19.22 ,20.37 ,This study,,,,,,,,,,,,
Shanghai,Hengsha Island,4 ,40—60,nd,34.08 ,This study,,,,,,,,,,,,
Shanghai,Hengsha Island,4 ,60—80,nd,33.57 ,This study,,,,,,,,,,,,
Shanghai,Hengsha Island,4 ,80—100,nd,33.31 ,This study,,,,,,,,,,,,
Shanghai,Hengsha Island,5 ,0—10,19.62 ,20.53 ,This study,,,,,,,,,,,,
Shanghai,Hengsha Island,5 ,10—20,15.34 ,14.47 ,This study,,,,,,,,,,,,
Shanghai,Hengsha Island,5 ,20—30,19.59 ,20.30 ,This study,,,,,,,,,,,,
Shanghai,Hengsha Island,5 ,30—40,19.20 ,22.02 ,This study,,,,,,,,,,,,
Shanghai,Hengsha Island,5 ,40—60,nd,32.08 ,This study,,,,,,,,,,,,
Shanghai,Hengsha Island,5 ,60—80,nd,31.58 ,This study,,,,,,,,,,,,
Shanghai,Hengsha Island,5 ,80—100,nd,31.24 ,This study,,,,,,,,,,,,
Shanghai,Hengsha Island,6 ,0—10,19.20 ,21.89 ,This study,,,,,,,,,,,,
Shanghai,Hengsha Island,6 ,10—20,18.91 ,25.08 ,This study,,,,,,,,,,,,
Shanghai,Hengsha Island,6 ,20—30,18.86 ,23.20 ,This study,,,,,,,,,,,,
Shanghai,Hengsha Island,6 ,30—40,19.51 ,23.61 ,This study,,,,,,,,,,,,
Shanghai,Hengsha Island,6 ,40—60,nd,36.57 ,This study,,,,,,,,,,,,
Shanghai,Hengsha Island,6 ,60—80,nd,36.05 ,This study,,,,,,,,,,,,
Shanghai,Hengsha Island,6 ,80—100,nd,35.89 ,This study,,,,,,,,,,,,
Zhejiang,Yueqing Bay,1 ,0—10,14.43 ,12.55 ,This study,,,,,,,,,,,,
Zhejiang,Yueqing Bay,1 ,10—20,13.08 ,11.38 ,This study,,,,,,,,,,,,
Zhejiang,Yueqing Bay,1 ,20—30,12.60 ,10.29 ,This study,,,,,,,,,,,,
Zhejiang,Yueqing Bay,1 ,30—40,12.80 ,10.79 ,This study,,,,,,,,,,,,
Zhejiang,Yueqing Bay,1 ,40—60,nd,19.30 ,This study,,,,,,,,,,,,
Zhejiang,Yueqing Bay,1 ,60—80,nd,18.87 ,This study,,,,,,,,,,,,
Zhejiang,Yueqing Bay,1 ,80—100,nd,18.00 ,This study,,,,,,,,,,,,
Zhejiang,Yueqing Bay,2 ,0—10,12.41 ,7.49 ,This study,,,,,,,,,,,,
Zhejiang,Yueqing Bay,2 ,10—20,10.96 ,6.76 ,This study,,,,,,,,,,,,
Zhejiang,Yueqing Bay,2 ,20—30,11.17 ,6.22 ,This study,,,,,,,,,,,,
Zhejiang,Yueqing Bay,2 ,30—40,11.24 ,7.04 ,This study,,,,,,,,,,,,
Zhejiang,Yueqing Bay,2 ,40—60,nd,13.09 ,This study,,,,,,,,,,,,
Zhejiang,Yueqing Bay,2 ,60—80,nd,12.70 ,This study,,,,,,,,,,,,
Zhejiang,Yueqing Bay,2 ,80—100,nd,11.57 ,This study,,,,,,,,,,,,
Zhejiang,Yueqing Bay,3 ,0—10,14.69 ,12.63 ,This study,,,,,,,,,,,,
Zhejiang,Yueqing Bay,3 ,10—20,13.37 ,11.99 ,This study,,,,,,,,,,,,
Zhejiang,Yueqing Bay,3 ,20—30,12.57 ,11.52 ,This study,,,,,,,,,,,,
Zhejiang,Yueqing Bay,3 ,30—40,12.94 ,11.30 ,This study,,,,,,,,,,,,
Zhejiang,Yueqing Bay,3 ,40—60,nd,20.15 ,This study,,,,,,,,,,,,
Zhejiang,Yueqing Bay,3 ,60—80,nd,19.72 ,This study,,,,,,,,,,,,
Zhejiang,Yueqing Bay,3 ,80—100,nd,18.89 ,This study,,,,,,,,,,,,
Zhejiang,Yueqing Bay,4 ,0—10,12.86 ,8.53 ,This study,,,,,,,,,,,,
Zhejiang,Yueqing Bay,4 ,10—20,11.52 ,6.57 ,This study,,,,,,,,,,,,
Zhejiang,Yueqing Bay,4 ,20—30,11.10 ,8.11 ,This study,,,,,,,,,,,,
Zhejiang,Yueqing Bay,4 ,30—40,11.16 ,9.41 ,This study,,,,,,,,,,,,
Zhejiang,Yueqing Bay,4 ,40—60,nd,14.90 ,This study,,,,,,,,,,,,
Zhejiang,Yueqing Bay,4 ,60—80,nd,14.50 ,This study,,,,,,,,,,,,
Zhejiang,Yueqing Bay,4 ,80—100,nd,13.45 ,This study,,,,,,,,,,,,
Zhejiang,Yueqing Bay,5 ,0—10,14.51 ,13.11 ,This study,,,,,,,,,,,,
Zhejiang,Yueqing Bay,5 ,10—20,13.54 ,10.42 ,This study,,,,,,,,,,,,
Zhejiang,Yueqing Bay,5 ,20—30,12.94 ,11.91 ,This study,,,,,,,,,,,,
Zhejiang,Yueqing Bay,5 ,30—40,13.08 ,10.77 ,This study,,,,,,,,,,,,
Zhejiang,Yueqing Bay,5 ,40—60,nd,19.72 ,This study,,,,,,,,,,,,
Zhejiang,Yueqing Bay,5 ,60—80,nd,19.29 ,This study,,,,,,,,,,,,
Zhejiang,Yueqing Bay,5 ,80—100,nd,18.43 ,This study,,,,,,,,,,,,
Zhejiang,Yueqing Bay,6 ,0—10,12.09 ,6.89 ,This study,,,,,,,,,,,,
Zhejiang,Yueqing Bay,6 ,10—20,11.22 ,7.96 ,This study,,,,,,,,,,,,
Zhejiang,Yueqing Bay,6 ,20—30,11.09 ,8.39 ,This study,,,,,,,,,,,,
Zhejiang,Yueqing Bay,6 ,30—40,11.08 ,8.90 ,This study,,,,,,,,,,,,
Zhejiang,Yueqing Bay,6 ,40—60,nd,14.74 ,This study,,,,,,,,,,,,
Zhejiang,Yueqing Bay,6 ,60—80,nd,14.34 ,This study,,,,,,,,,,,,
Zhejiang,Yueqing Bay,6 ,80—100,nd,13.28 ,This study,,,,,,,,,,,,
Fujian,Minjiang River Estuary,1 ,0—10,25.12 ,16.84 ,This study,,,,,,,,,,,,
Fujian,Minjiang River Estuary,1 ,10—20,20.32 ,10.01 ,This study,,,,,,,,,,,,
Fujian,Minjiang River Estuary,1 ,20—30,18.65 ,13.66 ,This study,,,,,,,,,,,,
Fujian,Minjiang River Estuary,1 ,30—40,20.51 ,13.22 ,This study,,,,,,,,,,,,
Fujian,Minjiang River Estuary,1 ,40—60,nd,22.38 ,This study,,,,,,,,,,,,
Fujian,Minjiang River Estuary,1 ,60—80,nd,21.94 ,This study,,,,,,,,,,,,
Fujian,Minjiang River Estuary,1 ,80—100,nd,21.19 ,This study,,,,,,,,,,,,
Fujian,Minjiang River Estuary,2 ,0—10,24.39 ,18.60 ,This study,,,,,,,,,,,,
Fujian,Minjiang River Estuary,2 ,10—20,24.21 ,18.16 ,This study,,,,,,,,,,,,
Fujian,Minjiang River Estuary,2 ,20—30,21.06 ,17.23 ,This study,,,,,,,,,,,,
Fujian,Minjiang River Estuary,2 ,30—40,22.43 ,18.70 ,This study,,,,,,,,,,,,
Fujian,Minjiang River Estuary,2 ,40—60,nd,29.09 ,This study,,,,,,,,,,,,
Fujian,Minjiang River Estuary,2 ,60—80,nd,28.62 ,This study,,,,,,,,,,,,
Fujian,Minjiang River Estuary,2 ,80—100,nd,28.15 ,This study,,,,,,,,,,,,
Fujian,Minjiang River Estuary,3 ,0—10,30.57 ,20.54 ,This study,,,,,,,,,,,,
Fujian,Minjiang River Estuary,3 ,10—20,21.84 ,14.84 ,This study,,,,,,,,,,,,
Fujian,Minjiang River Estuary,3 ,20—30,24.92 ,18.95 ,This study,,,,,,,,,,,,
Fujian,Minjiang River Estuary,3 ,30—40,23.06 ,18.96 ,This study,,,,,,,,,,,,
Fujian,Minjiang River Estuary,3 ,40—60,nd,29.31 ,This study,,,,,,,,,,,,
Fujian,Minjiang River Estuary,3 ,60—80,nd,28.83 ,This study,,,,,,,,,,,,
Fujian,Minjiang River Estuary,3 ,80—100,nd,28.37 ,This study,,,,,,,,,,,,
Fujian,Minjiang River Estuary,4 ,0—10,19.51 ,13.84 ,This study,,,,,,,,,,,,
Fujian,Minjiang River Estuary,4 ,10—20,31.80 ,26.22 ,This study,,,,,,,,,,,,
Fujian,Minjiang River Estuary,4 ,20—30,21.34 ,18.65 ,This study,,,,,,,,,,,,
Fujian,Minjiang River Estuary,4 ,30—40,21.57 ,18.85 ,This study,,,,,,,,,,,,
Fujian,Minjiang River Estuary,4 ,40—60,nd,30.83 ,This study,,,,,,,,,,,,
Fujian,Minjiang River Estuary,4 ,60—80,nd,30.34 ,This study,,,,,,,,,,,,
Fujian,Minjiang River Estuary,4 ,80—100,nd,29.94 ,This study,,,,,,,,,,,,
Fujian,Minjiang River Estuary,5 ,0—10,30.89 ,20.73 ,This study,,,,,,,,,,,,
Fujian,Minjiang River Estuary,5 ,10—20,18.04 ,11.25 ,This study,,,,,,,,,,,,
Fujian,Minjiang River Estuary,5 ,20—30,18.65 ,12.60 ,This study,,,,,,,,,,,,
Fujian,Minjiang River Estuary,5 ,30—40,20.87 ,14.11 ,This study,,,,,,,,,,,,
Fujian,Minjiang River Estuary,5 ,40—60,nd,24.14 ,This study,,,,,,,,,,,,
Fujian,Minjiang River Estuary,5 ,60—80,nd,23.68 ,This study,,,,,,,,,,,,
Fujian,Minjiang River Estuary,5 ,80—100,nd,23.01 ,This study,,,,,,,,,,,,
Fujian,Minjiang River Estuary,6 ,0—10,29.58 ,18.12 ,This study,,,,,,,,,,,,
Fujian,Minjiang River Estuary,6 ,10—20,20.11 ,14.56 ,This study,,,,,,,,,,,,
Fujian,Minjiang River Estuary,6 ,20—30,20.72 ,14.42 ,This study,,,,,,,,,,,,
Fujian,Minjiang River Estuary,6 ,30—40,20.82 ,13.46 ,This study,,,,,,,,,,,,
Fujian,Minjiang River Estuary,6 ,40—60,nd,24.80 ,This study,,,,,,,,,,,,
Fujian,Minjiang River Estuary,6 ,60—80,nd,24.34 ,This study,,,,,,,,,,,,
Fujian,Minjiang River Estuary,6 ,80—100,nd,23.70 ,This study,,,,,,,,,,,,
Fujian,Jiulong River Estuary,1 ,0—10,19.97 ,14.64 ,This study,,,,,,,,,,,,
Fujian,Jiulong River Estuary,1 ,10—20,18.75 ,14.88 ,This study,,,,,,,,,,,,
Fujian,Jiulong River Estuary,1 ,20—30,17.15 ,14.06 ,This study,,,,,,,,,,,,
Fujian,Jiulong River Estuary,1 ,30—40,15.21 ,12.02 ,This study,,,,,,,,,,,,
Fujian,Jiulong River Estuary,1 ,40—60,nd,23.04 ,This study,,,,,,,,,,,,
Fujian,Jiulong River Estuary,1 ,60—80,nd,22.60 ,This study,,,,,,,,,,,,
Fujian,Jiulong River Estuary,1 ,80—100,nd,21.88 ,This study,,,,,,,,,,,,
Fujian,Jiulong River Estuary,2 ,0—10,13.60 ,9.93 ,This study,,,,,,,,,,,,
Fujian,Jiulong River Estuary,2 ,10—20,14.95 ,12.61 ,This study,,,,,,,,,,,,
Fujian,Jiulong River Estuary,2 ,20—30,14.92 ,10.64 ,This study,,,,,,,,,,,,
Fujian,Jiulong River Estuary,2 ,30—40,16.72 ,10.09 ,This study,,,,,,,,,,,,
Fujian,Jiulong River Estuary,2 ,40—60,nd,18.68 ,This study,,,,,,,,,,,,
Fujian,Jiulong River Estuary,2 ,60—80,nd,18.25 ,This study,,,,,,,,,,,,
Fujian,Jiulong River Estuary,2 ,80—100,nd,17.36 ,This study,,,,,,,,,,,,
Fujian,Jiulong River Estuary,3 ,0—10,21.78 ,15.10 ,This study,,,,,,,,,,,,
Fujian,Jiulong River Estuary,3 ,10—20,18.76 ,12.69 ,This study,,,,,,,,,,,,
Fujian,Jiulong River Estuary,3 ,20—30,20.24 ,14.64 ,This study,,,,,,,,,,,,
Fujian,Jiulong River Estuary,3 ,30—40,18.88 ,14.91 ,This study,,,,,,,,,,,,
Fujian,Jiulong River Estuary,3 ,40—60,nd,23.66 ,This study,,,,,,,,,,,,
Fujian,Jiulong River Estuary,3 ,60—80,nd,23.21 ,This study,,,,,,,,,,,,
Fujian,Jiulong River Estuary,3 ,80—100,nd,22.52 ,This study,,,,,,,,,,,,
Fujian,Jiulong River Estuary,4 ,0—10,14.79 ,8.43 ,This study,,,,,,,,,,,,
Fujian,Jiulong River Estuary,4 ,10—20,14.11 ,10.02 ,This study,,,,,,,,,,,,
Fujian,Jiulong River Estuary,4 ,20—30,14.76 ,10.33 ,This study,,,,,,,,,,,,
Fujian,Jiulong River Estuary,4 ,30—40,15.40 ,9.29 ,This study,,,,,,,,,,,,
Fujian,Jiulong River Estuary,4 ,40—60,nd,16.84 ,This study,,,,,,,,,,,,
Fujian,Jiulong River Estuary,4 ,60—80,nd,16.43 ,This study,,,,,,,,,,,,
Fujian,Jiulong River Estuary,4 ,80—100,nd,15.45 ,This study,,,,,,,,,,,,
Fujian,Jiulong River Estuary,5 ,0—10,18.34 ,13.45 ,This study,,,,,,,,,,,,
Fujian,Jiulong River Estuary,5 ,10—20,18.76 ,13.57 ,This study,,,,,,,,,,,,
Fujian,Jiulong River Estuary,5 ,20—30,16.04 ,12.73 ,This study,,,,,,,,,,,,
Fujian,Jiulong River Estuary,5 ,30—40,15.60 ,10.92 ,This study,,,,,,,,,,,,
Fujian,Jiulong River Estuary,5 ,40—60,nd,21.30 ,This study,,,,,,,,,,,,
Fujian,Jiulong River Estuary,5 ,60—80,nd,20.86 ,This study,,,,,,,,,,,,
Fujian,Jiulong River Estuary,5 ,80—100,nd,20.07 ,This study,,,,,,,,,,,,
Fujian,Jiulong River Estuary,6 ,0—10,13.36 ,10.11 ,This study,,,,,,,,,,,,
Fujian,Jiulong River Estuary,6 ,10—20,13.78 ,11.07 ,This study,,,,,,,,,,,,
Fujian,Jiulong River Estuary,6 ,20—30,16.34 ,11.44 ,This study,,,,,,,,,,,,
Fujian,Jiulong River Estuary,6 ,30—40,18.25 ,11.25 ,This study,,,,,,,,,,,,
Fujian,Jiulong River Estuary,6 ,40—60,nd,18.89 ,This study,,,,,,,,,,,,
Fujian,Jiulong River Estuary,6 ,60—80,nd,18.47 ,This study,,,,,,,,,,,,
Fujian,Jiulong River Estuary,6 ,80—100,nd,17.58 ,This study,,,,,,,,,,,,
Fujian,Zhangjiang River Estuary,1 ,0—10,23.32 ,16.56 ,This study,,,,,,,,,,,,
Fujian,Zhangjiang River Estuary,1 ,10—20,23.29 ,16.38 ,This study,,,,,,,,,,,,
Fujian,Zhangjiang River Estuary,1 ,20—30,22.69 ,14.90 ,This study,,,,,,,,,,,,
Fujian,Zhangjiang River Estuary,1 ,30—40,18.19 ,13.46 ,This study,,,,,,,,,,,,
Fujian,Zhangjiang River Estuary,1 ,40—60,nd,25.06 ,This study,,,,,,,,,,,,
Fujian,Zhangjiang River Estuary,1 ,60—80,nd,24.61 ,This study,,,,,,,,,,,,
Fujian,Zhangjiang River Estuary,1 ,80—100,nd,23.97 ,This study,,,,,,,,,,,,
Fujian,Zhangjiang River Estuary,2 ,0—10,22.72 ,13.79 ,This study,,,,,,,,,,,,
Fujian,Zhangjiang River Estuary,2 ,10—20,17.15 ,11.83 ,This study,,,,,,,,,,,,
Fujian,Zhangjiang River Estuary,2 ,20—30,15.97 ,10.70 ,This study,,,,,,,,,,,,
Fujian,Zhangjiang River Estuary,2 ,30—40,14.28 ,11.14 ,This study,,,,,,,,,,,,
Fujian,Zhangjiang River Estuary,2 ,40—60,nd,20.16 ,This study,,,,,,,,,,,,
Fujian,Zhangjiang River Estuary,2 ,60—80,nd,19.73 ,This study,,,,,,,,,,,,
Fujian,Zhangjiang River Estuary,2 ,80—100,nd,18.89 ,This study,,,,,,,,,,,,
Fujian,Zhangjiang River Estuary,3 ,0—10,23.88 ,17.27 ,This study,,,,,,,,,,,,
Fujian,Zhangjiang River Estuary,3 ,10—20,21.33 ,15.72 ,This study,,,,,,,,,,,,
Fujian,Zhangjiang River Estuary,3 ,20—30,18.05 ,13.66 ,This study,,,,,,,,,,,,
Fujian,Zhangjiang River Estuary,3 ,30—40,17.39 ,14.61 ,This study,,,,,,,,,,,,
Fujian,Zhangjiang River Estuary,3 ,40—60,nd,25.05 ,This study,,,,,,,,,,,,
Fujian,Zhangjiang River Estuary,3 ,60—80,nd,24.59 ,This study,,,,,,,,,,,,
Fujian,Zhangjiang River Estuary,3 ,80—100,nd,23.95 ,This study,,,,,,,,,,,,
Fujian,Zhangjiang River Estuary,4 ,0—10,23.94 ,16.36 ,This study,,,,,,,,,,,,
Fujian,Zhangjiang River Estuary,4 ,10—20,18.59 ,12.09 ,This study,,,,,,,,,,,,
Fujian,Zhangjiang River Estuary,4 ,20—30,17.07 ,13.26 ,This study,,,,,,,,,,,,
Fujian,Zhangjiang River Estuary,4 ,30—40,14.05 ,10.26 ,This study,,,,,,,,,,,,
Fujian,Zhangjiang River Estuary,4 ,40—60,nd,21.75 ,This study,,,,,,,,,,,,
Fujian,Zhangjiang River Estuary,4 ,60—80,nd,21.32 ,This study,,,,,,,,,,,,
Fujian,Zhangjiang River Estuary,4 ,80—100,nd,20.54 ,This study,,,,,,,,,,,,
Fujian,Zhangjiang River Estuary,5 ,0—10,25.26 ,18.95 ,This study,,,,,,,,,,,,
Fujian,Zhangjiang River Estuary,5 ,10—20,21.04 ,15.43 ,This study,,,,,,,,,,,,
Fujian,Zhangjiang River Estuary,5 ,20—30,18.12 ,14.56 ,This study,,,,,,,,,,,,
Fujian,Zhangjiang River Estuary,5 ,30—40,17.32 ,12.76 ,This study,,,,,,,,,,,,
Fujian,Zhangjiang River Estuary,5 ,40—60,nd,25.20 ,This study,,,,,,,,,,,,
Fujian,Zhangjiang River Estuary,5 ,60—80,nd,24.75 ,This study,,,,,,,,,,,,
Fujian,Zhangjiang River Estuary,5 ,80—100,nd,24.12 ,This study,,,,,,,,,,,,
Fujian,Zhangjiang River Estuary,6 ,0—10,24.92 ,12.54 ,This study,,,,,,,,,,,,
Fujian,Zhangjiang River Estuary,6 ,10—20,17.18 ,11.57 ,This study,,,,,,,,,,,,
Fujian,Zhangjiang River Estuary,6 ,20—30,15.82 ,10.44 ,This study,,,,,,,,,,,,
Fujian,Zhangjiang River Estuary,6 ,30—40,14.28 ,11.09 ,This study,,,,,,,,,,,,
Fujian,Zhangjiang River Estuary,6 ,40—60,nd,19.52 ,This study,,,,,,,,,,,,
Fujian,Zhangjiang River Estuary,6 ,60—80,nd,19.09 ,This study,,,,,,,,,,,,
Fujian,Zhangjiang River Estuary,6 ,80—100,nd,18.23 ,This study,,,,,,,,,,,,
Fujian,Zhangjiang River Estuary,7 ,0—10,19.12 ,16.96 ,This study,,,,,,,,,,,,
Fujian,Zhangjiang River Estuary,7 ,10—20,19.18 ,15.92 ,This study,,,,,,,,,,,,
Fujian,Zhangjiang River Estuary,7 ,20—30,21.05 ,15.58 ,This study,,,,,,,,,,,,
Fujian,Zhangjiang River Estuary,7 ,30—40,18.03 ,15.80 ,This study,,,,,,,,,,,,
Fujian,Zhangjiang River Estuary,7 ,40—60,nd,26.11 ,This study,,,,,,,,,,,,
Fujian,Zhangjiang River Estuary,7 ,60—80,nd,25.65 ,This study,,,,,,,,,,,,
Fujian,Zhangjiang River Estuary,7 ,80—100,nd,25.06 ,This study,,,,,,,,,,,,
Fujian,Zhangjiang River Estuary,8 ,0—10,21.25 ,16.57 ,This study,,,,,,,,,,,,
Fujian,Zhangjiang River Estuary,8 ,10—20,15.90 ,14.90 ,This study,,,,,,,,,,,,
Fujian,Zhangjiang River Estuary,8 ,20—30,14.93 ,14.48 ,This study,,,,,,,,,,,,
Fujian,Zhangjiang River Estuary,8 ,30—40,16.45 ,13.54 ,This study,,,,,,,,,,,,
Fujian,Zhangjiang River Estuary,8 ,40—60,nd,24.42 ,This study,,,,,,,,,,,,
Fujian,Zhangjiang River Estuary,8 ,60—80,nd,23.97 ,This study,,,,,,,,,,,,
Fujian,Zhangjiang River Estuary,8 ,80—100,nd,23.31 ,This study,,,,,,,,,,,,
Fujian,Zhangjiang River Estuary,9 ,0—10,19.47 ,16.03 ,This study,,,,,,,,,,,,
Fujian,Zhangjiang River Estuary,9 ,10—20,19.31 ,15.71 ,This study,,,,,,,,,,,,
Fujian,Zhangjiang River Estuary,9 ,20—30,19.19 ,15.35 ,This study,,,,,,,,,,,,
Fujian,Zhangjiang River Estuary,9 ,30—40,18.91 ,14.44 ,This study,,,,,,,,,,,,
Fujian,Zhangjiang River Estuary,9 ,40—60,nd,25.14 ,This study,,,,,,,,,,,,
Fujian,Zhangjiang River Estuary,9 ,60—80,nd,24.68 ,This study,,,,,,,,,,,,
Fujian,Zhangjiang River Estuary,9 ,80—100,nd,24.05 ,This study,,,,,,,,,,,,
Fujian,Zhangjiang River Estuary,10 ,0—10,19.37 ,15.50 ,This study,,,,,,,,,,,,
Fujian,Zhangjiang River Estuary,10 ,10—20,16.35 ,13.46 ,This study,,,,,,,,,,,,
Fujian,Zhangjiang River Estuary,10 ,20—30,15.78 ,13.83 ,This study,,,,,,,,,,,,
Fujian,Zhangjiang River Estuary,10 ,30—40,15.69 ,13.86 ,This study,,,,,,,,,,,,
Fujian,Zhangjiang River Estuary,10 ,40—60,nd,23.41 ,This study,,,,,,,,,,,,
Fujian,Zhangjiang River Estuary,10 ,60—80,nd,22.97 ,This study,,,,,,,,,,,,
Fujian,Zhangjiang River Estuary,10 ,80—100,nd,22.26 ,This study,,,,,,,,,,,,
Fujian,Zhangjiang River Estuary,11 ,0—10,20.31 ,19.70 ,This study,,,,,,,,,,,,
Fujian,Zhangjiang River Estuary,11 ,10—20,19.01 ,14.26 ,This study,,,,,,,,,,,,
Fujian,Zhangjiang River Estuary,11 ,20—30,19.18 ,16.37 ,This study,,,,,,,,,,,,
Fujian,Zhangjiang River Estuary,11 ,30—40,20.31 ,12.80 ,This study,,,,,,,,,,,,
Fujian,Zhangjiang River Estuary,11 ,40—60,nd,25.71 ,This study,,,,,,,,,,,,
Fujian,Zhangjiang River Estuary,11 ,60—80,nd,25.25 ,This study,,,,,,,,,,,,
Fujian,Zhangjiang River Estuary,11 ,80—100,nd,24.64 ,This study,,,,,,,,,,,,
Fujian,Zhangjiang River Estuary,12 ,0—10,21.22 ,17.33 ,This study,,,,,,,,,,,,
Fujian,Zhangjiang River Estuary,12 ,10—20,16.56 ,13.97 ,This study,,,,,,,,,,,,
Fujian,Zhangjiang River Estuary,12 ,20—30,15.86 ,14.27 ,This study,,,,,,,,,,,,
Fujian,Zhangjiang River Estuary,12 ,30—40,17.39 ,14.95 ,This study,,,,,,,,,,,,
Fujian,Zhangjiang River Estuary,12 ,40—60,nd,24.79 ,This study,,,,,,,,,,,,
Fujian,Zhangjiang River Estuary,12 ,60—80,nd,24.33 ,This study,,,,,,,,,,,,
Fujian,Zhangjiang River Estuary,12 ,80—100,nd,23.69 ,This study,,,,,,,,,,,,
Guangdong,Zhanjiang,1 ,0—10,17.88 ,12.75 ,This study,,,,,,,,,,,,
Guangdong,Zhanjiang,1 ,10—20,17.24 ,12.18 ,This study,,,,,,,,,,,,
Guangdong,Zhanjiang,1 ,20—30,17.83 ,9.69 ,This study,,,,,,,,,,,,
Guangdong,Zhanjiang,1 ,30—40,16.85 ,12.70 ,This study,,,,,,,,,,,,
Guangdong,Zhanjiang,1 ,40—60,nd,20.11 ,This study,,,,,,,,,,,,
Guangdong,Zhanjiang,1 ,60—80,nd,19.68 ,This study,,,,,,,,,,,,
Guangdong,Zhanjiang,1 ,80—100,nd,18.84 ,This study,,,,,,,,,,,,
Guangdong,Zhanjiang,2 ,0—10,17.41 ,10.27 ,This study,,,,,,,,,,,,
Guangdong,Zhanjiang,2 ,10—20,18.61 ,11.04 ,This study,,,,,,,,,,,,
Guangdong,Zhanjiang,2 ,20—30,14.43 ,8.56 ,This study,,,,,,,,,,,,
Guangdong,Zhanjiang,2 ,30—40,12.86 ,9.56 ,This study,,,,,,,,,,,,
Guangdong,Zhanjiang,2 ,40—60,nd,17.32 ,This study,,,,,,,,,,,,
Guangdong,Zhanjiang,2 ,60—80,nd,16.91 ,This study,,,,,,,,,,,,
Guangdong,Zhanjiang,2 ,80—100,nd,15.95 ,This study,,,,,,,,,,,,
Guangdong,Zhanjiang,3 ,0—10,17.58 ,12.25 ,This study,,,,,,,,,,,,
Guangdong,Zhanjiang,3 ,10—20,16.93 ,11.46 ,This study,,,,,,,,,,,,
Guangdong,Zhanjiang,3 ,20—30,17.02 ,12.37 ,This study,,,,,,,,,,,,
Guangdong,Zhanjiang,3 ,30—40,17.64 ,10.94 ,This study,,,,,,,,,,,,
Guangdong,Zhanjiang,3 ,40—60,nd,20.00 ,This study,,,,,,,,,,,,
Guangdong,Zhanjiang,3 ,60—80,nd,19.57 ,This study,,,,,,,,,,,,
Guangdong,Zhanjiang,3 ,80—100,nd,18.73 ,This study,,,,,,,,,,,,
Guangdong,Zhanjiang,4 ,0—10,16.85 ,8.99 ,This study,,,,,,,,,,,,
Guangdong,Zhanjiang,4 ,10—20,15.98 ,8.95 ,This study,,,,,,,,,,,,
Guangdong,Zhanjiang,4 ,20—30,16.20 ,9.40 ,This study,,,,,,,,,,,,
Guangdong,Zhanjiang,4 ,30—40,16.75 ,10.10 ,This study,,,,,,,,,,,,
Guangdong,Zhanjiang,4 ,40—60,nd,16.61 ,This study,,,,,,,,,,,,
Guangdong,Zhanjiang,4 ,60—80,nd,16.20 ,This study,,,,,,,,,,,,
Guangdong,Zhanjiang,4 ,80—100,nd,15.22 ,This study,,,,,,,,,,,,
Guangdong,Zhanjiang,5 ,0—10,18.16 ,12.65 ,This study,,,,,,,,,,,,
Guangdong,Zhanjiang,5 ,10—20,18.36 ,12.30 ,This study,,,,,,,,,,,,
Guangdong,Zhanjiang,5 ,20—30,16.14 ,10.98 ,This study,,,,,,,,,,,,
Guangdong,Zhanjiang,5 ,30—40,15.39 ,10.05 ,This study,,,,,,,,,,,,
Guangdong,Zhanjiang,5 ,40—60,nd,19.64 ,This study,,,,,,,,,,,,
Guangdong,Zhanjiang,5 ,60—80,nd,19.21 ,This study,,,,,,,,,,,,
Guangdong,Zhanjiang,5 ,80—100,nd,18.35 ,This study,,,,,,,,,,,,
Guangdong,Zhanjiang,6 ,0—10,16.82 ,9.81 ,This study,,,,,,,,,,,,
Guangdong,Zhanjiang,6 ,10—20,16.60 ,9.46 ,This study,,,,,,,,,,,,
Guangdong,Zhanjiang,6 ,20—30,17.01 ,10.55 ,This study,,,,,,,,,,,,
Guangdong,Zhanjiang,6 ,30—40,16.56 ,10.65 ,This study,,,,,,,,,,,,
Guangdong,Zhanjiang,6 ,40—60,nd,17.69 ,This study,,,,,,,,,,,,
Guangdong,Zhanjiang,6 ,60—80,nd,17.27 ,This study,,,,,,,,,,,,
Guangdong,Zhanjiang,6 ,80—100,nd,16.33 ,This study,,,,,,,,,,,,
Guangxi,Beihai,1 ,0—10,10.61 ,13.05 ,This study,,,,,,,,,,,,
Guangxi,Beihai,1 ,10—20,10.65 ,12.28 ,This study,,,,,,,,,,,,
Guangxi,Beihai,1 ,20—30,7.41 ,11.46 ,This study,,,,,,,,,,,,
Guangxi,Beihai,1 ,30—40,2.43 ,3.72 ,This study,,,,,,,,,,,,
Guangxi,Beihai,1 ,40—60,nd,17.70 ,This study,,,,,,,,,,,,
Guangxi,Beihai,1 ,60—80,nd,17.28 ,This study,,,,,,,,,,,,
Guangxi,Beihai,1 ,80—100,nd,16.34 ,This study,,,,,,,,,,,,
Guangxi,Beihai,2 ,0—10,13.08 ,9.94 ,This study,,,,,,,,,,,,
Guangxi,Beihai,2 ,10—20,9.83 ,10.62 ,This study,,,,,,,,,,,,
Guangxi,Beihai,2 ,20—30,6.94 ,10.34 ,This study,,,,,,,,,,,,
Guangxi,Beihai,2 ,30—40,7.61 ,10.63 ,This study,,,,,,,,,,,,
Guangxi,Beihai,2 ,40—60,nd,18.06 ,This study,,,,,,,,,,,,
Guangxi,Beihai,2 ,60—80,nd,17.64 ,This study,,,,,,,,,,,,
Guangxi,Beihai,2 ,80—100,nd,16.72 ,This study,,,,,,,,,,,,
Guangxi,Beihai,3 ,0—10,9.36 ,11.70 ,This study,,,,,,,,,,,,
Guangxi,Beihai,3 ,10—20,9.58 ,12.23 ,This study,,,,,,,,,,,,
Guangxi,Beihai,3 ,20—30,8.09 ,10.95 ,This study,,,,,,,,,,,,
Guangxi,Beihai,3 ,30—40,2.80 ,4.35 ,This study,,,,,,,,,,,,
Guangxi,Beihai,3 ,40—60,nd,17.25 ,This study,,,,,,,,,,,,
Guangxi,Beihai,3 ,60—80,nd,16.84 ,This study,,,,,,,,,,,,
Guangxi,Beihai,3 ,80—100,nd,15.88 ,This study,,,,,,,,,,,,
Guangxi,Beihai,4 ,0—10,13.49 ,14.16 ,This study,,,,,,,,,,,,
Guangxi,Beihai,4 ,10—20,11.72 ,12.38 ,This study,,,,,,,,,,,,
Guangxi,Beihai,4 ,20—30,6.30 ,9.31 ,This study,,,,,,,,,,,,
Guangxi,Beihai,4 ,30—40,4.69 ,7.16 ,This study,,,,,,,,,,,,
Guangxi,Beihai,4 ,40—60,nd,18.58 ,This study,,,,,,,,,,,,
Guangxi,Beihai,4 ,60—80,nd,18.16 ,This study,,,,,,,,,,,,
Guangxi,Beihai,4 ,80—100,nd,17.26 ,This study,,,,,,,,,,,,
Guangxi,Beihai,5 ,0—10,10.20 ,12.20 ,This study,,,,,,,,,,,,
Guangxi,Beihai,5 ,10—20,10.52 ,13.54 ,This study,,,,,,,,,,,,
Guangxi,Beihai,5 ,20—30,6.19 ,9.14 ,This study,,,,,,,,,,,,
Guangxi,Beihai,5 ,30—40,5.72 ,8.26 ,This study,,,,,,,,,,,,
Guangxi,Beihai,5 ,40—60,nd,18.63 ,This study,,,,,,,,,,,,
Guangxi,Beihai,5 ,60—80,nd,18.21 ,This study,,,,,,,,,,,,
Guangxi,Beihai,5 ,80—100,nd,17.31 ,This study,,,,,,,,,,,,
Guangxi,Beihai,6 ,0—10,13.58 ,13.40 ,This study,,,,,,,,,,,,
Guangxi,Beihai,6 ,10—20,7.26 ,10.02 ,This study,,,,,,,,,,,,
Guangxi,Beihai,6 ,20—30,5.83 ,7.79 ,This study,,,,,,,,,,,,
Guangxi,Beihai,6 ,30—40,4.50 ,6.85 ,This study,,,,,,,,,,,,
Guangxi,Beihai,6 ,40—60,nd,16.83 ,This study,,,,,,,,,,,,
Guangxi,Beihai,6 ,60—80,nd,16.42 ,This study,,,,,,,,,,,,
Guangxi,Beihai,6 ,80—100,nd,15.45 ,This study,,,,,,,,,,,,
Hainan,Dongzhai Bay,1 ,0—100,nd,99.40 ,"Fu et al., 2021",,,,,,,,,,,,
Hainan,Qinglan Harbor,2 ,0—100,nd,260.50 ,"Fu et al., 2021",,,,,,,,,,,,
Hainan,Xinying Harbor,3 ,0—100,nd,268.20 ,"Fu et al., 2021",,,,,,,,,,,,
Hainan,Dongzhai Bay,4 ,0—100,2.03 ,261.50 ,"Huang et al., 2017",,,,,,,,,,,,
Hainan,Dongzhai Bay,5 ,0—100,1.97 ,291.50 ,"Huang et al., 2017",,,,,,,,,,,,
Hainan,Dongzhai Bay,6 ,0—100,1.70 ,273.00 ,"Huang et al., 2017",,,,,,,,,,,,
Hainan,Dongzhai Bay,7 ,0—100,1.74 ,249.50 ,"Huang et al., 2017",,,,,,,,,,,,
Hainan,Dongzhai Bay,8 ,0—100,1.49 ,205.50 ,"Huang et al., 2017",,,,,,,,,,,,
Hainan,Dongzhai Bay,9 ,0—100,2.09 ,220.00 ,"Huang et al., 2017",,,,,,,,,,,,
Hainan,Dongzhai Bay,10 ,0—100,1.20 ,132.57 ,"Xiong et al., 2018",,,,,,,,,,,,
Hainan,Dongzhai Bay,11 ,0—100,0.79 ,88.18 ,"Xiong et al., 2018",,,,,,,,,,,,
Hainan,Dongzhai Bay,12 ,0—100,1.64 ,151.79 ,"Xiong et al., 2018",,,,,,,,,,,,
Hainan,Dongzhai Bay,13 ,0—100,2.62 ,201.77 ,"Xiong et al., 2018",,,,,,,,,,,,
Hainan,Dongzhai Bay,14 ,0—100,4.34 ,341.10 ,"Wang et al., 2019",,,,,,,,,,,,
Hainan,Dongzhai Bay,15 ,0—100,3.85 ,330.60 ,"Wang et al., 2019",,,,,,,,,,,,
Hainan,Dongzhai Bay,16 ,0—100,2.72 ,248.50 ,"Wang et al., 2019",,,,,,,,,,,,
Hainan,Dongzhai Bay,17 ,0—100,4.27 ,343.30 ,"Wang et al., 2019",,,,,,,,,,,,
Hainan,Dongzhai Bay,18 ,0—100,3.30 ,280.90 ,"Wang et al., 2019",,,,,,,,,,,,
Hainan,Dongzhai Bay,19 ,0—100,2.49 ,243.60 ,"Wang et al., 2019",,,,,,,,,,,,
Hainan,Dongzhai Bay,20 ,0—100,1.70 ,267.70 ,"Xin et al., 2014",,,,,,,,,,,,
Hainan,Dongzhai Bay,21 ,0—100,1.97 ,291.70 ,"Xin et al., 2014",,,,,,,,,,,,
Hainan,Dongzhai Bay,22 ,0—100,2.09 ,220.00 ,"Xin et al., 2014",,,,,,,,,,,,
Hainan,Dongzhai Bay,23 ,0—100,1.49 ,205.90 ,"Xin et al., 2014",,,,,,,,,,,,
Hainan,Dongzhai Bay,24 ,0—100,1.73 ,249.30 ,"Xin et al., 2014",,,,,,,,,,,,
Hainan,Dongzhai Bay,25 ,0—100,2.03 ,261.50 ,"Xin et al., 2014",,,,,,,,,,,,
Hainan,Dongzhai Bay,26 ,0—100,1.21 ,83.60 ,"Gao et al., 2019",,,,,,,,,,,,
Hainan,Dongzhai Bay,27 ,0—100,1.00 ,86.50 ,"Gao et al., 2019",,,,,,,,,,,,
Hainan,Qinglan Harbor,28 ,0—100,4.41 ,483.93 ,"Lin et al., 2015",,,,,,,,,,,,
Hainan,Qiaglan Harbor,29 ,0—100,16.76 ,1490.50 ,"Xin et al., 2014",,,,,,,,,,,,
Hainan,Qiaglan Harbor,30 ,0—100,3.88 ,506.40 ,"Xin et al., 2014",,,,,,,,,,,,
Hainan,Qiaglan Harbor,31 ,0—100,6.71 ,851.20 ,"Xin et al., 2014",,,,,,,,,,,,
Hainan,Qinglan Harbor,32 ,0—100,4.92 ,447.30 ,"Gao et al., 2019",,,,,,,,,,,,
Hainan,Sanya Bay,33 ,0—100,1.27 ,219.50 ,"Xin et al., 2014",,,,,,,,,,,,
Hainan,Sanya Bay,34 ,0—100,1.47 ,208.60 ,"Xin et al., 2014",,,,,,,,,,,,
Hainan,Sanya Bay,35 ,0—100,1.42 ,191.20 ,"Xin et al., 2014",,,,,,,,,,,,
Hainan,Sibi Bay,36 ,0—100,9.20 ,765.80 ,"Xin et al., 2014",,,,,,,,,,,,
Hainan,Xinying Bay,37 ,0—100,2.06 ,302.00 ,"Xin et al., 2014",,,,,,,,,,,,
Hainan,"Dongzhai Bay, Qinglan Harbor, Tielu Harbor, Danzhou, Lingao",38 ,0—100,2.72 ,354.00 ,"Gao et al., 2018",,,,,,,,,,,,
,,,,,,,,,,,,,,,,,,
,,,,,,,,,,,,,,,,,,
,,,,,,,,,,,,,,,,,,
,,,,,,,,,,,,,,,,,,
,,,,,,,,,,,,,,,,,,
