study_id,site_id,transect_id,plot_id,core_id,year,month,day,latitude,longitude,position_method,section_n,max_depth,habitat,site_description,ecotype,protection_status,protection_notes,ecosystem_health,pH,salinity,ORP,inundation_notes,tree_count,dominant_species,plot_sediment_carbon,plot_sediment_carbon_1m,plot_biomass_carbon,total_ecosystem_carbon,total_ecosystem_carbon_1m
Morrissette_et_al_2023,Hicks Caye,1,1,Hicks Caye_1_1_mangrove,2021,9,2,17.691465,-88.11592,handheld,1,94,mangrove,"15 m from shore, mixed Rhizophora and Avicennia, trees ~ <15ft, no barnacles, brittle brances, healthy leaves",Caye,National Legislation,NA,healthy,6.56,57,-148,falling (plots 1-4) to low tide (plots 5-6),49,Rhizophora mangle,410.4681429,410.4681429,111.371424,521.8395669,521.8395669
Morrissette_et_al_2023,Hicks Caye,1,2,Hicks Caye_1_2_mangrove,2021,9,2,17.691475,-88.116119,handheld,3,224,mangrove,"Water ~3 in deep, healthier trees, more spaced out trees, open canopy, mostly Avicennia, no barnacles, healthy leaves",Caye,National Legislation,NA,healthy,7.05,37,-210,falling (plots 1-4) to low tide (plots 5-6),30,Avicennia germinans,714.6878045,279.0445801,64.2485,778.9363045,343.2930801
Morrissette_et_al_2023,Hicks Caye,1,3,Hicks Caye_1_3_mangrove,2021,9,2,17.691509,-88.116355,handheld,1,97,mangrove,"standing water ~4 in, trees 10-15 ft tall, open canopy, mostly Avicennia, leaves being eaten, brittle branches, no barnacles, oxygen stress",Caye,National Legislation,NA,healthy,6.65,35,-327,falling (plots 1-4) to low tide (plots 5-6),36,Rhizophora mangle,453.0933975,453.0933975,96.90056971,549.9939672,549.9939672
Morrissette_et_al_2023,Hicks Caye,1,4,Hicks Caye_1_4_mangrove,2021,9,2,17.691458,-88.116596,handheld,1,93,mangrove,"average 5-10ft trees, open canopy, mostly Avicennia, leaves being eaten, oxygen stress, standing water 3-6in., sparse trees at >15ft, stand of dwarf mangrove, some anoxia (black on root)",Caye,National Legislation,NA,healthy,7.29,35,-32,falling (plots 1-4) to low tide (plots 5-6),17,Rhizophora mangle,385.0759749,385.0759749,55.68653733,440.7625122,440.7625122
Morrissette_et_al_2023,Hicks Caye,1,5,Hicks Caye_1_5_mangrove,2021,9,2,17.691358,-88.116795,handheld,1,94,mangrove,"trees mostly Avicennia, leaves being eaten, open canopy, dwarf stand, standing water 3 in, mostly 5-10ft trees, sparse above 15 m, oxygen stress",Caye,National Legislation,NA,healthy,6.75,35,-309,falling (plots 1-4) to low tide (plots 5-6),16,Rhizophora mangle,360.2081984,360.2081984,23.18127615,383.3894746,383.3894746
Morrissette_et_al_2023,Hicks Caye,1,6,Hicks Caye_1_6_mangrove,2021,9,2,17.691317,-88.117022,handheld,2,124,mangrove,"mostly Avicennia, leaves being eaten, open canopy, standing water 3 in, mostly 6-15 ft",Caye,National Legislation,NA,healthy,7.28,33,-32,falling (plots 1-4) to low tide (plots 5-6),15,Rhizophora mangle,442.9391719,349.3060496,16.9311676,459.8703395,366.2372172
Morrissette_et_al_2023,Drowned Caye,1,1,Drowned Caye_1_1_mangrove,2021,9,3,17.489636,-88.06327,handheld,2,171,mangrove,"trees ~30 ft, mostly Rhizophora, not very dense, open canopy, high water table, oxygen stress, brittle branches, healthy leaves",Caye,National Legislation,NA,healthy,6.46,37,-377,falling (plots 1-5) to low tide (plot 6),35,Rhizophora mangle,517.0458947,248.5501853,79.07193759,596.1178323,327.6221229
Morrissette_et_al_2023,Drowned Caye,1,2,Drowned Caye_1_2_mangrove,2021,9,3,17.489653,-88.063488,handheld,2,173,mangrove,"30-35ft trees, more open canopy, mixed Rh and Av, insect eaten leaves (but green), oxygen stress, standing water, lots of saplings",Caye,National Legislation,NA,healthy,6.4,32,-271,falling (plots 1-5) to low tide (plot 6),18,Rhizophora mangle,531.4320432,257.7503301,49.22093834,580.6529815,306.9712685
Morrissette_et_al_2023,Drowned Caye,1,3,Drowned Caye_1_3_mangrove,2021,9,3,17.489699,-88.063664,handheld,2,195,mangrove,"tall trees above ~40 ft, mix of Rh and Av with a few La, high standing water 4-6in, healthier leaves, oxygen stress",Caye,National Legislation,NA,healthy,6.43,32,-241,falling (plots 1-5) to low tide (plot 6),19,Rhizophora mangle,658.535835,411.8022652,67.11245396,725.648289,478.9147191
Morrissette_et_al_2023,Drowned Caye,1,4,Drowned Caye_1_4_mangrove,2021,9,3,17.489674,-88.063867,handheld,2,190,mangrove,"tall trees above ~40 ft, mostly Av with a few La, high standing water 4-6in, healthier leaves, oxygen stress",Caye,National Legislation,NA,healthy,6.66,24,-270,falling (plots 1-5) to low tide (plot 6),15,Rhizophora mangle,673.5040539,412.7786669,51.65233713,725.156391,464.431004
Morrissette_et_al_2023,Drowned Caye,1,5,Drowned Caye_1_5_mangrove,2021,9,3,17.489761,-88.06411,handheld,2,189.5,mangrove,"mix of Rh, Av, La, up to >40 ft tall, lots of saplings, high standing water 2-4 in, healthier leaves",Caye,National Legislation,NA,healthy,6.49,24,-212,falling (plots 1-5) to low tide (plot 6),37,Rhizophora mangle,779.9967293,517.8841161,72.86226604,852.8589954,590.7463821
Morrissette_et_al_2023,Drowned Caye,1,6,Drowned Caye_1_6_mangrove,2021,9,3,17.489805,-88.064345,handheld,2,136.5,mangrove,"mix of Rh, Av, La, up to >40 ft tall, lots of saplings, high standing water 2-4 in, healthier leaves",Caye,National Legislation,NA,healthy,6.29,27,-264,falling (plots 1-5) to low tide (plot 6),18,Rhizophora mangle,541.2486665,361.5267094,46.80166046,588.0503269,408.3283698
Morrissette_et_al_2023,Drowned Caye,2,1,Drowned Caye_2_1_mangrove,2021,9,3,17.491791,-88.062677,handheld,3,185,mangrove,"Mainly Rh, soft sediment, tall trees 25ft, buggy, mostly mineral but organic rich surface, wet but not flooded",Caye,National Legislation,NA,healthy,7.05,37,14,falling (plots 1-5) to low tide (plot 6),35,Rhizophora mangle,496.9867599,393.4156753,105.7517684,602.7385282,499.1674437
Morrissette_et_al_2023,Drowned Caye,2,2,Drowned Caye_2_2_mangrove,2021,9,3,17.491817,-88.062985,handheld,3,180,mangrove,"mostly Rh, standing water 5 in, deep water color with lighter brown soft sediment",Caye,National Legislation,NA,healthy,7.33,NA,30,falling (plots 1-5) to low tide (plot 6),53,Rhizophora mangle,600.1791951,295.7927672,139.8036756,739.9828707,435.5964428
Morrissette_et_al_2023,Drowned Caye,2,3,Drowned Caye_2_3_mangrove,2021,9,3,17.491855,-88.063197,handheld,3,187,mangrove,"mostly La, standing water 5 in",Caye,National Legislation,NA,healthy,6.76,30,-150,falling (plots 1-5) to low tide (plot 6),39,Rhizophora mangle,430.0500577,270.4608691,111.3101253,541.3601831,381.7709944
Morrissette_et_al_2023,Drowned Caye,2,4,Drowned Caye_2_4_mangrove,2021,9,3,17.491839,-88.063451,handheld,2,140,mangrove,"Rh, tall trees > 35 ft",Caye,National Legislation,NA,healthy,7,25,-155,falling (plots 1-5) to low tide (plot 6),30,Rhizophora mangle,500.3409507,379.1229251,104.9876333,605.328584,484.1105584
Morrissette_et_al_2023,Drowned Caye,2,5,Drowned Caye_2_5_mangrove,2021,9,3,17.491837,-88.063657,handheld,3,181,mangrove,"tall La 25-30 ft, sediment has a little fungi, standing water 2 in, light brown water",Caye,National Legislation,NA,healthy,6.55,29,-101,falling (plots 1-5) to low tide (plot 6),43,Rhizophora mangle,544.6379717,346.834788,113.5092376,658.1472094,460.3440256
Morrissette_et_al_2023,Drowned Caye,2,6,Drowned Caye_2_6_mangrove,2021,9,3,17.49182,-88.063859,handheld,3,177,mangrove,"Av, surface water 3 in, 25 ft tall trees",Caye,National Legislation,NA,healthy,6.78,27,-145,falling (plots 1-5) to low tide (plot 6),38,Rhizophora mangle,816.3431204,556.8222146,95.16111974,911.5042401,651.9833344
Morrissette_et_al_2023,Shipstern Lagoon,1,1,Shipstern Lagoon_1_1_mangrove,2021,9,6,18.325519,-88.118299,handheld,2,101,mangrove,"dwarf mangrove about 2m, sandy soil, mostly Rh but occasional La, some bottom wood and no surface water",Lagoon,National Legislation,NA,healthy,7.03,25,-49,falling tide (plots 1-6),16,Laguncularia racemosa,177.2826926,114.083982,22.21919638,199.501889,136.3031783
Morrissette_et_al_2023,Shipstern Lagoon,1,2,Shipstern Lagoon_1_2_mangrove,2021,9,6,18.325277,-88.118274,handheld,2,110,mangrove,"all red mangrove, low canopy, 3 in of water",Lagoon,National Legislation,NA,healthy,7.26,25,-125,falling tide (plots 1-6),34,Rhizophora mangle,206.5444664,184.8350459,16.65597796,223.2004444,201.4910239
Morrissette_et_al_2023,Shipstern Lagoon,1,3,Shipstern Lagoon_1_3_mangrove,2021,9,6,18.325055,-88.118284,handheld,1,65,mangrove,"red mangrove, dwarf, 5 in standing water light in color",Lagoon,National Legislation,NA,healthy,6.7,25,-160,falling tide (plots 1-6),38,Rhizophora mangle,8.543402163,5.80194828,23.44502048,31.98842264,29.24696876
Morrissette_et_al_2023,Shipstern Lagoon,1,4,Shipstern Lagoon_1_4_mangrove,2021,9,6,18.324835,-88.118279,handheld,1,41,mangrove,"dwarf red mangrove, 6 in standing water (murky), sank 6 cores and were all short",Lagoon,National Legislation,NA,healthy,7.7,25,-155,falling tide (plots 1-6),34,Rhizophora mangle,66.83740604,52.05992446,9.403159498,76.24056554,61.46308396
Morrissette_et_al_2023,Shipstern Lagoon,1,5,Shipstern Lagoon_1_5_mangrove,2021,9,6,18.324621,-88.118217,handheld,2,129,mangrove,"patchy dwarf red mangrove, 6 in standing water",Lagoon,National Legislation,NA,healthy,7.53,25,-110,falling tide (plots 1-6),24,Rhizophora mangle,191.1620135,28.25707074,7.284153242,198.4461668,35.54122398
Morrissette_et_al_2023,Shipstern Lagoon,1,6,Shipstern Lagoon_1_6_mangrove,2021,9,6,18.324404,-88.118227,handheld,2,125,mangrove,"dwarf patchy red mangrove, 6 in standing water",Lagoon,National Legislation,NA,healthy,7.94,NA,-123,falling tide (plots 1-6),16,Rhizophora mangle,131.4822102,26.40920246,2.564126274,134.0463365,28.97332873
Morrissette_et_al_2023,Shipstern Lagoon,2,1,Shipstern Lagoon_2_1_mangrove,2021,9,6,18.339157,-88.106667,handheld,1,60,mangrove,"high tide, dwarf red & black mid, ankle deep water, algae on surface of sediments around 3-4mm",Lagoon,National Legislation,NA,healthy,7.36,25,-81,falling tide (plots 1-6),52,Avicennia germinans,21.45931507,16.25432263,21.0994354,42.55875046,37.35375803
Morrissette_et_al_2023,Shipstern Lagoon,2,2,Shipstern Lagoon_2_2_mangrove,2021,9,6,18.339243,-88.106869,handheld,1,58,mangrove,"denser red mangrove, lots of saplings, ankle deep water",Lagoon,National Legislation,NA,healthy,7.94,20,23,falling tide (plots 1-6),71,Rhizophora mangle,113.7750741,103.0592666,72.69871608,186.4737902,175.7579827
Morrissette_et_al_2023,Shipstern Lagoon,2,3,Shipstern Lagoon_2_3_mangrove,2021,9,6,18.339325,-88.107092,handheld,1,52,mangrove,"mix of red and black, less dense area (sparse), ankle deep water",Lagoon,National Legislation,NA,healthy,7.67,20,-22,falling tide (plots 1-6),8,Avicennia germinans,57.53490851,47.99558463,5.732714215,63.26762272,53.72829885
Morrissette_et_al_2023,Shipstern Lagoon,2,4,Shipstern Lagoon_2_4_mangrove,2021,9,6,18.339418,-88.107297,handheld,1,68,mangrove,"sparse red and black mangrove, ankle deep water, algae on surface sediments",Lagoon,National Legislation,NA,healthy,8.14,25,19,falling tide (plots 1-6),17,Rhizophora mangle,44.42118248,34.64157125,10.21249392,54.63367639,44.85406517
Morrissette_et_al_2023,Shipstern Lagoon,2,5,Shipstern Lagoon_2_5_mangrove,2021,9,6,18.339505,-88.107522,handheld,1,45,mangrove,"sparse red and black mangrove, ankle deep water, lots of curved roots on red (hurricane?)",Lagoon,National Legislation,NA,healthy,8.3,23,-10,falling tide (plots 1-6),49,Avicennia germinans,37.14029469,28.54746425,9.56804667,46.70834136,38.11551092
Morrissette_et_al_2023,Shipstern Lagoon,2,6,Shipstern Lagoon_2_6_mangrove,2021,9,6,18.339577,-88.107774,handheld,1,47,mangrove,"very sparse mangrove, red (60%) and black (40%) mix",Lagoon,National Legislation,NA,healthy,8.19,23,-63,falling tide (plots 1-6),14,Avicennia germinans,48.78607846,39.00303691,7.337491305,56.12356976,46.34052822
Morrissette_et_al_2023,New River,1,1,New River_1_1_mangrove,2021,9,7,18.341585,-88.38512,handheld,4,224,mangrove,"forest mix of palms/marsh shrubs/mangroves, muddy with small pockests of water",Riverine,National Legislation,NA,disturbed,7.2,8,-222,high (plot 1) to falling tide (plots 2-6),4,Rhizophora mangle,638.2624003,99.49767285,16.39747963,654.6598799,115.8951525
Morrissette_et_al_2023,New River,1,2,New River_1_2_mangrove,2021,9,7,18.341424,-88.384933,handheld,4,232,mangrove,"sparse red mangrove, bromeliad and shrubs, standing water 6 in",Riverine,National Legislation,NA,disturbed,7.18,11,-224,high (plot 1) to falling tide (plots 2-6),1,Rhizophora mangle,938.022128,172.7734705,0.33027604,938.3524041,173.1037465
Morrissette_et_al_2023,New River,1,3,New River_1_3_mangrove,2021,9,7,18.341285,-88.384764,handheld,3,156,mangrove,"elevated, mostly palms and coconuts, no mangroves",Riverine,National Legislation,NA,disturbed,7.21,12,-156,high (plot 1) to falling tide (plots 2-6),0,Rhizophora mangle,245.8653103,103.9724719,0,245.8653103,103.9724719
Morrissette_et_al_2023,New River,1,4,New River_1_4_mangrove,2021,9,7,18.341197,-88.384567,handheld,1,58,mangrove,"open canopy, mostly palm, no standing water, lots of palm leaves on the ground",Riverine,National Legislation,NA,disturbed,7.2,15,-9,high (plot 1) to falling tide (plots 2-6),0,Rhizophora mangle,62.64816624,62.64816624,0,62.64816624,62.64816624
Morrissette_et_al_2023,New River,1,5,New River_1_5_mangrove,2021,9,7,18.340982,-88.384435,handheld,4,278,mangrove,"mix mangroves white and red, giant roots, lots of vines, open canopy, dense understory",Riverine,National Legislation,NA,disturbed,6.9,15,-120,high (plot 1) to falling tide (plots 2-6),9,Rhizophora mangle,779.142706,328.3495514,39.95836056,819.1010666,368.307912
Morrissette_et_al_2023,New River,1,6,New River_1_6_mangrove,2021,9,7,18.340789,-88.384322,handheld,3,178,mangrove,"mix red and white mangroves, dense understory, lots of roots, lots of vines, open canopy, trees a bit short but still tall, pockets of standing water 3 in",Riverine,National Legislation,NA,disturbed,7.78,15,-169,high (plot 1) to falling tide (plots 2-6),10,Rhizophora mangle,609.1769247,523.2417992,26.61558424,635.7925089,549.8573834
Morrissette_et_al_2023,New River,2,1,New River_2_1_mangrove,2021,9,7,18.337675,-88.392519,handheld,3,272,mangrove,"15m from water's edge, large red mangroves at riverside ~25m height, thick understory, 6 in standing water, thick leaf litter",Riverine,National Legislation,NA,disturbed,8.02,5,-75,high (plot 1) to falling tide (plots 2-6),9,Rhizophora mangle,1243.893288,461.4623209,79.68582168,1323.57911,541.1481426
Morrissette_et_al_2023,New River,2,2,New River_2_2_mangrove,2021,9,7,18.341508,-88.387317,handheld,3,255,mangrove,"moved down river 20-30 m to find more mangroves, 75 cm core = rich peat",Riverine,National Legislation,NA,disturbed,6.89,3,-219,high (plot 1) to falling tide (plots 2-6),11,Rhizophora mangle,1057.939447,460.9797037,222.1096527,1280.0491,683.0893563
Morrissette_et_al_2023,New River,2,3,New River_2_3_mangrove,2021,9,7,18.34228,-88.385284,handheld,2,150,mangrove,"15m from edge, huge red mangroves, water over 50% dense red mangrove root, 10cm standing water",Riverine,National Legislation,NA,disturbed,7.33,3,38,high (plot 1) to falling tide (plots 2-6),13,Rhizophora mangle,573.1606145,392.0104306,371.2857515,944.446366,763.2961821
Morrissette_et_al_2023,Gra Gra Lagoon,1,1,Gra Gra Lagoon_1_1_mangrove,2021,9,9,16.936095,-88.244356,handheld,3,194,mangrove,"sparse canopy of black mangrove, low to medium stature, number of dead or dying trees, standing water approx 6 in, water is warm",Lagoon,Protected,Gra Gra Lagoon National Park,degraded,7.86,35,-120,rising (plots 1-2) to high (plot 3) to falling tide (plots 4-6),46,Avicennia germinans,401.8541838,193.2253293,101.9920722,503.846256,295.2174015
Morrissette_et_al_2023,Gra Gra Lagoon,1,2,Gra Gra Lagoon_1_2_mangrove,2021,9,9,16.936059,-88.244569,handheld,2,133,mangrove,"sparse mostly dead black mangrove, some with 25% leaf coverage, sediments covered with algae ~3mm",Lagoon,Protected,Gra Gra Lagoon National Park,degraded,7.76,33,-136.6,rising (plots 1-2) to high (plot 3) to falling tide (plots 4-6),39,Avicennia germinans,245.1610362,167.8541025,65.71729421,310.8783304,233.5713967
Morrissette_et_al_2023,Gra Gra Lagoon,1,3,Gra Gra Lagoon_1_3_mangrove,2021,9,9,16.935988,-88.244787,handheld,3,185,mangrove,"sparse mangrove, healthier than previous site, mostly living tree 50% leaf cover, soil firm under foot, algae covering 3mm",Lagoon,Protected,Gra Gra Lagoon National Park,degraded,7.39,30,-177,rising (plots 1-2) to high (plot 3) to falling tide (plots 4-6),38,Avicennia germinans,525.6626182,247.8192375,55.86852928,581.5311475,303.6877667
Morrissette_et_al_2023,Gra Gra Lagoon,1,4,Gra Gra Lagoon_1_4_mangrove,2021,9,9,16.935951,-88.245024,handheld,3,193,mangrove,"emerging from area of mostly dead trees, semi sparse, healthy looking mangroves, 20-25ft tall, firm under foot, water depth 3in, lots of saplings",Lagoon,Protected,Gra Gra Lagoon National Park,degraded,7.53,34,-100,rising (plots 1-2) to high (plot 3) to falling tide (plots 4-6),53,Avicennia germinans,410.4189281,246.8578154,120.5015424,530.9204706,367.3593579
Morrissette_et_al_2023,Gra Gra Lagoon,1,5,Gra Gra Lagoon_1_5_mangrove,2021,9,9,16.935931,-88.245217,handheld,3,210,mangrove,"in the edge of degraded mangrove stand (healthy to the right degraded to the left), black mangrove 20-25ft tall, most 10ft, on degraded side the dead were ~15ft tall",Lagoon,Protected,Gra Gra Lagoon National Park,degraded,7.53,34,-136,rising (plots 1-2) to high (plot 3) to falling tide (plots 4-6),58,Avicennia germinans,530.4190797,380.3354459,92.37011601,622.7891957,472.7055619
Morrissette_et_al_2023,Gra Gra Lagoon,1,6,Gra Gra Lagoon_1_6_mangrove,2021,9,9,16.935956,-88.245422,handheld,3,238,mangrove,"degraded black mangroves on the right, just beyond the plot, healthy in plot. Mix of red and black 30-45ft tall, no signs of stress",Lagoon,Protected,Gra Gra Lagoon National Park,degraded,7.31,35,-71,rising (plots 1-2) to high (plot 3) to falling tide (plots 4-6),47,Avicennia germinans,594.2380596,304.1728641,76.61714956,670.8552091,380.7900137
Morrissette_et_al_2023,Gra Gra Lagoon,2,1,Gra Gra Lagoon_2_1_mangrove,2021,9,9,16.938988,-88.242735,handheld,3,215,mangrove,"** transect was every 20m instead of 25** dwarf mangroves, very dense, standing water to 6in depth",Lagoon,Protected,Gra Gra Lagoon National Park,degraded,7.9,33,73,rising (plots 1-2) to high (plot 3) to falling tide (plots 4-6),26,Rhizophora mangle,1155.69013,629.1142549,48.27951019,1203.969641,677.3937651
Morrissette_et_al_2023,Gra Gra Lagoon,2,2,Gra Gra Lagoon_2_2_mangrove,2021,9,9,16.93908,-88.242891,handheld,1,69,mangrove,"dense dwarf mangroves, 6in standing water",Lagoon,Protected,Gra Gra Lagoon National Park,degraded,7.92,34,83,rising (plots 1-2) to high (plot 3) to falling tide (plots 4-6),38,Rhizophora mangle,297.2817785,297.2817785,30.91590356,328.197682,328.197682
Morrissette_et_al_2023,Gra Gra Lagoon,2,3,Gra Gra Lagoon_2_3_mangrove,2021,9,9,16.939103,-88.243067,handheld,3,207,mangrove,"dense dwarf mangroves, 6in standing water, large dead trees",Lagoon,Protected,Gra Gra Lagoon National Park,degraded,7.95,30,92,rising (plots 1-2) to high (plot 3) to falling tide (plots 4-6),30,Rhizophora mangle,1073.631187,629.466484,39.79233608,1113.423523,669.2588201
Morrissette_et_al_2023,Gra Gra Lagoon,2,4,Gra Gra Lagoon_2_4_mangrove,2021,9,9,16.939055,-88.243254,handheld,1,49,mangrove,"shorter mangroves, 6 in standing water",Lagoon,Protected,Gra Gra Lagoon National Park,degraded,7.49,30,90,rising (plots 1-2) to high (plot 3) to falling tide (plots 4-6),31,Rhizophora mangle,259.2509579,259.2509579,64.381193,323.6321509,323.6321509
Morrissette_et_al_2023,Gra Gra Lagoon,2,5,Gra Gra Lagoon_2_5_mangrove,2021,9,9,16.939034,-88.243414,handheld,2,144.5,mangrove,"dense dwarf mangroves 1.5m, 6in standing water, some dead wood",Lagoon,Protected,Gra Gra Lagoon National Park,degraded,7.6,32,65,rising (plots 1-2) to high (plot 3) to falling tide (plots 4-6),26,Rhizophora mangle,937.7163539,712.5115389,41.16016585,978.8765197,753.6717048
Morrissette_et_al_2023,Gra Gra Lagoon,2,6,Gra Gra Lagoon_2_6_mangrove,2021,9,9,16.939019,-88.243595,handheld,2,113,mangrove,"2-3m tall red mangroves, not as dense as last plot (bird)",Lagoon,Protected,Gra Gra Lagoon National Park,degraded,7.35,31,72,rising (plots 1-2) to high (plot 3) to falling tide (plots 4-6),22,Rhizophora mangle,814.401722,742.0118688,23.73289529,838.1346173,765.7447641
Morrissette_et_al_2023,Channel Caye,1,1,Channel Caye_1_1_mangrove,2021,9,10,16.643723,-88.164621,handheld,3,174,mangrove,"*All of both transects were full of trash* just beyond red mangroves into a huge mature ancient tree 15m tall, low lying non-mangrove vegetation",Caye,Protected,South Water Caye Marine Reserve,disturbed,7.93,35,11,rising (plots 1-3) to high (plot 4) to falling tide (plots 5-6),27,Avicennia germinans,878.5478676,574.9539348,302.4687957,1181.016663,877.4227305
Morrissette_et_al_2023,Channel Caye,1,2,Channel Caye_1_2_mangrove,2021,9,10,16.643679,-88.164457,handheld,2,136,mangrove,"white mangrove, above 10 in water, microplastic, chopped trees with chainsaw",Caye,Protected,South Water Caye Marine Reserve,disturbed,7.39,35,23,rising (plots 1-3) to high (plot 4) to falling tide (plots 5-6),29,Avicennia germinans,821.5240556,645.1962651,148.0191597,969.5432153,793.2154248
Morrissette_et_al_2023,Channel Caye,1,3,Channel Caye_1_3_mangrove,2021,9,10,16.643613,-88.164178,handheld,2,140,mangrove,"white mangroves, undergrowth, water 6in deep, lots of microplastics",Caye,Protected,South Water Caye Marine Reserve,disturbed,7.21,28,-13,rising (plots 1-3) to high (plot 4) to falling tide (plots 5-6),49,Avicennia germinans,1018.726974,773.3607006,222.7122395,1241.439213,996.07294
Morrissette_et_al_2023,Channel Caye,1,4,Channel Caye_1_4_mangrove,2021,9,10,16.643556,-88.164014,handheld,2,140,mangrove,"white mangroves 15m tall, some chopped wood, vegetation at the soil, water 6 in, soil firm",Caye,Protected,South Water Caye Marine Reserve,disturbed,7.14,28,57,rising (plots 1-3) to high (plot 4) to falling tide (plots 5-6),67,Avicennia germinans,686.5102527,567.1369562,229.6746474,916.1849001,796.8116036
Morrissette_et_al_2023,Channel Caye,1,5,Channel Caye_1_5_mangrove,2021,9,10,16.643416,-88.163693,handheld,2,145,mangrove,"white mangrove dwarf, soil vegetation, lots of trash, standing water 7 in",Caye,Protected,South Water Caye Marine Reserve,disturbed,7.72,27,-62,rising (plots 1-3) to high (plot 4) to falling tide (plots 5-6),35,Avicennia germinans,824.9454619,599.4934701,162.779756,987.7252179,762.2732261
Morrissette_et_al_2023,Channel Caye,1,6,Channel Caye_1_6_mangrove,2021,9,10,16.643939,-88.164345,handheld,2,106,mangrove,"*located 25m to the north of P2* black mangrove, 15-20m tall, pile of dead wood, lots of cut mangroves, water 8 in deep",Caye,Protected,South Water Caye Marine Reserve,disturbed,7.12,30,-13,rising (plots 1-3) to high (plot 4) to falling tide (plots 5-6),56,Avicennia germinans,617.9097357,612.55187,130.4699884,748.3797241,743.0218584
Morrissette_et_al_2023,Channel Caye,2,1,Channel Caye_2_1_mangrove,2021,9,10,16.644835,-88.16455,handheld,1,100,mangrove,"mix of red and black (60%black), sparse, standing water 3 in, fringing red mangroves to shoreline - did seagrass coring here",Caye,Protected,South Water Caye Marine Reserve,disturbed,7.18,33,20,rising (plots 1-3) to high (plot 4) to falling tide (plots 5-6),18,Avicennia germinans,581.0333022,581.0333022,90.40580643,671.4391086,671.4391086
Morrissette_et_al_2023,Channel Caye,2,2,Channel Caye_2_2_mangrove,2021,9,10,16.644791,-88.164332,handheld,1,79.5,mangrove,"denser mangroves, moslty black about 15-20ft tall, standing water",Caye,Protected,South Water Caye Marine Reserve,disturbed,7.22,30,4,rising (plots 1-3) to high (plot 4) to falling tide (plots 5-6),41,Laguncularia racemosa,553.2128267,553.2128267,139.5032103,692.7160371,692.716037
Morrissette_et_al_2023,Channel Caye,2,3,Channel Caye_2_3_mangrove,2021,9,10,16.644709,-88.164128,handheld,1,70,mangrove,"tall black mangroves, some red mixed in, standing water 4 in",Caye,Protected,South Water Caye Marine Reserve,disturbed,7.04,21,-41,rising (plots 1-3) to high (plot 4) to falling tide (plots 5-6),29,Laguncularia racemosa,477.0792628,477.0792628,210.6972512,687.776514,687.776514
Morrissette_et_al_2023,Channel Caye,2,4,Channel Caye_2_4_mangrove,2021,9,10,16.644587,-88.163938,handheld,1,90,mangrove,"many thin white mangroves with some ery large 30ft tall black mangrove trees, standing water, some red mixed in",Caye,Protected,South Water Caye Marine Reserve,disturbed,6.99,28,-103,rising (plots 1-3) to high (plot 4) to falling tide (plots 5-6),53,Laguncularia racemosa,662.4725916,662.4725916,211.4316294,873.904221,873.904221
Morrissette_et_al_2023,Channel Caye,2,5,Channel Caye_2_5_mangrove,2021,9,10,16.644532,-88.163719,handheld,1,88,mangrove,"end of caye facing orcean, sparse black mangrove with fringing red to the edge, standing water, black trees very large, disturbed area",Caye,Protected,South Water Caye Marine Reserve,disturbed,6.91,28,10,rising (plots 1-3) to high (plot 4) to falling tide (plots 5-6),8,Avicennia germinans,530.2835,530.2835,32.67927662,562.9627766,562.9627766
Morrissette_et_al_2023,Channel Caye,2,6,Channel Caye_2_6_mangrove,2021,9,10,16.644742,-88.163687,handheld,2,101,mangrove,"*located to the north of P5* black mangroves, mix of medium to small white trees, few red, standing water deeper than previous sites, pnuematophores at top",Caye,Protected,South Water Caye Marine Reserve,disturbed,6.96,30,-9,rising (plots 1-3) to high (plot 4) to falling tide (plots 5-6),39,Laguncularia racemosa,604.8946146,604.8946146,124.8655341,729.7601487,729.7601486
Morrissette_et_al_2023,Big Creek,1,1,Big Creek_1_1_mangrove,2021,9,12,16.50698,-88.402406,handheld,2,110,mangrove,"massively disturbed site, filled up by dredging material, mostly red mangrove dwarf, water 2 in deep, couple bottonwood",Riverine,National Legislation,NA,healthy,7.21,5,-55,rising (plots 1-5) to high tide (plot 6),7,Rhizophora mangle,326.0861546,326.0861546,2.626544611,328.7126992,328.7126992
Morrissette_et_al_2023,Big Creek,1,2,Big Creek_1_2_mangrove,2021,9,12,16.506978,-88.402658,handheld,2,110,mangrove,"red mangroves, standing water at 3 in, taller trees about 5m, open canopy, dense roots, oxygen stress and leaves eaten by insects",Riverine,National Legislation,NA,healthy,7.54,5,23,rising (plots 1-5) to high tide (plot 6),23,Rhizophora mangle,283.5076338,283.5076338,41.59142576,325.0990596,325.0990595
Morrissette_et_al_2023,Big Creek,1,3,Big Creek_1_3_mangrove,2021,9,12,16.506934,-88.402866,handheld,4,257,mangrove,"red mangroves, open canopy, shorter trees, dense roots, standing water 6 in, creek on west edge (cannot go further)",Riverine,National Legislation,NA,healthy,7.45,5,-14,rising (plots 1-5) to high tide (plot 6),19,Rhizophora mangle,967.3726863,282.0184116,37.11015247,1004.482839,319.1285641
Morrissette_et_al_2023,Big Creek,1,4,Big Creek_1_4_mangrove,2021,9,12,16.507177,-88.402589,handheld,2,110,mangrove,"*moved 25m north for a second 3-plot transect* dwarf red mangrove, standing water 2 in deep, some buttonwood, very muddy open water",Riverine,National Legislation,NA,healthy,7.37,3,-37,rising (plots 1-5) to high tide (plot 6),8,"Rhizophora mangle, Avicennia germinans",432.5855778,413.8773527,2.787692318,435.3732701,416.6650451
Morrissette_et_al_2023,Big Creek,1,5,Big Creek_1_5_mangrove,2021,9,12,16.507134,-88.402815,handheld,3,164,mangrove,"dwarf red, standing water about 8 in, open canopy",Riverine,National Legislation,NA,healthy,7.63,5,55,rising (plots 1-5) to high tide (plot 6),28,Rhizophora mangle,562.724119,342.4653483,31.93389684,594.6580159,374.3992452
Morrissette_et_al_2023,Big Creek,1,6,Big Creek_1_6_mangrove,2021,9,12,16.507176,-88.402977,handheld,4,287,mangrove,"dwarf red, open canopy, 1.5ft standing water, trees very unhealthy",Riverine,National Legislation,NA,healthy,7.64,5,32,rising (plots 1-5) to high tide (plot 6),29,Rhizophora mangle,1173.305016,249.2741921,62.29283242,1235.597848,311.5670245
Morrissette_et_al_2023,Big Creek,2,1,Big Creek_2_1_mangrove,2021,9,12,16.510383,-88.424776,handheld,1,84,mangrove,"narrow fringe of medium mangrove, dwarf mangrove, mangrove savannah",Riverine,National legislation,NA,healthy,6.31,16,108,rising (plots 1-5) to high tide (plot 6),22,Laguncularia racemosa,298.3747044,298.3747044,9.334643898,307.7093483,307.7093483
Morrissette_et_al_2023,Big Creek,2,2,Big Creek_2_2_mangrove,2021,9,12,16.510577,-88.424687,handheld,2,121,mangrove,"dwarf red with sparse white - other flora present (juncus, cuscuta)",Riverine,National legislation,NA,healthy,7.16,NA,92,rising (plots 1-5) to high tide (plot 6),48,Rhizophora mangle,429.6363883,344.6654802,24.17498487,453.8113731,368.8404651
Morrissette_et_al_2023,Big Creek,2,3,Big Creek_2_3_mangrove,2021,9,12,16.51077,-88.424582,handheld,1,69,mangrove,"dwarf red with sparse white - other flora present (juncus, cuscuta)",Riverine,National legislation,NA,healthy,7.66,NA,-98,rising (plots 1-5) to high tide (plot 6),46,Rhizophora mangle,271.2109439,271.2109439,24.33740261,295.5483465,295.5483465
Morrissette_et_al_2023,Big Creek,2,4,Big Creek_2_4_mangrove,2021,9,12,16.510987,-88.424456,handheld,2,172,mangrove,"medium sized mangroves, epiphytes, less juncus present",Riverine,National legislation,NA,healthy,6.91,NA,-68,rising (plots 1-5) to high tide (plot 6),42,Rhizophora mangle,618.0643894,473.1480729,42.79176643,660.8561558,515.9398393
Morrissette_et_al_2023,Big Creek,2,5,Big Creek_2_5_mangrove,2021,9,12,16.51119,-88.424355,handheld,1,73,mangrove,"medium sized mangroves, epiphytes, less juncus present",Riverine,National legislation,NA,healthy,6.42,NA,54,rising (plots 1-5) to high tide (plot 6),46,Rhizophora mangle,375.5237545,375.5237545,51.50881112,427.0325657,427.0325657
Morrissette_et_al_2023,Big Creek,2,6,Big Creek_2_6_mangrove,2021,9,12,16.511387,-88.424259,handheld,2,155,mangrove,"medium sized mangroves, epiphytes, less juncus present, more carex and standing water",Riverine,National legislation,NA,healthy,6.31,NA,133,rising (plots 1-5) to high tide (plot 6),75,Rhizophora mangle,861.8362989,589.5378407,65.19900945,927.0353084,654.7368501
Morrissette_et_al_2023,Payne's Creek,1,1,Payne's Creek_1_1_mangrove,2021,9,14,16.281376,-88.593427,handheld,4,328,mangrove,"medium red mangroves, swampy, low standing water ~1 in, dense roots, eaten leaves, lots of fallen",Riverine,Protected,Payne’s Creek National Park,healthy,6.98,3,-120,low (plots 1-2) to rising tide (plots  3-6),61,Rhizophora mangle,1099.725695,496.9377418,164.8185435,1264.544238,661.7562852
Morrissette_et_al_2023,Payne's Creek,1,2,Payne's Creek_1_2_mangrove,2021,9,14,16.281201,-88.593547,handheld,4,290,mangrove,"mixed red and white, standing water < 1in, very dense roots and canopy, lots of leaf detritus, healthier leaves",Riverine,Protected,Payne’s Creek National Park,healthy,6.5,5,-174,low (plots 1-2) to rising tide (plots  3-6),88,Rhizophora mangle,829.9175434,384.0306574,210.6909885,1040.608532,594.721646
Morrissette_et_al_2023,Payne's Creek,1,3,Payne's Creek_1_3_mangrove,2021,9,14,16.280991,-88.593585,handheld,2,125,mangrove,"mostly red, some white, wet ground <1in, standing water, eaten leaves, dense",Riverine,Protected,Payne’s Creek National Park,healthy,6.65,5,-165,low (plots 1-2) to rising tide (plots  3-6),47,Rhizophora mangle,412.0775613,356.3471752,91.46605418,503.5436155,447.8132294
Morrissette_et_al_2023,Payne's Creek,1,4,Payne's Creek_1_4_mangrove,2021,9,14,16.280767,-88.593632,handheld,4,273,mangrove,"mostly red mangrove, dense root system, standing water 1 in, lots of detritus, leaves are healthier, dense canopy, oxygen stress",Riverine,Protected,Payne’s Creek National Park,healthy,6.68,3,-144,low (plots 1-2) to rising tide (plots  3-6),69,Rhizophora mangle,773.8884701,337.3516709,232.9651962,1006.853666,570.3168671
Morrissette_et_al_2023,Payne's Creek,1,5,Payne's Creek_1_5_mangrove,2021,9,14,16.280585,-88.593779,handheld,2,156,mangrove,"mostly red, wet ground, lots of detritus, eaten leaves, dense canopy and roots",Riverine,Protected,Payne’s Creek National Park,healthy,6.6,3,-196,low (plots 1-2) to rising tide (plots  3-6),40,Rhizophora mangle,452.921867,326.3780407,75.00555555,527.9274226,401.3835962
Morrissette_et_al_2023,Payne's Creek,1,6,Payne's Creek_1_6_mangrove,2021,9,14,16.280234,-88.593796,handheld,1,64,mangrove,"dense red mangroves, wet ground, leaf detritus, other species",Riverine,Protected,Payne’s Creek National Park,healthy,6.61,8,-225,low (plots 1-2) to rising tide (plots  3-6),36,Rhizophora mangle,234.8110795,234.8110795,68.39290447,303.203984,303.203984
Morrissette_et_al_2023,Payne's Creek,2,1,Payne's Creek_2_1_mangrove,2021,9,14,16.288337,-88.591185,handheld,2,110,mangrove,"medium height red mangroves, dense prop roots, one or two black mangroves, difficult to take a core due to thick rots, standing water 2-3cm",Riverine,Protected,Payne’s Creek National Park,healthy,7.45,2,25,low (plots 1-2) to rising tide (plots  3-6),20,Rhizophora mangle,658.4841008,627.4666141,62.62529443,721.1093952,690.0919085
Morrissette_et_al_2023,Payne's Creek,2,2,Payne's Creek_2_2_mangrove,2021,9,14,16.288585,-88.591221,handheld,2,117,mangrove,"mixed red and black, more open canopy, standing water 3 cm, a lot of pneumatophores, not as dense roots",Riverine,Protected,Payne’s Creek National Park,healthy,7.11,2,-2,low (plots 1-2) to rising tide (plots  3-6),28,Rhizophora mangle,687.0477849,633.2585447,64.89328761,751.9410725,698.1518323
Morrissette_et_al_2023,Payne's Creek,2,3,Payne's Creek_2_3_mangrove,2021,9,14,16.28884,-88.5913,handheld,1,73,mangrove,"similar to plot 2, medium red with sparse tall black, big dead trees",Riverine,Protected,Payne’s Creek National Park,healthy,7.03,2,-49,low (plots 1-2) to rising tide (plots  3-6),29,Rhizophora mangle,497.7522186,497.7522186,49.60362692,547.3558455,547.3558455
Morrissette_et_al_2023,Payne's Creek,2,4,Payne's Creek_2_4_mangrove,2021,9,14,16.289035,-88.591352,handheld,1,79,mangrove,"similar to plot 2, medium red with sparse tall black, big dead trees",Riverine,Protected,Payne’s Creek National Park,healthy,6.89,4,-127,low (plots 1-2) to rising tide (plots  3-6),26,Rhizophora mangle,533.0225402,533.0225402,51.30118968,584.3237299,584.3237299
Morrissette_et_al_2023,Payne's Creek,2,5,Payne's Creek_2_5_mangrove,2021,9,14,16.28924,-88.591436,handheld,3,285,mangrove,"red mangrove (medium), denser than plot 4, fewer black, still standing water, more prop roots",Riverine,Protected,Payne’s Creek National Park,healthy,6.82,0,-132,low (plots 1-2) to rising tide (plots  3-6),36,Rhizophora mangle,1313.199811,677.947181,83.2710519,1396.470863,761.2182329
Morrissette_et_al_2023,Payne's Creek,2,6,Payne's Creek_2_6_mangrove,2021,9,14,16.289436,-88.591477,handheld,2,185,mangrove,similar to plot 5 but a little more sparse,Riverine,Protected,Payne’s Creek National Park,healthy,7.2,0,47,low (plots 1-2) to rising tide (plots  3-6),34,Rhizophora mangle,909.0098204,638.9237604,61.2991493,970.3089697,700.2229097
Morrissette_et_al_2023,Frenchman Caye,1,1,Frenchman Caye_1_1_mangrove,2021,9,15,16.182486,-88.658633,handheld,2,97.5,mangrove,"dwarf red, 4-6 in standing water, eaten leaves, some dead roots, detritus",Caye,Protected,Port Honduras Marine Reserve,healthy,7,28,-170,falling (plots 1-3) to low (plot 4) to rising tide (plots 5-6),69,Rhizophora mangle,272.174478,272.174478,89.40728081,361.5817588,361.5817588
Morrissette_et_al_2023,Frenchman Caye,1,2,Frenchman Caye_1_2_mangrove,2021,9,15,16.182618,-88.658878,handheld,2,96,mangrove,"dwarf red, very dense roots, oxygen stress, wet/muddy ground, lots of detritus eaten leaves (yellow & unhealthy)",Caye,Protected,Port Honduras Marine Reserve,healthy,6.33,30,-256,falling (plots 1-3) to low (plot 4) to rising tide (plots 5-6),59,Rhizophora mangle,305.9795658,305.9795658,69.18207008,375.1616358,375.1616358
Morrissette_et_al_2023,Frenchman Caye,1,3,Frenchman Caye_1_3_mangrove,2021,9,15,16.182674,-88.659092,handheld,2,117,mangrove,"did plot 3 last (accidentally skipped), dwarf red mangrove, 3 in standing water, average height of trees = 3/4 m, leaves are green but eaten, oxygen stress",Caye,Protected,Port Honduras Marine Reserve,healthy,7.19,26,-30,falling (plots 1-3) to low (plot 4) to rising tide (plots 5-6),73,Rhizophora mangle,305.5517566,277.7767206,54.47392539,360.025682,332.250646
Morrissette_et_al_2023,Frenchman Caye,1,4,Frenchman Caye_1_4_mangrove,2021,9,15,16.182715,-88.659314,handheld,2,134,mangrove,"taller dwarf red, muddy, swampy, eaten leaves, trees aren't very healthy, lots of detritus, dense",Caye,Protected,Port Honduras Marine Reserve,healthy,6.83,30,-230,falling (plots 1-3) to low (plot 4) to rising tide (plots 5-6),36,Rhizophora mangle,385.1483381,241.8852002,65.59921686,450.7475549,307.4844171
Morrissette_et_al_2023,Frenchman Caye,1,5,Frenchman Caye_1_5_mangrove,2021,9,15,16.182778,-88.659524,handheld,1,57,mangrove,"dwarf red mangroves, 1-2 in standing water, leaf litter, oxygen stress on roots, leaves are being eaten",Caye,Protected,Port Honduras Marine Reserve,healthy,6.41,30,-322,falling (plots 1-3) to low (plot 4) to rising tide (plots 5-6),46,Rhizophora mangle,129.8977931,129.8977931,74.04834531,203.9461385,203.9461385
Morrissette_et_al_2023,Frenchman Caye,1,6,Frenchman Caye_1_6_mangrove,2021,9,15,16.182853,-88.659754,handheld,1,84,mangrove,"dwarf red mangroves (dense), oxygen stress on roots, leaf damage, 1 in standing water",Caye,Protected,Port Honduras Marine Reserve,healthy,6.52,25,-304,falling (plots 1-3) to low (plot 4) to rising tide (plots 5-6),74,Rhizophora mangle,232.2600527,232.2600527,59.08358903,291.3436417,291.3436417
Morrissette_et_al_2023,Frenchman Caye,2,1,Frenchman Caye_2_1_mangrove,2021,9,15,16.18206,-88.6565,handheld,1,69,mangrove,"medium dwarf red mangroves, standing water 15cm, trees get smaller away from channel",Caye,Protected,Port Honduras Marine Reserve,healthy,8.06,31,39,falling (plots 1-3) to low (plot 4) to rising tide (plots 5-6),36,Rhizophora mangle,260.7913907,260.7913907,28.99686913,289.7882598,289.7882598
Morrissette_et_al_2023,Frenchman Caye,2,2,Frenchman Caye_2_2_mangrove,2021,9,15,16.182147,-88.656372,handheld,1,71.5,mangrove,"dwarf red mangroves, standing water 15cm",Caye,Protected,Port Honduras Marine Reserve,healthy,7.92,32,31,falling (plots 1-3) to low (plot 4) to rising tide (plots 5-6),46,Rhizophora mangle,251.1403906,251.1403906,34.71769148,285.8580821,285.8580821
Morrissette_et_al_2023,Frenchman Caye,2,3,Frenchman Caye_2_3_mangrove,2021,9,15,16.18223,-88.65619,handheld,1,72,mangrove,"dwarf red mangrove, 10cm standing water",Caye,Protected,Port Honduras Marine Reserve,healthy,7.69,31,-34,falling (plots 1-3) to low (plot 4) to rising tide (plots 5-6),44,Rhizophora mangle,202.1208539,202.1208539,47.78443711,249.905291,249.905291
Morrissette_et_al_2023,Frenchman Caye,2,4,Frenchman Caye_2_4_mangrove,2021,9,15,16.182337,-88.65605,handheld,1,82,mangrove,"50-60cm tall red dwarf mangroves, 70% cover, very soft ground, standing water 10cm",Caye,Protected,Port Honduras Marine Reserve,healthy,7.5,31,142,falling (plots 1-3) to low (plot 4) to rising tide (plots 5-6),34,Rhizophora mangle,237.6036267,237.6036267,32.3384326,269.9420593,269.9420593
Morrissette_et_al_2023,Frenchman Caye,2,5,Frenchman Caye_2_5_mangrove,2021,9,15,16.182404,-88.65589,handheld,1,99,mangrove,"dwarf red mangrove, 10cm standing water",Caye,Protected,Port Honduras Marine Reserve,healthy,7.07,32,-134,falling (plots 1-3) to low (plot 4) to rising tide (plots 5-6),44,Rhizophora mangle,265.6120404,265.6120404,37.41175234,303.0237928,303.0237928
Morrissette_et_al_2023,Frenchman Caye,2,6,Frenchman Caye_2_6_mangrove,2021,9,15,16.18248,-88.6557,handheld,1,79,mangrove,"dwarf red mangrove, 5cm standing water",Caye,Protected,Port Honduras Marine Reserve,healthy,7.62,30,14,falling (plots 1-3) to low (plot 4) to rising tide (plots 5-6),44,Rhizophora mangle,266.6115187,266.6115187,23.00513848,289.6166571,289.6166571
Morrissette_et_al_2023,Turneffe Atoll,1,1,Turneffe Atoll_1_1_mangrove,2022,3,10,17.28784,-87.81606,handheld,3,185,mangrove,"dense red mangroves, visible fallen leaves, moist but sturdy ground, no standing water",Caye,Protected,Turneffe Atoll Marine Reserve,healthy,NA,39,NA,rising (plots 1-5) to high tide (plot 6),36,Rhizophora mangle,602.748317,456.830743,85.52424115,688.2725582,542.3549841
Morrissette_et_al_2023,Turneffe Atoll,1,2,Turneffe Atoll_1_2_mangrove,2022,3,10,17.28762,-87.81593,handheld,2,123,mangrove,"less dense, more red and some black mangroves, visible leaves fallen, no standing water, healthy leaves, partially open canopy",Caye,Protected,Turneffe Atoll Marine Reserve,healthy,NA,39,NA,rising (plots 1-5) to high tide (plot 6),23,Rhizophora mangle,601.4918574,601.4918574,55.96112238,657.4529797,657.4529797
Morrissette_et_al_2023,Turneffe Atoll,1,3,Turneffe Atoll_1_3_mangrove,2022,3,10,17.28742,-87.81583,handheld,3,169,mangrove,"less dense, more red and some black mangroves, visible leaves fallen, no standing water, healthy leaves, partially open canopy",Caye,Protected,Turneffe Atoll Marine Reserve,healthy,NA,29,NA,rising (plots 1-5) to high tide (plot 6),35,Rhizophora mangle,672.1861404,474.2095133,54.81419538,727.0003357,529.0237087
Morrissette_et_al_2023,Turneffe Atoll,1,4,Turneffe Atoll_1_4_mangrove,2022,3,10,17.28723,-87.8256,handheld,3,154,mangrove,"less dense, more red and some black mangroves, less detritus, standing water, healthy leaves, 1 white mangrove, solid ground, no smell",Caye,Protected,Turneffe Atoll Marine Reserve,healthy,NA,36,NA,rising (plots 1-5) to high tide (plot 6),37,Rhizophora mangle,611.5228417,410.0655381,50.06780678,661.5906485,460.1333449
Morrissette_et_al_2023,Turneffe Atoll,1,5,Turneffe Atoll_1_5_mangrove,2022,3,10,17.28708,-87.81558,handheld,3,147,mangrove,"less dense, more red and some black mangroves, visible leaves fallen, no standing water, healthy leaves, short, dense canopy",Caye,Protected,Turneffe Atoll Marine Reserve,healthy,NA,39,NA,rising (plots 1-5) to high tide (plot 6),29,Rhizophora mangle,632.8654116,443.4269529,64.73946986,697.6048815,508.1664228
Morrissette_et_al_2023,Turneffe Atoll,1,6,Turneffe Atoll_1_6_mangrove,2022,3,10,17.28686,-87.81546,handheld,3,131,mangrove,"less dense, more red and some black mangroves, visible leaves fallen, no standing water, healthy leaves, partially open canopy, no smell, some fruit",Caye,Protected,Turneffe Atoll Marine Reserve,healthy,NA,41,NA,rising (plots 1-5) to high tide (plot 6),30,Rhizophora mangle,640.8467289,516.1441395,44.75877936,685.6055083,560.9029189
Morrissette_et_al_2023,Turneffe Atoll,2,1,Turneffe Atoll_2_1_mangrove,2022,3,11,17.28646,-87.81233,handheld,3,145,mangrove,"densely packed red mangrove, standing water, 2m height trees, lots of seedlings",Caye,Protected,Turneffe Atoll Marine Reserve,healthy,NA,39,NA,rising (plots 1-5) to high tide (plot 6),63,Rhizophora mangle,662.7793181,585.8119248,71.73576989,734.515088,657.5476947
Morrissette_et_al_2023,Turneffe Atoll,2,2,Turneffe Atoll_2_2_mangrove,2022,3,11,17.28622,-87.81233,handheld,3,153,mangrove,"some black mangrove present, standing water, dense, shorter trees ~1.2m, healthy but with human impact, clearing @ 20m on transect, lots of seedlings",Caye,Protected,Turneffe Atoll Marine Reserve,healthy,NA,40,NA,rising (plots 1-5) to high tide (plot 6),64,Rhizophora mangle,591.702977,467.9345974,57.16551893,648.868496,525.1001164
Morrissette_et_al_2023,Turneffe Atoll,2,3,Turneffe Atoll_2_3_mangrove,2022,3,11,17.286,-87.81233,handheld,3,140,mangrove,"some black mangrove present, standing water, dense, taller trees ~2.3m, healthy, lots of seedlings",Caye,Protected,Turneffe Atoll Marine Reserve,healthy,NA,41,NA,rising (plots 1-5) to high tide (plot 6),27,Rhizophora mangle,597.8423109,512.4627505,46.8811564,644.7234673,559.3439069
Morrissette_et_al_2023,Turneffe Atoll,2,4,Turneffe Atoll_2_4_mangrove,2022,3,11,17.28576,-87.81232,handheld,4,193,mangrove,"some black & white mangrove present, standing water, dense, taller trees ~2.3m, healthy, lots of seedlings",Caye,Protected,Turneffe Atoll Marine Reserve,healthy,NA,42,NA,rising (plots 1-5) to high tide (plot 6),39,Rhizophora mangle,719.7232635,569.5868384,79.90998467,799.6332482,649.4968231
Morrissette_et_al_2023,Turneffe Atoll,2,5,Turneffe Atoll_2_5_mangrove,2022,3,11,17.28556,-87.81233,handheld,3,145,mangrove,"high prop roots, dense red, sparse black, standing water, dead white mangroves present, avg height 2.5m",Caye,Protected,Turneffe Atoll Marine Reserve,healthy,NA,35,NA,rising (plots 1-5) to high tide (plot 6),45,Rhizophora mangle,703.2492003,505.6590135,81.03895387,784.2881542,586.6979674
Morrissette_et_al_2023,Turneffe Atoll,2,6,Turneffe Atoll_2_6_mangrove,2022,3,11,17.28534,-87.8123,handheld,4,210,mangrove,"less dense, more black mangrove, ~2cm standing water, lots of seedlings, healthy leaves, fruits on trees",Caye,Protected,Turneffe Atoll Marine Reserve,healthy,NA,38,NA,rising (plots 1-5) to high tide (plot 6),68,Rhizophora mangle,895.5343427,588.0469097,97.0722995,992.6066422,685.1192092
Morrissette_et_al_2023,Channel Caye,S,1,Channel Caye_S_1_seagrass,2021,9,10,16.644835,-88.16455,handheld,1,80,seagrass,Offshore of mangrove transect at Channel Caye,NA,Protected,South Water Caye Marine Reserve,healthy,7.18,33,20,rising (plots 1-3) to high (plot 4) to falling tide (plots 5-6),NA,"Thalassia testudinum, Syringodium filiforme",NA,NA,NA,NA,NA
Morrissette_et_al_2023,Channel Caye,S,2,Channel Caye_S_2_seagrass,2021,9,10,16.644791,-88.164332,handheld,1,58,seagrass,Offshore of mangrove transect at Channel Caye,NA,Protected,South Water Caye Marine Reserve,healthy,7.18,33,20,rising (plots 1-3) to high (plot 4) to falling tide (plots 5-6),NA,"Thalassia testudinum, Syringodium filiforme",NA,NA,NA,NA,NA
