"","Source","Site_name","Site","Core","Habitat_type","Latitude","Longitude","accuracy_flag","accuracy_code","Country","Nation","Year_collected","U_depth_m","L_depth_m","Method","OC_perc","SOM_perc","BD_reported_g_cm3","DOI"
"1","Pagès et al (in preparation)","JFP DYFIW2A","Dyfi estuary","DYFIW2A","Saltmarsh",52.52370238,-4.03783766,"direct from dataset",1,"UK","Wales",2017,0,0.03,"EA",2.1840506,8.10166799,1.025630624,"unpublished"
"2","Pagès et al (in preparation)","JFP DYFIW2A","Dyfi estuary","DYFIW2A","Saltmarsh",52.52370238,-4.03783766,"direct from dataset",1,"UK","Wales",2017,0.05636788,0.08,"EA",2.3746124,4.673998429,1.017106822,"unpublished"
"3","Pagès et al (in preparation)","JFP DYFIW2A","Dyfi estuary","DYFIW2A","Saltmarsh",52.52370238,-4.03783766,"direct from dataset",1,"UK","Wales",2017,0.110614383,0.14,"EA",2.2376362,7.360308285,0.984906867,"unpublished"
"4","Pagès et al (in preparation)","JFP DYFIW2A","Dyfi estuary","DYFIW2A","Saltmarsh",52.52370238,-4.03783766,"direct from dataset",1,"UK","Wales",2017,0.188220445,0.21,"EA",2.3730783,6.01387818,1.064590454,"unpublished"
"5","Pagès et al (in preparation)","JFP DYFIW2A","Dyfi estuary","DYFIW2A","Saltmarsh",52.52370238,-4.03783766,"direct from dataset",1,"UK","Wales",2017,0.286118599,0.31,"EA",2.6256038,5.527244218,0.914381879,"unpublished"
"6","Pagès et al (in preparation)","JFP DYFIW2A","Dyfi estuary","DYFIW2A","Saltmarsh",52.52370238,-4.03783766,"direct from dataset",1,"UK","Wales",2017,0.401904512,0.42,"EA",1.22661,5.114296784,1.097048011,"unpublished"
"7","Pagès et al (in preparation)","JFP DYFIW2A","Dyfi estuary","DYFIW2A","Saltmarsh",52.52370238,-4.03783766,"direct from dataset",1,"UK","Wales",2017,0.534273834,0.56,"EA",1.2834997,3.814713896,1.543038635,"unpublished"
"8","Pagès et al (in preparation)","JFP DYFIW2A","Dyfi estuary","DYFIW2A","Saltmarsh",52.52370238,-4.03783766,"direct from dataset",1,"UK","Wales",2017,0.724728255,0.75,"EA",0.3925245,1.314263626,1.808795655,"unpublished"
"9","Pagès et al (in preparation)","JFP DYFIW2A","Dyfi estuary","DYFIW2A","Saltmarsh",52.52370238,-4.03783766,"direct from dataset",1,"UK","Wales",2017,0.766211914,0.79,"EA",0.2472745,0.655611261,1.916819218,"unpublished"
"10","Pagès et al (in preparation)","JFP DYFIW2A","Dyfi estuary","DYFIW2A","Saltmarsh",52.52370238,-4.03783766,"direct from dataset",1,"UK","Wales",2017,1.09247713,1.11,"EA",0.0405333,NA,1.854879786,"unpublished"
"11","Pagès et al (in preparation)","JFP DYFIW2A","Dyfi estuary","DYFIW2A","Saltmarsh",52.52370238,-4.03783766,"direct from dataset",1,"UK","Wales",2017,1.153003497,1.17,"EA",0.1856562,0.854368932,1.972845762,"unpublished"
"12","Pagès et al (in preparation)","JFP DYFIW2A","Dyfi estuary","DYFIW2A","Saltmarsh",52.52370238,-4.03783766,"direct from dataset",1,"UK","Wales",2017,1.193291874,1.21,"EA",0.0778547,0.194174757,1.97730393,"unpublished"
"13","Pagès et al (in preparation)","JFP DYFIW6A","Dyfi estuary","DYFIW6A","Saltmarsh",52.52463905,-4.037516057,"direct from dataset",1,"UK","Wales",2017,0.034009086,0.06603958,"EA",2.0035335,4.938271605,0.730508224,"unpublished"
"14","Pagès et al (in preparation)","JFP DYFIW6A","Dyfi estuary","DYFIW6A","Saltmarsh",52.52463905,-4.037516057,"direct from dataset",1,"UK","Wales",2017,0.097078691,0.127208116,"EA",2.5118653,5.693950178,0.69839719,"unpublished"
"15","Pagès et al (in preparation)","JFP DYFIW6A","Dyfi estuary","DYFIW6A","Saltmarsh",52.52463905,-4.037516057,"direct from dataset",1,"UK","Wales",2017,0.185031583,0.212857528,"EA",1.6282936,4.268529298,0.811058051,"unpublished"
"16","Pagès et al (in preparation)","JFP DYFIW6A","Dyfi estuary","DYFIW6A","Saltmarsh",52.52463905,-4.037516057,"direct from dataset",1,"UK","Wales",2017,0.266627854,0.292674142,"EA",1.9077225,4.972592013,0.761950833,"unpublished"
"17","Pagès et al (in preparation)","JFP DYFIW6A","Dyfi estuary","DYFIW6A","Saltmarsh",52.52463905,-4.037516057,"direct from dataset",1,"UK","Wales",2017,0.367984363,0.392270751,"EA",2.0678979,5.500982318,0.721122096,"unpublished"
"18","Pagès et al (in preparation)","JFP DYFIW6A","Dyfi estuary","DYFIW6A","Saltmarsh",52.52463905,-4.037516057,"direct from dataset",1,"UK","Wales",2017,0.46312461,0.486163355,"EA",1.969357,5.175159236,0.88414115,"unpublished"
"19","Pagès et al (in preparation)","JFP DYFIW6A","Dyfi estuary","DYFIW6A","Saltmarsh",52.52463905,-4.037516057,"direct from dataset",1,"UK","Wales",2017,0.576012224,0.597988955,"EA",0.63878405,2.704094871,1.463118499,"unpublished"
"20","Pagès et al (in preparation)","JFP DYFIW6A","Dyfi estuary","DYFIW6A","Saltmarsh",52.52463905,-4.037516057,"direct from dataset",1,"UK","Wales",2017,0.726861532,0.747944218,"EA",0.1696252,1.035856574,1.927146601,"unpublished"
"21","Pagès et al (in preparation)","JFP DYFIW6A","Dyfi estuary","DYFIW6A","Saltmarsh",52.52463905,-4.037516057,"direct from dataset",1,"UK","Wales",2017,0.872803863,0.893396866,"EA",0.2153403,0.899139953,1.960875535,"unpublished"
"22","Pagès et al (in preparation)","JFP DYFIW6A","Dyfi estuary","DYFIW6A","Saltmarsh",52.52463905,-4.037516057,"direct from dataset",1,"UK","Wales",2017,0.913941002,0.934440299,"EA",0.0888405,0.42503864,1.495401219,"unpublished"
"23","Pagès et al (in preparation)","JFP DYFIW6A","Dyfi estuary","DYFIW6A","Saltmarsh",52.52463905,-4.037516057,"direct from dataset",1,"UK","Wales",2017,1.097205804,1.117436062,"EA",0.0730366,0.517104216,1.969267936,"unpublished"
"24","Pagès et al (in preparation)","JFP DYFIW6A","Dyfi estuary","DYFIW6A","Saltmarsh",52.52463905,-4.037516057,"direct from dataset",1,"UK","Wales",2017,1.258595692,1.278711415,"EA",0.0534433,0.50623053,1.654816814,"unpublished"
"25","Pagès et al (in preparation)","JFP DYFIW7A","Dyfi estuary","DYFIW7A","Saltmarsh",52.52585409,-4.038168944,"direct from dataset",1,"UK","Wales",2017,0.031584433,0.061970525,"EA",0.1105655,0.738150738,1.345955429,"unpublished"
"26","Pagès et al (in preparation)","JFP DYFIW7A","Dyfi estuary","DYFIW7A","Saltmarsh",52.52585409,-4.038168944,"direct from dataset",1,"UK","Wales",2017,0.203316764,0.22982109,"EA",0.0683865,0.787091696,1.619918634,"unpublished"
"27","Pagès et al (in preparation)","JFP DYFIW7A","Dyfi estuary","DYFIW7A","Saltmarsh",52.52585409,-4.038168944,"direct from dataset",1,"UK","Wales",2017,0.331310519,0.355714318,"EA",0.1878019,1.183898974,1.837887992,"unpublished"
"28","Pagès et al (in preparation)","JFP DYFIW7A","Dyfi estuary","DYFIW7A","Saltmarsh",52.52585409,-4.038168944,"direct from dataset",1,"UK","Wales",2017,0.379787675,0.403555386,"EA",1.187944,3.695060288,1.232228916,"unpublished"
"29","Pagès et al (in preparation)","JFP DYFIW7A","Dyfi estuary","DYFIW7A","Saltmarsh",52.52585409,-4.038168944,"direct from dataset",1,"UK","Wales",2017,0.473245506,0.4960034,"EA",0.6218336,2.691107644,1.389374161,"unpublished"
"30","Pagès et al (in preparation)","JFP DYFIW7A","Dyfi estuary","DYFIW7A","Saltmarsh",52.52585409,-4.038168944,"direct from dataset",1,"UK","Wales",2017,0.540913897,0.563096389,"EA",0.1935171,1.378782076,1.732782433,"unpublished"
"31","Pagès et al (in preparation)","JFP DYFIW7A","Dyfi estuary","DYFIW7A","Saltmarsh",52.52585409,-4.038168944,"direct from dataset",1,"UK","Wales",2017,0.671784725,0.693151519,"EA",0.1639348,1.513975155,1.925685963,"unpublished"
"32","Pagès et al (in preparation)","JFP DYFIW7A","Dyfi estuary","DYFIW7A","Saltmarsh",52.52585409,-4.038168944,"direct from dataset",1,"UK","Wales",2017,0.819448579,0.840240311,"EA",0.2528527,NA,1.985433723,"unpublished"
"33","Pagès et al (in preparation)","JFP DYFIW7A","Dyfi estuary","DYFIW7A","Saltmarsh",52.52585409,-4.038168944,"direct from dataset",1,"UK","Wales",2017,0.860972635,0.881650009,"EA",0.4274407,1.083172147,2.068933992,"unpublished"
"34","Pagès et al (in preparation)","JFP DYFIW7A","Dyfi estuary","DYFIW7A","Saltmarsh",52.52585409,-4.038168944,"direct from dataset",1,"UK","Wales",2017,1.065861802,1.086172314,"EA",0.1619736,0.964506173,2.165585445,"unpublished"
"35","Pagès et al (in preparation)","JFP DYFIW7A","Dyfi estuary","DYFIW7A","Saltmarsh",52.52585409,-4.038168944,"direct from dataset",1,"UK","Wales",2017,1.106459526,1.126725188,"EA",0.1034579,0.552050473,2.239477939,"unpublished"
"36","Pagès et al (in preparation)","JFP DYFIW7A","Dyfi estuary","DYFIW7A","Saltmarsh",52.52585409,-4.038168944,"direct from dataset",1,"UK","Wales",2017,1.308377026,1.328498806,"EA",0.0764358,0.270165959,2.197864421,"unpublished"
"37","Pagès et al (in preparation)","JFP DYFIW12A","Dyfi estuary","DYFIW12A","Saltmarsh",52.52562476,-4.043852095,"direct from dataset",1,"UK","Wales",2017,0.049514196,0.073716091,"EA",0.0485748,0.826657638,1.701489075,"unpublished"
"38","Pagès et al (in preparation)","JFP DYFIW12A","Dyfi estuary","DYFIW12A","Saltmarsh",52.52562476,-4.043852095,"direct from dataset",1,"UK","Wales",2017,0.121264453,0.144650067,"EA",0.0555935,0.633914422,1.660180826,"unpublished"
"39","Pagès et al (in preparation)","JFP DYFIW12A","Dyfi estuary","DYFIW12A","Saltmarsh",52.52562476,-4.043852095,"direct from dataset",1,"UK","Wales",2017,0.235998362,0.258360426,"EA",0.0673181,0.741029641,1.471678792,"unpublished"
"40","Pagès et al (in preparation)","JFP DYFIW12A","Dyfi estuary","DYFIW12A","Saltmarsh",52.52562476,-4.043852095,"direct from dataset",1,"UK","Wales",2017,0.258360426,0.280558399,"EA",0.5905977,2.510621862,1.832057997,"unpublished"
"41","Pagès et al (in preparation)","JFP DYFIW12A","Dyfi estuary","DYFIW12A","Saltmarsh",52.52562476,-4.043852095,"direct from dataset",1,"UK","Wales",2017,0.367925818,0.389459292,"EA",0.7018756,2.409162717,1.390303191,"unpublished"
"42","Pagès et al (in preparation)","JFP DYFIW12A","Dyfi estuary","DYFIW12A","Saltmarsh",52.52562476,-4.043852095,"direct from dataset",1,"UK","Wales",2017,0.453449626,0.474599366,"EA",0.3051251,1.906274821,1.621331685,"unpublished"
"43","Pagès et al (in preparation)","JFP DYFIW12A","Dyfi estuary","DYFIW12A","Saltmarsh",52.52562476,-4.043852095,"direct from dataset",1,"UK","Wales",2017,0.558453196,0.579255342,"EA",0.1568535,1.089494163,1.920832293,"unpublished"
"44","Pagès et al (in preparation)","JFP DYFIW12A","Dyfi estuary","DYFIW12A","Saltmarsh",52.52562476,-4.043852095,"direct from dataset",1,"UK","Wales",2017,0.661944068,0.682503707,"EA",0.1783977,1.149881047,1.733878298,"unpublished"
"45","Pagès et al (in preparation)","JFP DYFIW12A","Dyfi estuary","DYFIW12A","Saltmarsh",52.52562476,-4.043852095,"direct from dataset",1,"UK","Wales",2017,0.682503707,0.703024467,"EA",0.0723745,1.067615658,1.685489819,"unpublished"
"46","Pagès et al (in preparation)","JFP DYFIW12A","Dyfi estuary","DYFIW12A","Saltmarsh",52.52562476,-4.043852095,"direct from dataset",1,"UK","Wales",2017,0.743959972,0.764379567,"EA",0.2306624,1.360279829,1.663160768,"unpublished"
"47","Pagès et al (in preparation)","JFP DYFIW12A","Dyfi estuary","DYFIW12A","Saltmarsh",52.52562476,-4.043852095,"direct from dataset",1,"UK","Wales",2017,0.805133336,0.825471419,"EA",0.3673063,2.472952087,1.589367742,"unpublished"
"48","Pagès et al (in preparation)","JFP DYFIW12A","Dyfi estuary","DYFIW12A","Saltmarsh",52.52562476,-4.043852095,"direct from dataset",1,"UK","Wales",2017,1.108347303,1.128462114,"EA",0.7157726,2.19210841,1.629865364,"unpublished"
"49","Pagès et al (in preparation)","JFP HARLECH3A","Glaslyn-Dwyryd estuary","HARLECH3A","Saltmarsh",52.89633261,-4.117269514,"direct from dataset",1,"UK","Wales",2017,0,0.024720156,"EA",5.0019121,12.37274863,0.448459164,"unpublished"
"50","Pagès et al (in preparation)","JFP HARLECH3A","Glaslyn-Dwyryd estuary","HARLECH3A","Saltmarsh",52.89633261,-4.117269514,"direct from dataset",1,"UK","Wales",2017,0.049255089,0.073474983,"EA",4.252928,11.07212476,0.653616891,"unpublished"
"51","Pagès et al (in preparation)","JFP HARLECH3A","Glaslyn-Dwyryd estuary","HARLECH3A","Saltmarsh",52.89633261,-4.117269514,"direct from dataset",1,"UK","Wales",2017,0.121055681,0.144455799,"EA",4.6225154,11.33980583,0.764317027,"unpublished"
"52","Pagès et al (in preparation)","JFP HARLECH3A","Glaslyn-Dwyryd estuary","HARLECH3A","Saltmarsh",52.89633261,-4.117269514,"direct from dataset",1,"UK","Wales",2017,0.167619713,0.190563834,"EA",2.771815,5.928237129,1.151145067,"unpublished"
"53","Pagès et al (in preparation)","JFP HARLECH3A","Glaslyn-Dwyryd estuary","HARLECH3A","Saltmarsh",52.89633261,-4.117269514,"direct from dataset",1,"UK","Wales",2017,0.235852707,0.258224889,"EA",NA,0.88,1.410477406,"unpublished"
"54","Pagès et al (in preparation)","JFP HARLECH3A","Glaslyn-Dwyryd estuary","HARLECH3A","Saltmarsh",52.89633261,-4.117269514,"direct from dataset",1,"UK","Wales",2017,0.258224889,0.280432277,"EA",1.7961756,6.073500967,1.650550578,"unpublished"
"55","Pagès et al (in preparation)","JFP HARLECH3A","Glaslyn-Dwyryd estuary","HARLECH3A","Saltmarsh",52.89633261,-4.117269514,"direct from dataset",1,"UK","Wales",2017,0.302486321,0.324397671,"EA",0.1851496,0.941176471,1.681075393,"unpublished"
"56","Pagès et al (in preparation)","JFP HARLECH3A","Glaslyn-Dwyryd estuary","HARLECH3A","Saltmarsh",52.89633261,-4.117269514,"direct from dataset",1,"UK","Wales",2017,0.367831257,0.3893713,"EA",0.8721679,1.123160341,1.783427674,"unpublished"
"57","Pagès et al (in preparation)","JFP HARLECH3A","Glaslyn-Dwyryd estuary","HARLECH3A","Saltmarsh",52.89633261,-4.117269514,"direct from dataset",1,"UK","Wales",2017,0.558403732,0.579209314,"EA",0.1057327,0.742767787,1.782199241,"unpublished"
"58","Pagès et al (in preparation)","JFP HARLECH3A","Glaslyn-Dwyryd estuary","HARLECH3A","Saltmarsh",52.89633261,-4.117269514,"direct from dataset",1,"UK","Wales",2017,0.743934098,0.76435549,"EA",0.044986,0.588004704,2.089361852,"unpublished"
"59","Pagès et al (in preparation)","JFP HARLECH3A","Glaslyn-Dwyryd estuary","HARLECH3A","Saltmarsh",52.89633261,-4.117269514,"direct from dataset",1,"UK","Wales",2017,0.886335531,0.906590099,"EA",NA,0.66045066,1.720212528,"unpublished"
"60","Pagès et al (in preparation)","JFP HARLECH3A","Glaslyn-Dwyryd estuary","HARLECH3A","Saltmarsh",52.89633261,-4.117269514,"direct from dataset",1,"UK","Wales",2017,1.06808315,1.088216312,"EA",0.8244494,0.861393892,1.775547184,"unpublished"
"61","Pagès et al (in preparation)","JFP HARLECH5A","Glaslyn-Dwyryd estuary","HARLECH5A","Saltmarsh",52.89751464,-4.11913893,"direct from dataset",1,"UK","Wales",2017,0.030694797,0.060874742,"EA",1.39909965,4.496410652,0.760288025,"unpublished"
"62","Pagès et al (in preparation)","JFP HARLECH5A","Glaslyn-Dwyryd estuary","HARLECH5A","Saltmarsh",52.89751464,-4.11913893,"direct from dataset",1,"UK","Wales",2017,0.09025324,0.118893388,"EA",2.1442071,5.1171875,0.816549921,"unpublished"
"63","Pagès et al (in preparation)","JFP HARLECH5A","Glaslyn-Dwyryd estuary","HARLECH5A","Saltmarsh",52.89751464,-4.11913893,"direct from dataset",1,"UK","Wales",2017,0.17418657,0.200942493,"EA",1.282854,5.27962456,0.862391315,"unpublished"
"64","Pagès et al (in preparation)","JFP HARLECH5A","Glaslyn-Dwyryd estuary","HARLECH5A","Saltmarsh",52.89751464,-4.11913893,"direct from dataset",1,"UK","Wales",2017,0.278183178,0.303049895,"EA",2.1968611,6.387225549,0.994658179,"unpublished"
"65","Pagès et al (in preparation)","JFP HARLECH5A","Glaslyn-Dwyryd estuary","HARLECH5A","Saltmarsh",52.89751464,-4.11913893,"direct from dataset",1,"UK","Wales",2017,0.422205049,0.445180571,"EA",0.9706747,2.90247678,1.358137484,"unpublished"
"66","Pagès et al (in preparation)","JFP HARLECH5A","Glaslyn-Dwyryd estuary","HARLECH5A","Saltmarsh",52.89751464,-4.11913893,"direct from dataset",1,"UK","Wales",2017,0.467921837,0.490447288,"EA",0.2658268,1.899961225,1.555033213,"unpublished"
"67","Pagès et al (in preparation)","JFP HARLECH5A","Glaslyn-Dwyryd estuary","HARLECH5A","Saltmarsh",52.89751464,-4.11913893,"direct from dataset",1,"UK","Wales",2017,0.512773915,0.534917371,"EA",0.7195245,3.090766823,1.482289387,"unpublished"
"68","Pagès et al (in preparation)","JFP HARLECH5A","Glaslyn-Dwyryd estuary","HARLECH5A","Saltmarsh",52.89751464,-4.11913893,"direct from dataset",1,"UK","Wales",2017,0.600387335,0.621931402,"EA",0.8140075,1.65811291,1.567010808,"unpublished"
"69","Pagès et al (in preparation)","JFP HARLECH5A","Glaslyn-Dwyryd estuary","HARLECH5A","Saltmarsh",52.89751464,-4.11913893,"direct from dataset",1,"UK","Wales",2017,0.811361962,0.832042017,"EA",NA,0,1.882995999,"unpublished"
"70","Pagès et al (in preparation)","JFP HARLECH5A","Glaslyn-Dwyryd estuary","HARLECH5A","Saltmarsh",52.89751464,-4.11913893,"direct from dataset",1,"UK","Wales",2017,1.077025204,1.097259404,"EA",1.2669578,3.76984127,1.474559133,"unpublished"
"71","Pagès et al (in preparation)","JFP HARLECH5A","Glaslyn-Dwyryd estuary","HARLECH5A","Saltmarsh",52.89751464,-4.11913893,"direct from dataset",1,"UK","Wales",2017,1.117475165,1.137673941,"EA",0.4047887,1.884615385,1.918642125,"unpublished"
"72","Pagès et al (in preparation)","JFP HARLECH5A","Glaslyn-Dwyryd estuary","HARLECH5A","Saltmarsh",52.89751464,-4.11913893,"direct from dataset",1,"UK","Wales",2017,1.23845631,1.258577842,"EA",0.1375555,0.94637224,1.701437769,"unpublished"
"73","Pagès et al (in preparation)","JFP HARLECH9A","Glaslyn-Dwyryd estuary","HARLECH9A","Saltmarsh",52.89845047,-4.116736663,"direct from dataset",1,"UK","Wales",2017,0,0.024262896,"EA",0.5036777,2.642998028,1.025600558,"unpublished"
"74","Pagès et al (in preparation)","JFP HARLECH9A","Glaslyn-Dwyryd estuary","HARLECH9A","Saltmarsh",52.89845047,-4.116736663,"direct from dataset",1,"UK","Wales",2017,0.048461468,0.072391881,"EA",0.4694333,2.061454687,1.160721799,"unpublished"
"75","Pagès et al (in preparation)","JFP HARLECH9A","Glaslyn-Dwyryd estuary","HARLECH9A","Saltmarsh",52.89845047,-4.116736663,"direct from dataset",1,"UK","Wales",2017,0.096071262,0.119515644,"EA",0.4041758,2.237654321,1.241402834,"unpublished"
"76","Pagès et al (in preparation)","JFP HARLECH9A","Glaslyn-Dwyryd estuary","HARLECH9A","Saltmarsh",52.89845047,-4.116736663,"direct from dataset",1,"UK","Wales",2017,0.142740036,0.165758489,"EA",0.1379174,1.059654631,1.167155385,"unpublished"
"77","Pagès et al (in preparation)","JFP HARLECH9A","Glaslyn-Dwyryd estuary","HARLECH9A","Saltmarsh",52.89845047,-4.116736663,"direct from dataset",1,"UK","Wales",2017,0.300225167,0.32212686,"EA",0.1066858,0.981932443,1.663768511,"unpublished"
"78","Pagès et al (in preparation)","JFP HARLECH9A","Glaslyn-Dwyryd estuary","HARLECH9A","Saltmarsh",52.89845047,-4.116736663,"direct from dataset",1,"UK","Wales",2017,0.680923728,0.701503422,"EA",NA,0,1.997593803,"unpublished"
"79","Pagès et al (in preparation)","JFP HARLECH9A","Glaslyn-Dwyryd estuary","HARLECH9A","Saltmarsh",52.89845047,-4.116736663,"direct from dataset",1,"UK","Wales",2017,0.946151577,0.966397372,"EA",0.08721695,0.856987198,2.044470617,"unpublished"
"80","Pagès et al (in preparation)","JFP HARLECH9A","Glaslyn-Dwyryd estuary","HARLECH9A","Saltmarsh",52.89845047,-4.116736663,"direct from dataset",1,"UK","Wales",2017,1.027044513,1.047233277,"EA",0.1994894,1.789187087,1.732009516,"unpublished"
"81","Pagès et al (in preparation)","JFP HARLECH9A","Glaslyn-Dwyryd estuary","HARLECH9A","Saltmarsh",52.89845047,-4.116736663,"direct from dataset",1,"UK","Wales",2017,1.107730264,1.12787523,"EA",0.1008725,0.890782339,1.852882468,"unpublished"
"82","Pagès et al (in preparation)","JFP HARLECH9A","Glaslyn-Dwyryd estuary","HARLECH9A","Saltmarsh",52.89845047,-4.116736663,"direct from dataset",1,"UK","Wales",2017,1.148010937,1.168137977,"EA",0.1833245,1.19379228,1.770794669,"unpublished"
"83","Pagès et al (in preparation)","JFP HARLECH9A","Glaslyn-Dwyryd estuary","HARLECH9A","Saltmarsh",52.89845047,-4.116736663,"direct from dataset",1,"UK","Wales",2017,1.168137977,1.188256903,"EA",0.4412012,2.1484375,1.629435375,"unpublished"
"84","Pagès et al (in preparation)","JFP HARLECH9A","Glaslyn-Dwyryd estuary","HARLECH9A","Saltmarsh",52.89845047,-4.116736663,"direct from dataset",1,"UK","Wales",2017,1.248570016,1.268661347,"EA",0.1068745,0.825471698,1.966905419,"unpublished"
"85","Pagès et al (in preparation)","JFP HARLECH12A","Glaslyn-Dwyryd estuary","HARLECH12A","Saltmarsh",52.89782494,-4.117205389,"direct from dataset",1,"UK","Wales",2017,0.026251047,0.052069012,"EA",2.0486354,6.782945736,0.729104432,"unpublished"
"86","Pagès et al (in preparation)","JFP HARLECH12A","Glaslyn-Dwyryd estuary","HARLECH12A","Saltmarsh",52.89782494,-4.117205389,"direct from dataset",1,"UK","Wales",2017,0.077482807,0.102520512,"EA",3.3953891,NA,0.81585111,"unpublished"
"87","Pagès et al (in preparation)","JFP HARLECH12A","Glaslyn-Dwyryd estuary","HARLECH12A","Saltmarsh",52.89782494,-4.117205389,"direct from dataset",1,"UK","Wales",2017,0.127208251,0.151570338,"EA",2.3590789,6.148491879,1.113841271,"unpublished"
"88","Pagès et al (in preparation)","JFP HARLECH12A","Glaslyn-Dwyryd estuary","HARLECH12A","Saltmarsh",52.89782494,-4.117205389,"direct from dataset",1,"UK","Wales",2017,0.175629394,0.199406472,"EA",0.9569515,2.8,1.173453454,"unpublished"
"89","Pagès et al (in preparation)","JFP HARLECH12A","Glaslyn-Dwyryd estuary","HARLECH12A","Saltmarsh",52.89782494,-4.117205389,"direct from dataset",1,"UK","Wales",2017,0.292066916,0.314702093,"EA",0.4161985,1.878669276,1.571557656,"unpublished"
"90","Pagès et al (in preparation)","JFP HARLECH12A","Glaslyn-Dwyryd estuary","HARLECH12A","Saltmarsh",52.89782494,-4.117205389,"direct from dataset",1,"UK","Wales",2017,0.447084268,0.468676203,"EA",NA,1.012855473,1.713057649,"unpublished"
"91","Pagès et al (in preparation)","JFP HARLECH12A","Glaslyn-Dwyryd estuary","HARLECH12A","Saltmarsh",52.89782494,-4.117205389,"direct from dataset",1,"UK","Wales",2017,0.554012236,0.575122892,"EA",0.3941825,2.104845115,1.607470001,"unpublished"
"92","Pagès et al (in preparation)","JFP HARLECH12A","Glaslyn-Dwyryd estuary","HARLECH12A","Saltmarsh",52.89782494,-4.117205389,"direct from dataset",1,"UK","Wales",2017,0.658845716,0.679620594,"EA",1.7414989,5.088757396,1.219532243,"unpublished"
"93","Pagès et al (in preparation)","JFP HARLECH12A","Glaslyn-Dwyryd estuary","HARLECH12A","Saltmarsh",52.89782494,-4.117205389,"direct from dataset",1,"UK","Wales",2017,0.721012599,0.741636946,"EA",0.7591478,3.067243413,1.499074305,"unpublished"
"94","Pagès et al (in preparation)","JFP HARLECH12A","Glaslyn-Dwyryd estuary","HARLECH12A","Saltmarsh",52.89782494,-4.117205389,"direct from dataset",1,"UK","Wales",2017,0.823729703,0.844165295,"EA",0.2516983,2.216943785,1.654640757,"unpublished"
"95","Pagès et al (in preparation)","JFP HARLECH12A","Glaslyn-Dwyryd estuary","HARLECH12A","Saltmarsh",52.89782494,-4.117205389,"direct from dataset",1,"UK","Wales",2017,0.864570627,0.884947801,"EA",1.2831932,4.963164017,1.344047346,"unpublished"
"96","Pagès et al (in preparation)","JFP HARLECH12A","Glaslyn-Dwyryd estuary","HARLECH12A","Saltmarsh",52.89782494,-4.117205389,"direct from dataset",1,"UK","Wales",2017,0.966212055,0.9864752,"EA",0.3814153,3.298409003,1.79443368,"unpublished"
"97","Pagès et al (in preparation)","JFP HARLECH12A","Glaslyn-Dwyryd estuary","HARLECH12A","Saltmarsh",52.89782494,-4.117205389,"direct from dataset",1,"UK","Wales",2017,1.208403484,1.228514393,"EA",0.2700994,1.734312019,1.563538879,"unpublished"
"98","Pagès et al (in preparation)","JFP HARLECH13A","Glaslyn-Dwyryd estuary","HARLECH13A","Saltmarsh",52.89573285,-4.117476255,"direct from dataset",1,"UK","Wales",2017,0.021997017,0.043856736,"EA",4.6384416,12.99480208,0.573685596,"unpublished"
"99","Pagès et al (in preparation)","JFP HARLECH13A","Glaslyn-Dwyryd estuary","HARLECH13A","Saltmarsh",52.89573285,-4.117476255,"direct from dataset",1,"UK","Wales",2017,0.065611661,0.087267695,"EA",4.0750168,9.441233141,0.807921386,"unpublished"
"100","Pagès et al (in preparation)","JFP HARLECH13A","Glaslyn-Dwyryd estuary","HARLECH13A","Saltmarsh",52.89573285,-4.117476255,"direct from dataset",1,"UK","Wales",2017,0.108830412,0.13030507,"EA",3.4316662,9.620649198,0.915599596,"unpublished"
"101","Pagès et al (in preparation)","JFP HARLECH13A","Glaslyn-Dwyryd estuary","HARLECH13A","Saltmarsh",52.89573285,-4.117476255,"direct from dataset",1,"UK","Wales",2017,0.257562938,0.278545517,"EA",NA,0.621118012,1.615815803,"unpublished"
"102","Pagès et al (in preparation)","JFP HARLECH13A","Glaslyn-Dwyryd estuary","HARLECH13A","Saltmarsh",52.89573285,-4.117476255,"direct from dataset",1,"UK","Wales",2017,0.361952481,0.38268771,"EA",NA,1.190948789,1.685597473,"unpublished"
"103","Pagès et al (in preparation)","JFP HARLECH13A","Glaslyn-Dwyryd estuary","HARLECH13A","Saltmarsh",52.89573285,-4.117476255,"direct from dataset",1,"UK","Wales",2017,0.567694716,0.588106369,"EA",NA,0.732741998,1.894592247,"unpublished"
"104","Pagès et al (in preparation)","JFP HARLECH13A","Glaslyn-Dwyryd estuary","HARLECH13A","Saltmarsh",52.89573285,-4.117476255,"direct from dataset",1,"UK","Wales",2017,0.791140267,0.811357763,"EA",0.0380488,0.9765625,1.88211853,"unpublished"
"105","Pagès et al (in preparation)","JFP HARLECH13A","Glaslyn-Dwyryd estuary","HARLECH13A","Saltmarsh",52.89573285,-4.117476255,"direct from dataset",1,"UK","Wales",2017,1.073286397,1.093382959,"EA",0.0825237,0.466019417,1.696866844,"unpublished"
"106","Pagès et al (in preparation)","JFP HARLECH18A","Glaslyn-Dwyryd estuary","HARLECH18A","Saltmarsh",52.89538927,-4.118050621,"direct from dataset",1,"UK","Wales",2017,0.025595879,0.051041055,"EA",7.7717638,16.37289463,0.56045221,"unpublished"
"107","Pagès et al (in preparation)","JFP HARLECH18A","Glaslyn-Dwyryd estuary","HARLECH18A","Saltmarsh",52.89538927,-4.118050621,"direct from dataset",1,"UK","Wales",2017,0.051041055,0.076087732,"EA",6.547601,9.777082519,0.86516606,"unpublished"
"108","Pagès et al (in preparation)","JFP HARLECH18A","Glaslyn-Dwyryd estuary","HARLECH18A","Saltmarsh",52.89538927,-4.118050621,"direct from dataset",1,"UK","Wales",2017,0.076087732,0.100765074,"EA",0.9914417,3.279968762,1.11089983,"unpublished"
"109","Pagès et al (in preparation)","JFP HARLECH18A","Glaslyn-Dwyryd estuary","HARLECH18A","Saltmarsh",52.89538927,-4.118050621,"direct from dataset",1,"UK","Wales",2017,0.100765074,0.125100111,"EA",0.9717275,2.914171657,1.301076733,"unpublished"
"110","Pagès et al (in preparation)","JFP HARLECH18A","Glaslyn-Dwyryd estuary","HARLECH18A","Saltmarsh",52.89538927,-4.118050621,"direct from dataset",1,"UK","Wales",2017,0.125100111,0.149117893,"EA",0.9152034,5.344418052,1.202061034,"unpublished"
"111","Pagès et al (in preparation)","JFP HARLECH18A","Glaslyn-Dwyryd estuary","HARLECH18A","Saltmarsh",52.89538927,-4.118050621,"direct from dataset",1,"UK","Wales",2017,0.149117893,0.172841638,"EA",0.3500087,2.02020202,1.238203251,"unpublished"
"112","Pagès et al (in preparation)","JFP HARLECH18A","Glaslyn-Dwyryd estuary","HARLECH18A","Saltmarsh",52.89538927,-4.118050621,"direct from dataset",1,"UK","Wales",2017,0.196292866,0.21949152,"EA",0.1712277,1.07185391,1.259192362,"unpublished"
"113","Pagès et al (in preparation)","JFP HARLECH18A","Glaslyn-Dwyryd estuary","HARLECH18A","Saltmarsh",52.89538927,-4.118050621,"direct from dataset",1,"UK","Wales",2017,0.242456084,0.26520369,"EA",0.7211732,3.172085646,1.510302809,"unpublished"
"114","Pagès et al (in preparation)","JFP HARLECH18A","Glaslyn-Dwyryd estuary","HARLECH18A","Saltmarsh",52.89538927,-4.118050621,"direct from dataset",1,"UK","Wales",2017,0.287750216,0.310110378,"EA",0.1285933,0.988205934,1.274118105,"unpublished"
"115","Pagès et al (in preparation)","JFP HARLECH18A","Glaslyn-Dwyryd estuary","HARLECH18A","Saltmarsh",52.89538927,-4.118050621,"direct from dataset",1,"UK","Wales",2017,0.332297814,0.354325165,"EA",0.178799,1.19047619,1.483297251,"unpublished"
"116","Pagès et al (in preparation)","JFP HARLECH18A","Glaslyn-Dwyryd estuary","HARLECH18A","Saltmarsh",52.89538927,-4.118050621,"direct from dataset",1,"UK","Wales",2017,0.376204147,0.397945618,"EA",0.1230752,1.048543689,1.497360334,"unpublished"
"117","Pagès et al (in preparation)","JFP HARLECH18A","Glaslyn-Dwyryd estuary","HARLECH18A","Saltmarsh",52.89538927,-4.118050621,"direct from dataset",1,"UK","Wales",2017,0.397945618,0.419559641,"EA",NA,0.815533981,1.512989373,"unpublished"
"118","Pagès et al (in preparation)","JFP HARLECH18A","Glaslyn-Dwyryd estuary","HARLECH18A","Saltmarsh",52.89538927,-4.118050621,"direct from dataset",1,"UK","Wales",2017,0.441055544,0.462441971,"EA",0.0592245,0.741897696,1.425682639,"unpublished"
"119","Pagès et al (in preparation)","JFP HARLECH18A","Glaslyn-Dwyryd estuary","HARLECH18A","Saltmarsh",52.89538927,-4.118050621,"direct from dataset",1,"UK","Wales",2017,0.483726934,0.504917859,"EA",0.1132345,0.626959248,1.703660715,"unpublished"
"120","Pagès et al (in preparation)","JFP HARLECH18A","Glaslyn-Dwyryd estuary","HARLECH18A","Saltmarsh",52.89538927,-4.118050621,"direct from dataset",1,"UK","Wales",2017,0.567992742,0.588871478,"EA",0.0664246,0.830696203,1.484382668,"unpublished"
"121","Pagès et al (in preparation)","JFP HARLECH18A","Glaslyn-Dwyryd estuary","HARLECH18A","Saltmarsh",52.89538927,-4.118050621,"direct from dataset",1,"UK","Wales",2017,1.078204091,1.098335522,"EA",0.8703454,0.877192982,1.975324035,"unpublished"
"122","Pagès et al (in preparation)","JFP CURIAN3A","Mawddach estuary","CURIAN3A","Saltmarsh",52.73272148,-4.025226139,"direct from dataset",1,"UK","Wales",2017,0.05,0.09,"EA",3.0943822,8.658346334,0.323001616,"unpublished"
"123","Pagès et al (in preparation)","JFP CURIAN3A","Mawddach estuary","CURIAN3A","Saltmarsh",52.73272148,-4.025226139,"direct from dataset",1,"UK","Wales",2017,0.14,0.18,"EA",4.2068036,10.50598687,0.319381928,"unpublished"
"124","Pagès et al (in preparation)","JFP CURIAN3A","Mawddach estuary","CURIAN3A","Saltmarsh",52.73272148,-4.025226139,"direct from dataset",1,"UK","Wales",2017,0.25,0.29,"EA",2.917013,8.426517572,0.387968202,"unpublished"
"125","Pagès et al (in preparation)","JFP CURIAN3A","Mawddach estuary","CURIAN3A","Saltmarsh",52.73272148,-4.025226139,"direct from dataset",1,"UK","Wales",2017,0.32,0.35,"EA",3.1526236,7.25308642,0.478263712,"unpublished"
"126","Pagès et al (in preparation)","JFP CURIAN3A","Mawddach estuary","CURIAN3A","Saltmarsh",52.73272148,-4.025226139,"direct from dataset",1,"UK","Wales",2017,0.42,0.45,"EA",3.2067115,7.813113467,0.556949319,"unpublished"
"127","Pagès et al (in preparation)","JFP CURIAN3A","Mawddach estuary","CURIAN3A","Saltmarsh",52.73272148,-4.025226139,"direct from dataset",1,"UK","Wales",2017,0.47,0.5,"EA",2.6334252,6.459143969,0.619660927,"unpublished"
"128","Pagès et al (in preparation)","JFP CURIAN3A","Mawddach estuary","CURIAN3A","Saltmarsh",52.73272148,-4.025226139,"direct from dataset",1,"UK","Wales",2017,0.56,0.58,"EA",2.5428565,7.361355896,0.685847467,"unpublished"
"129","Pagès et al (in preparation)","JFP CURIAN3A","Mawddach estuary","CURIAN3A","Saltmarsh",52.73272148,-4.025226139,"direct from dataset",1,"UK","Wales",2017,0.61,0.63,"EA",2.5453501,6.732673267,0.88891176,"unpublished"
"130","Pagès et al (in preparation)","JFP CURIAN3A","Mawddach estuary","CURIAN3A","Saltmarsh",52.73272148,-4.025226139,"direct from dataset",1,"UK","Wales",2017,0.68,0.7,"EA",1.8066517,4.857030944,1.066802571,"unpublished"
"131","Pagès et al (in preparation)","JFP CURIAN3A","Mawddach estuary","CURIAN3A","Saltmarsh",52.73272148,-4.025226139,"direct from dataset",1,"UK","Wales",2017,0.73,0.75,"EA",1.9612636,4.554377699,1.075487391,"unpublished"
"132","Pagès et al (in preparation)","JFP CURIAN3A","Mawddach estuary","CURIAN3A","Saltmarsh",52.73272148,-4.025226139,"direct from dataset",1,"UK","Wales",2017,1.13,1.15,"EA",3.5469369,4.101951414,1.264575912,"unpublished"
"133","Pagès et al (in preparation)","JFP CURIAN3A","Mawddach estuary","CURIAN3A","Saltmarsh",52.73272148,-4.025226139,"direct from dataset",1,"UK","Wales",2017,1.35,1.37,"EA",0.3375344,1.11332008,1.539052967,"unpublished"
"134","Pagès et al (in preparation)","JFP CURIAN5A","Mawddach estuary","CURIAN5A","Saltmarsh",52.73329027,-4.02174295,"direct from dataset",1,"UK","Wales",2017,0.04,0.08,"EA",3.7556691,7.575757576,0.372860947,"unpublished"
"135","Pagès et al (in preparation)","JFP CURIAN5A","Mawddach estuary","CURIAN5A","Saltmarsh",52.73329027,-4.02174295,"direct from dataset",1,"UK","Wales",2017,0.11,0.15,"EA",4.4192958,8.831683168,0.379103059,"unpublished"
"136","Pagès et al (in preparation)","JFP CURIAN5A","Mawddach estuary","CURIAN5A","Saltmarsh",52.73329027,-4.02174295,"direct from dataset",1,"UK","Wales",2017,0.22,0.25,"EA",3.1935448,8.156737305,0.446988613,"unpublished"
"137","Pagès et al (in preparation)","JFP CURIAN5A","Mawddach estuary","CURIAN5A","Saltmarsh",52.73329027,-4.02174295,"direct from dataset",1,"UK","Wales",2017,0.31,0.33,"EA",2.6782559,7.122960605,0.506285545,"unpublished"
"138","Pagès et al (in preparation)","JFP CURIAN5A","Mawddach estuary","CURIAN5A","Saltmarsh",52.73329027,-4.02174295,"direct from dataset",1,"UK","Wales",2017,0.39,0.42,"EA",2.0919496,6.133540373,0.669949785,"unpublished"
"139","Pagès et al (in preparation)","JFP CURIAN5A","Mawddach estuary","CURIAN5A","Saltmarsh",52.73329027,-4.02174295,"direct from dataset",1,"UK","Wales",2017,0.47,0.49,"EA",0.7210873,2.622445044,1.037226865,"unpublished"
"140","Pagès et al (in preparation)","JFP CURIAN5A","Mawddach estuary","CURIAN5A","Saltmarsh",52.73329027,-4.02174295,"direct from dataset",1,"UK","Wales",2017,0.52,0.54,"EA",0.9935459,2.734839477,1.133823536,"unpublished"
"141","Pagès et al (in preparation)","JFP CURIAN5A","Mawddach estuary","CURIAN5A","Saltmarsh",52.73329027,-4.02174295,"direct from dataset",1,"UK","Wales",2017,0.59,0.61,"EA",0.6011524,1.602188355,1.360282446,"unpublished"
"142","Pagès et al (in preparation)","JFP CURIAN5A","Mawddach estuary","CURIAN5A","Saltmarsh",52.73329027,-4.02174295,"direct from dataset",1,"UK","Wales",2017,0.63,0.65,"EA",0.3823512,1.385681293,1.382060998,"unpublished"
"143","Pagès et al (in preparation)","JFP CURIAN5A","Mawddach estuary","CURIAN5A","Saltmarsh",52.73329027,-4.02174295,"direct from dataset",1,"UK","Wales",2017,0.68,0.7,"EA",0.521863,1.649646504,1.454557416,"unpublished"
"144","Pagès et al (in preparation)","JFP CURIAN5A","Mawddach estuary","CURIAN5A","Saltmarsh",52.73329027,-4.02174295,"direct from dataset",1,"UK","Wales",2017,0.85,0.87,"EA",0.3699536,1.353965184,1.487405536,"unpublished"
"145","Pagès et al (in preparation)","JFP CURIAN5A","Mawddach estuary","CURIAN5A","Saltmarsh",52.73329027,-4.02174295,"direct from dataset",1,"UK","Wales",2017,1.12,1.14,"EA",0.2242405,1.237911025,1.680317639,"unpublished"
"146","Pagès et al (in preparation)","JFP CURIAN9A","Mawddach estuary","CURIAN9A","Saltmarsh",52.73235591,-4.021983183,"direct from dataset",1,"UK","Wales",2017,0.07,0.1,"EA",0.08011935,0.454641613,1.188332944,"unpublished"
"147","Pagès et al (in preparation)","JFP CURIAN9A","Mawddach estuary","CURIAN9A","Saltmarsh",52.73235591,-4.021983183,"direct from dataset",1,"UK","Wales",2017,0.13,0.16,"EA",0.1877939,0.867507886,1.096799922,"unpublished"
"148","Pagès et al (in preparation)","JFP CURIAN9A","Mawddach estuary","CURIAN9A","Saltmarsh",52.73235591,-4.021983183,"direct from dataset",1,"UK","Wales",2017,0.16,0.19,"EA",0.3861831,1.443057722,1.258569417,"unpublished"
"149","Pagès et al (in preparation)","JFP CURIAN9A","Mawddach estuary","CURIAN9A","Saltmarsh",52.73235591,-4.021983183,"direct from dataset",1,"UK","Wales",2017,0.22,0.24,"EA",0.1455159,0.890782339,1.324120307,"unpublished"
"150","Pagès et al (in preparation)","JFP CURIAN9A","Mawddach estuary","CURIAN9A","Saltmarsh",52.73235591,-4.021983183,"direct from dataset",1,"UK","Wales",2017,0.35,0.37,"EA",0.0631995,0.706713781,1.326108243,"unpublished"
"151","Pagès et al (in preparation)","JFP CURIAN9A","Mawddach estuary","CURIAN9A","Saltmarsh",52.73235591,-4.021983183,"direct from dataset",1,"UK","Wales",2017,0.42,0.45,"EA",NA,1.478226129,1.407437148,"unpublished"
"152","Pagès et al (in preparation)","JFP CURIAN9A","Mawddach estuary","CURIAN9A","Saltmarsh",52.73235591,-4.021983183,"direct from dataset",1,"UK","Wales",2017,0.47,0.49,"EA",0.1073898,0.587774295,1.643417799,"unpublished"
"153","Pagès et al (in preparation)","JFP CURIAN9A","Mawddach estuary","CURIAN9A","Saltmarsh",52.73235591,-4.021983183,"direct from dataset",1,"UK","Wales",2017,0.54,0.56,"EA",0.0558702,0.317082838,1.624486197,"unpublished"
"154","Pagès et al (in preparation)","JFP CURIAN9A","Mawddach estuary","CURIAN9A","Saltmarsh",52.73235591,-4.021983183,"direct from dataset",1,"UK","Wales",2017,0.69,0.71,"EA",0.090132,0.632411067,1.544924434,"unpublished"
"155","Pagès et al (in preparation)","JFP CURIAN9A","Mawddach estuary","CURIAN9A","Saltmarsh",52.73235591,-4.021983183,"direct from dataset",1,"UK","Wales",2017,0.96,0.98,"EA",NA,0.465296627,1.779530737,"unpublished"
"156","Pagès et al (in preparation)","JFP CURIAN9A","Mawddach estuary","CURIAN9A","Saltmarsh",52.73235591,-4.021983183,"direct from dataset",1,"UK","Wales",2017,1.11,1.13,"EA",NA,0.435988902,1.858899825,"unpublished"
"157","Pagès et al (in preparation)","JFP CURIAN9A","Mawddach estuary","CURIAN9A","Saltmarsh",52.73235591,-4.021983183,"direct from dataset",1,"UK","Wales",2017,1.23,1.25,"EA",0.1618029,0.924855491,1.700582839,"unpublished"
"158","Pagès et al (in preparation)","JFP CURIAN11A","Mawddach estuary","CURIAN11A","Saltmarsh",52.72994324,-4.0276499,"direct from dataset",1,"UK","Wales",2017,0.057336187,0.08,"EA",NA,0.914876691,1.287516942,"unpublished"
"159","Pagès et al (in preparation)","JFP CURIAN11A","Mawddach estuary","CURIAN11A","Saltmarsh",52.72994324,-4.0276499,"direct from dataset",1,"UK","Wales",2017,0.164081516,0.19,"EA",0.1022492,0.619195046,1.380851153,"unpublished"
"160","Pagès et al (in preparation)","JFP CURIAN11A","Mawddach estuary","CURIAN11A","Saltmarsh",52.72994324,-4.0276499,"direct from dataset",1,"UK","Wales",2017,0.239213545,0.26,"EA",1.1880152,4.396039604,1.04924618,"unpublished"
"161","Pagès et al (in preparation)","JFP CURIAN11A","Mawddach estuary","CURIAN11A","Saltmarsh",52.72994324,-4.0276499,"direct from dataset",1,"UK","Wales",2017,0.357605221,0.38,"EA",0.1867642,1.099332548,1.545572431,"unpublished"
"162","Pagès et al (in preparation)","JFP CURIAN11A","Mawddach estuary","CURIAN11A","Saltmarsh",52.72994324,-4.0276499,"direct from dataset",1,"UK","Wales",2017,0.447845817,0.47,"EA",0.200386,1.579155152,1.847800575,"unpublished"
"163","Pagès et al (in preparation)","JFP CURIAN11A","Mawddach estuary","CURIAN11A","Saltmarsh",52.72994324,-4.0276499,"direct from dataset",1,"UK","Wales",2017,0.683736909,0.7,"EA",NA,1.484375,1.792659998,"unpublished"
"164","Pagès et al (in preparation)","JFP CURIAN11A","Mawddach estuary","CURIAN11A","Saltmarsh",52.72994324,-4.0276499,"direct from dataset",1,"UK","Wales",2017,0.849061057,0.87,"EA",0.31735905,1.084034966,1.857469276,"unpublished"
"165","Pagès et al (in preparation)","JFP CURIAN11A","Mawddach estuary","CURIAN11A","Saltmarsh",52.72994324,-4.0276499,"direct from dataset",1,"UK","Wales",2017,0.869517665,0.89,"EA",0.2267266,1.51338766,1.907412459,"unpublished"
"166","Pagès et al (in preparation)","JFP CURIAN11A","Mawddach estuary","CURIAN11A","Saltmarsh",52.72994324,-4.0276499,"direct from dataset",1,"UK","Wales",2017,0.910328262,0.93,"EA",0.558138,2.061454687,1.930535432,"unpublished"
"167","Pagès et al (in preparation)","JFP CURIAN11A","Mawddach estuary","CURIAN11A","Saltmarsh",52.72994324,-4.0276499,"direct from dataset",1,"UK","Wales",2017,0.951019008,0.97,"EA",NA,1.461295419,2.152910524,"unpublished"
"168","Pagès et al (in preparation)","JFP CURIAN11A","Mawddach estuary","CURIAN11A","Saltmarsh",52.72994324,-4.0276499,"direct from dataset",1,"UK","Wales",2017,1.112900853,1.13,"EA",NA,1.399144967,1.560758922,"unpublished"
"169","Pagès et al (in preparation)","JFP CURIAN11A","Mawddach estuary","CURIAN11A","Saltmarsh",52.72994324,-4.0276499,"direct from dataset",1,"UK","Wales",2017,1.133062243,1.15,"EA",0.188233,1.437451437,2.017826225,"unpublished"
"170","Pagès et al (in preparation)","JFP CURIAN11A","Mawddach estuary","CURIAN11A","Saltmarsh",52.72994324,-4.0276499,"direct from dataset",1,"UK","Wales",2017,1.173348752,1.19,"EA",0.8588353,1.06888361,1.725507099,"unpublished"
