"","Core","Source","Site_name","Site","Habitat_type","Latitude","Longitude","accuracy_flag","accuracy_code","Country","Year_collected","U_depth_m","L_depth_m","Method","OC_perc","SOM_perc","Conv_factor","BD_reported_g_cm3","DOI"
"1","Sp1a","Santos et al 2019","RS Sp1a","Ria Formosa","Saltmarsh",36.983,-7.888,"direct from dataset",1,"Portugal",2014,0,0.05,"EA",1.564,7.09,NA,0.8,"https://doi.org/10.1038/s41598-018-37031-6"
"2","Sp1b","Santos et al 2019","RS Sp1b","Ria Formosa","Saltmarsh",36.983,-7.888,"direct from dataset",1,"Portugal",2014,0,0.05,"EA",2.22,7.98,NA,0.802,"https://doi.org/10.1038/s41598-018-37031-6"
"3","Sp1c","Santos et al 2019","RS Sp1c","Ria Formosa","Saltmarsh",36.983,-7.888,"direct from dataset",1,"Portugal",2014,0,0.05,"EA",1.197,6.01,NA,0.91,"https://doi.org/10.1038/s41598-018-37031-6"
"4","Sp1d","Santos et al 2019","RS Sp1d","Ria Formosa","Saltmarsh",36.983,-7.888,"direct from dataset",1,"Portugal",2014,0,0.05,"EA",3.627,10.65,NA,0.624,"https://doi.org/10.1038/s41598-018-37031-6"
"5","Sp2a","Santos et al 2019","RS Sp2a","Ria Formosa","Saltmarsh",36.988,-7.875,"direct from dataset",1,"Portugal",2014,0,0.05,"EA",2.943,11.92,NA,0.564,"https://doi.org/10.1038/s41598-018-37031-6"
"6","Sp2b","Santos et al 2019","RS Sp2b","Ria Formosa","Saltmarsh",36.988,-7.875,"direct from dataset",1,"Portugal",2014,0,0.05,"EA",2.426,9.94,NA,0.636,"https://doi.org/10.1038/s41598-018-37031-6"
"7","Sp2c","Santos et al 2019","RS Sp2c","Ria Formosa","Saltmarsh",36.988,-7.875,"direct from dataset",1,"Portugal",2014,0,0.05,"EA",2.106,9.63,NA,0.615,"https://doi.org/10.1038/s41598-018-37031-6"
"8","Sp2d","Santos et al 2019","RS Sp2d","Ria Formosa","Saltmarsh",36.988,-7.875,"direct from dataset",1,"Portugal",2014,0,0.05,"EA",2.333,10.32,NA,0.689,"https://doi.org/10.1038/s41598-018-37031-6"
"9","Sp3a","Santos et al 2019","RS Sp3a","Ria Formosa","Saltmarsh",36.999,-7.879,"direct from dataset",1,"Portugal",2014,0,0.05,"EA",2.671,10.31,NA,0.58,"https://doi.org/10.1038/s41598-018-37031-6"
"10","Sp3b","Santos et al 2019","RS Sp3b","Ria Formosa","Saltmarsh",36.999,-7.879,"direct from dataset",1,"Portugal",2014,0,0.05,"EA",2.575,10.49,NA,0.648,"https://doi.org/10.1038/s41598-018-37031-6"
"11","Sp3c","Santos et al 2019","RS Sp3c","Ria Formosa","Saltmarsh",36.999,-7.879,"direct from dataset",1,"Portugal",2014,0,0.05,"EA",2.476,11.73,NA,0.608,"https://doi.org/10.1038/s41598-018-37031-6"
"12","Sp3d","Santos et al 2019","RS Sp3d","Ria Formosa","Saltmarsh",36.999,-7.879,"direct from dataset",1,"Portugal",2014,0,0.05,"EA",2.634,10.01,NA,0.621,"https://doi.org/10.1038/s41598-018-37031-6"
"13","Sp4a","Santos et al 2019","RS Sp4a","Ria Formosa","Saltmarsh",37.002,-7.881,"direct from dataset",1,"Portugal",2014,0,0.05,"EA",2.552,10.51,NA,0.65,"https://doi.org/10.1038/s41598-018-37031-6"
"14","Sp4b","Santos et al 2019","RS Sp4b","Ria Formosa","Saltmarsh",37.002,-7.881,"direct from dataset",1,"Portugal",2014,0,0.05,"EA",2.55,10.19,NA,0.678,"https://doi.org/10.1038/s41598-018-37031-6"
"15","Sp4c","Santos et al 2019","RS Sp4c","Ria Formosa","Saltmarsh",37.002,-7.881,"direct from dataset",1,"Portugal",2014,0,0.05,"EA",2.396,10.43,NA,0.628,"https://doi.org/10.1038/s41598-018-37031-6"
"16","Sp4d","Santos et al 2019","RS Sp4d","Ria Formosa","Saltmarsh",37.002,-7.881,"direct from dataset",1,"Portugal",2014,0,0.05,"EA",2.771,10.67,NA,0.628,"https://doi.org/10.1038/s41598-018-37031-6"
"17","Sm1_5","de los Santos et al 2022 (a)","CBdlS Sm1_5","Ria Formosa","Saltmarsh",36.988,-7.875,"direct from dataset",1,"Portugal",2017,0,0.05,"LOI",2.38,7.885,"OC = -0.066 + 0.3102*OM",0.501,"https://doi.org/10.1016/j.ecss.2022.107896"
"18","Sm1_10","de los Santos et al 2022 (a)","CBdlS Sm1_10","Ria Formosa","Saltmarsh",36.988,-7.875,"direct from dataset",1,"Portugal",2017,0,0.05,"LOI",0.486,1.779,"OC = -0.066 + 0.3102*OM",0.935,"https://doi.org/10.1016/j.ecss.2022.107896"
"19","Sm2_5","de los Santos et al 2022 (a)","CBdlS Sm2_5","Ria Formosa","Saltmarsh",37.002,-7.882,"direct from dataset",1,"Portugal",2017,0,0.05,"LOI",2.173,7.219,"OC = -0.066 + 0.3102*OM",0.703,"https://doi.org/10.1016/j.ecss.2022.107896"
"20","Sm2_10","de los Santos et al 2022 (a)","CBdlS Sm2_10","Ria Formosa","Saltmarsh",37.002,-7.882,"direct from dataset",1,"Portugal",2017,0,0.05,"LOI",2.09,6.951,"OC = -0.066 + 0.3102*OM",0.695,"https://doi.org/10.1016/j.ecss.2022.107896"
"21","Sm2_12","de los Santos et al 2022 (a)","CBdlS Sm2_12","Ria Formosa","Saltmarsh",37.002,-7.882,"direct from dataset",1,"Portugal",2017,0,0.05,"LOI",1.318,4.463,"OC = -0.066 + 0.3102*OM",0.733,"https://doi.org/10.1016/j.ecss.2022.107896"
"22","Sm3_5","de los Santos et al 2022 (a)","CBdlS Sm3_5","Ria Formosa","Saltmarsh",36.988,-7.875,"direct from dataset",1,"Portugal",2017,0,0.05,"LOI",1.91,6.369,"OC = -0.066 + 0.3102*OM",0.787,"https://doi.org/10.1016/j.ecss.2022.107896"
"23","Sm3_10","de los Santos et al 2022 (a)","CBdlS Sm3_10","Ria Formosa","Saltmarsh",36.988,-7.875,"direct from dataset",1,"Portugal",2017,0,0.05,"LOI",2.164,7.189,"OC = -0.066 + 0.3102*OM",0.584,"https://doi.org/10.1016/j.ecss.2022.107896"
"24","Sm3_15","de los Santos et al 2022 (a)","CBdlS Sm3_15","Ria Formosa","Saltmarsh",36.988,-7.875,"direct from dataset",1,"Portugal",2017,0,0.05,"LOI",1.99,6.628,"OC = -0.066 + 0.3102*OM",0.636,"https://doi.org/10.1016/j.ecss.2022.107896"
"25","Sm3_20","de los Santos et al 2022 (a)","CBdlS Sm3_20","Ria Formosa","Saltmarsh",36.988,-7.875,"direct from dataset",1,"Portugal",2017,0,0.05,"LOI",1.934,6.449,"OC = -0.066 + 0.3102*OM",0.53,"https://doi.org/10.1016/j.ecss.2022.107896"
"26","Sm3_25","de los Santos et al 2022 (a)","CBdlS Sm3_25","Ria Formosa","Saltmarsh",36.988,-7.875,"direct from dataset",1,"Portugal",2017,0,0.05,"LOI",1.929,6.432,"OC = -0.066 + 0.3102*OM",0.724,"https://doi.org/10.1016/j.ecss.2022.107896"
"27","Sm4_8","de los Santos et al 2022 (a)","CBdlS Sm4_8","Ria Formosa","Saltmarsh",37.002,-7.881,"direct from dataset",1,"Portugal",2017,0,0.05,"LOI",1.907,6.36,"OC = -0.066 + 0.3102*OM",0.714,"https://doi.org/10.1016/j.ecss.2022.107896"
"28","Sm4_12","de los Santos et al 2022 (a)","CBdlS Sm4_12","Ria Formosa","Saltmarsh",37.002,-7.881,"direct from dataset",1,"Portugal",2017,0,0.05,"LOI",2.106,7.003,"OC = -0.066 + 0.3102*OM",0.772,"https://doi.org/10.1016/j.ecss.2022.107896"
"29","Sm4_15","de los Santos et al 2022 (a)","CBdlS Sm4_15","Ria Formosa","Saltmarsh",37.002,-7.881,"direct from dataset",1,"Portugal",2017,0,0.05,"LOI",2.161,7.178,"OC = -0.066 + 0.3102*OM",0.635,"https://doi.org/10.1016/j.ecss.2022.107896"
"30","Sm1_5","de los Santos et al 2022 (a)","CBdlS Sm1_5","Ria Formosa","Saltmarsh",36.988,-7.875,"direct from dataset",1,"Portugal",2017,0,0.05,"LOI",1.504,5.062,"OC = -0.066 + 0.3102*OM",0.71,"https://doi.org/10.1016/j.ecss.2022.107896"
"31","Sm1_10","de los Santos et al 2022 (a)","CBdlS Sm1_10","Ria Formosa","Saltmarsh",36.988,-7.875,"direct from dataset",1,"Portugal",2017,0,0.05,"LOI",0.899,3.109,"OC = -0.066 + 0.3102*OM",0.868,"https://doi.org/10.1016/j.ecss.2022.107896"
"32","Sm2_5","de los Santos et al 2022 (a)","CBdlS Sm2_5","Ria Formosa","Saltmarsh",37.002,-7.882,"direct from dataset",1,"Portugal",2017,0,0.05,"LOI",1.815,6.064,"OC = -0.066 + 0.3102*OM",0.636,"https://doi.org/10.1016/j.ecss.2022.107896"
"33","Sm2_10","de los Santos et al 2022 (a)","CBdlS Sm2_10","Ria Formosa","Saltmarsh",37.002,-7.882,"direct from dataset",1,"Portugal",2017,0,0.05,"LOI",2.153,7.152,"OC = -0.066 + 0.3102*OM",0.672,"https://doi.org/10.1016/j.ecss.2022.107896"
"34","Sm2_12","de los Santos et al 2022 (a)","CBdlS Sm2_12","Ria Formosa","Saltmarsh",37.002,-7.882,"direct from dataset",1,"Portugal",2017,0,0.05,"LOI",2.121,7.05,"OC = -0.066 + 0.3102*OM",0.772,"https://doi.org/10.1016/j.ecss.2022.107896"
"35","Sm3_5","de los Santos et al 2022 (a)","CBdlS Sm3_5","Ria Formosa","Saltmarsh",36.988,-7.875,"direct from dataset",1,"Portugal",2017,0,0.05,"LOI",1.882,6.28,"OC = -0.066 + 0.3102*OM",0.569,"https://doi.org/10.1016/j.ecss.2022.107896"
"36","Sm3_10","de los Santos et al 2022 (a)","CBdlS Sm3_10","Ria Formosa","Saltmarsh",36.988,-7.875,"direct from dataset",1,"Portugal",2017,0,0.05,"LOI",2.112,7.021,"OC = -0.066 + 0.3102*OM",0.65,"https://doi.org/10.1016/j.ecss.2022.107896"
"37","Sm3_15","de los Santos et al 2022 (a)","CBdlS Sm3_15","Ria Formosa","Saltmarsh",36.988,-7.875,"direct from dataset",1,"Portugal",2017,0,0.05,"LOI",2.13,7.08,"OC = -0.066 + 0.3102*OM",0.54,"https://doi.org/10.1016/j.ecss.2022.107896"
"38","Sm3_20","de los Santos et al 2022 (a)","CBdlS Sm3_20","Ria Formosa","Saltmarsh",36.988,-7.875,"direct from dataset",1,"Portugal",2017,0,0.05,"LOI",2.003,6.671,"OC = -0.066 + 0.3102*OM",0.634,"https://doi.org/10.1016/j.ecss.2022.107896"
"39","Sm3_25","de los Santos et al 2022 (a)","CBdlS Sm3_25","Ria Formosa","Saltmarsh",36.988,-7.875,"direct from dataset",1,"Portugal",2017,0,0.05,"LOI",2.192,7.279,"OC = -0.066 + 0.3102*OM",0.518,"https://doi.org/10.1016/j.ecss.2022.107896"
"40","Sm4_8","de los Santos et al 2022 (a)","CBdlS Sm4_8","Ria Formosa","Saltmarsh",37.002,-7.881,"direct from dataset",1,"Portugal",2017,0,0.05,"LOI",1.979,6.593,"OC = -0.066 + 0.3102*OM",0.773,"https://doi.org/10.1016/j.ecss.2022.107896"
"41","Sm4_12","de los Santos et al 2022 (a)","CBdlS Sm4_12","Ria Formosa","Saltmarsh",37.002,-7.881,"direct from dataset",1,"Portugal",2017,0,0.05,"LOI",2.347,7.779,"OC = -0.066 + 0.3102*OM",0.661,"https://doi.org/10.1016/j.ecss.2022.107896"
"42","Sm4_15","de los Santos et al 2022 (a)","CBdlS Sm4_15","Ria Formosa","Saltmarsh",37.002,-7.881,"direct from dataset",1,"Portugal",2017,0,0.05,"LOI",2.124,7.059,"OC = -0.066 + 0.3102*OM",0.668,"https://doi.org/10.1016/j.ecss.2022.107896"
"43","Sm1_5","de los Santos et al 2022 (a)","CBdlS Sm1_5","Ria Formosa","Saltmarsh",36.988,-7.875,"direct from dataset",1,"Portugal",2017,0,0.05,"LOI",2.03,6.757,"OC = -0.066 + 0.3102*OM",0.522,"https://doi.org/10.1016/j.ecss.2022.107896"
"44","Sm1_10","de los Santos et al 2022 (a)","CBdlS Sm1_10","Ria Formosa","Saltmarsh",36.988,-7.875,"direct from dataset",1,"Portugal",2017,0,0.05,"LOI",0.509,1.853,"OC = -0.066 + 0.3102*OM",1.293,"https://doi.org/10.1016/j.ecss.2022.107896"
"45","Sm2_5","de los Santos et al 2022 (a)","CBdlS Sm2_5","Ria Formosa","Saltmarsh",37.002,-7.882,"direct from dataset",1,"Portugal",2017,0,0.05,"LOI",1.498,5.042,"OC = -0.066 + 0.3102*OM",0.822,"https://doi.org/10.1016/j.ecss.2022.107896"
"46","Sm2_10","de los Santos et al 2022 (a)","CBdlS Sm2_10","Ria Formosa","Saltmarsh",37.002,-7.882,"direct from dataset",1,"Portugal",2017,0,0.05,"LOI",2.168,7.201,"OC = -0.066 + 0.3102*OM",0.49,"https://doi.org/10.1016/j.ecss.2022.107896"
"47","Sm2_12","de los Santos et al 2022 (a)","CBdlS Sm2_12","Ria Formosa","Saltmarsh",37.002,-7.882,"direct from dataset",1,"Portugal",2017,0,0.05,"LOI",1.877,6.264,"OC = -0.066 + 0.3102*OM",0.754,"https://doi.org/10.1016/j.ecss.2022.107896"
"48","Sm3_5","de los Santos et al 2022 (a)","CBdlS Sm3_5","Ria Formosa","Saltmarsh",36.988,-7.875,"direct from dataset",1,"Portugal",2017,0,0.05,"LOI",2.027,6.748,"OC = -0.066 + 0.3102*OM",0.668,"https://doi.org/10.1016/j.ecss.2022.107896"
"49","Sm3_10","de los Santos et al 2022 (a)","CBdlS Sm3_10","Ria Formosa","Saltmarsh",36.988,-7.875,"direct from dataset",1,"Portugal",2017,0,0.05,"LOI",2.276,7.551,"OC = -0.066 + 0.3102*OM",0.486,"https://doi.org/10.1016/j.ecss.2022.107896"
"50","Sm3_15","de los Santos et al 2022 (a)","CBdlS Sm3_15","Ria Formosa","Saltmarsh",36.988,-7.875,"direct from dataset",1,"Portugal",2017,0,0.05,"LOI",2.346,7.776,"OC = -0.066 + 0.3102*OM",0.466,"https://doi.org/10.1016/j.ecss.2022.107896"
"51","Sm3_20","de los Santos et al 2022 (a)","CBdlS Sm3_20","Ria Formosa","Saltmarsh",36.988,-7.875,"direct from dataset",1,"Portugal",2017,0,0.05,"LOI",2.253,7.474,"OC = -0.066 + 0.3102*OM",0.517,"https://doi.org/10.1016/j.ecss.2022.107896"
"52","Sm3_25","de los Santos et al 2022 (a)","CBdlS Sm3_25","Ria Formosa","Saltmarsh",36.988,-7.875,"direct from dataset",1,"Portugal",2017,0,0.05,"LOI",2.148,7.136,"OC = -0.066 + 0.3102*OM",0.673,"https://doi.org/10.1016/j.ecss.2022.107896"
"53","Sm4_8","de los Santos et al 2022 (a)","CBdlS Sm4_8","Ria Formosa","Saltmarsh",37.002,-7.881,"direct from dataset",1,"Portugal",2017,0,0.05,"LOI",1.928,6.428,"OC = -0.066 + 0.3102*OM",0.759,"https://doi.org/10.1016/j.ecss.2022.107896"
"54","Sm4_12","de los Santos et al 2022 (a)","CBdlS Sm4_12","Ria Formosa","Saltmarsh",37.002,-7.881,"direct from dataset",1,"Portugal",2017,0,0.05,"LOI",2.264,7.51,"OC = -0.066 + 0.3102*OM",0.636,"https://doi.org/10.1016/j.ecss.2022.107896"
"55","Sm4_15","de los Santos et al 2022 (a)","CBdlS Sm4_15","Ria Formosa","Saltmarsh",37.002,-7.881,"direct from dataset",1,"Portugal",2017,0,0.05,"LOI",2.217,7.361,"OC = -0.066 + 0.3102*OM",0.681,"https://doi.org/10.1016/j.ecss.2022.107896"
"56","SM1","Martins et al 2022","MM SM1","Ria Formosa","Saltmarsh",36.984,-7.889,"direct from dataset",1,"Portugal",2017,0,0.02,"EA",3.349,8.489,"",0.431,"https://doi.org/10.1007/s10021-021-00660-6"
"57","SM1","Martins et al 2022","MM SM1","Ria Formosa","Saltmarsh",36.984,-7.889,"direct from dataset",1,"Portugal",2017,0.02,0.05,"LOI",1.6441326,5.513,"OC = -0.066 + 0.3102*OM",0.658,"https://doi.org/10.1007/s10021-021-00660-6"
"58","SM1","Martins et al 2022","MM SM1","Ria Formosa","Saltmarsh",36.984,-7.889,"direct from dataset",1,"Portugal",2017,0.05,0.07,"EA",4.216,10.334,"",0.41,"https://doi.org/10.1007/s10021-021-00660-6"
"59","SM1","Martins et al 2022","MM SM1","Ria Formosa","Saltmarsh",36.984,-7.889,"direct from dataset",1,"Portugal",2017,0.07,0.1,"LOI",2.3563518,7.809,"OC = -0.066 + 0.3102*OM",0.45,"https://doi.org/10.1007/s10021-021-00660-6"
"60","SM1","Martins et al 2022","MM SM1","Ria Formosa","Saltmarsh",36.984,-7.889,"direct from dataset",1,"Portugal",2017,0.1,0.12,"EA",2.855,11.905,"",0.403,"https://doi.org/10.1007/s10021-021-00660-6"
"61","SM1","Martins et al 2022","MM SM1","Ria Formosa","Saltmarsh",36.984,-7.889,"direct from dataset",1,"Portugal",2017,0.12,0.15,"LOI",0.7426914,2.607,"OC = -0.066 + 0.3102*OM",0.785,"https://doi.org/10.1007/s10021-021-00660-6"
"62","SM1","Martins et al 2022","MM SM1","Ria Formosa","Saltmarsh",36.984,-7.889,"direct from dataset",1,"Portugal",2017,0.15,0.17,"EA",0.361,1.425,"",0.966,"https://doi.org/10.1007/s10021-021-00660-6"
"63","SM1","Martins et al 2022","MM SM1","Ria Formosa","Saltmarsh",36.984,-7.889,"direct from dataset",1,"Portugal",2017,0.17,0.19,"LOI",0.3245418,1.259,"OC = -0.066 + 0.3102*OM",0.833,"https://doi.org/10.1007/s10021-021-00660-6"
"64","SM1","Martins et al 2022","MM SM1","Ria Formosa","Saltmarsh",36.984,-7.889,"direct from dataset",1,"Portugal",2017,0.19,0.22,"EA",0.283,1.274,"",1.141,"https://doi.org/10.1007/s10021-021-00660-6"
"65","SM1","Martins et al 2022","MM SM1","Ria Formosa","Saltmarsh",36.984,-7.889,"direct from dataset",1,"Portugal",2017,0.22,0.24,"LOI",0.103059,0.545,"OC = -0.066 + 0.3102*OM",1.16,"https://doi.org/10.1007/s10021-021-00660-6"
"66","SM1","Martins et al 2022","MM SM1","Ria Formosa","Saltmarsh",36.984,-7.889,"direct from dataset",1,"Portugal",2017,0.24,0.27,"EA",0.204,0.857,"",1.167,"https://doi.org/10.1007/s10021-021-00660-6"
"67","SM1","Martins et al 2022","MM SM1","Ria Formosa","Saltmarsh",36.984,-7.889,"direct from dataset",1,"Portugal",2017,0.27,0.29,"LOI",NA,0.18,"OC = -0.066 + 0.3102*OM",1.145,"https://doi.org/10.1007/s10021-021-00660-6"
"68","SM1","Martins et al 2022","MM SM1","Ria Formosa","Saltmarsh",36.984,-7.889,"direct from dataset",1,"Portugal",2017,0.29,0.32,"EA",0.137,0.754,"",1.134,"https://doi.org/10.1007/s10021-021-00660-6"
"69","SM1","Martins et al 2022","MM SM1","Ria Formosa","Saltmarsh",36.984,-7.889,"direct from dataset",1,"Portugal",2017,0.32,0.34,"LOI",0.1129854,0.577,"OC = -0.066 + 0.3102*OM",1.127,"https://doi.org/10.1007/s10021-021-00660-6"
"70","SM1","Martins et al 2022","MM SM1","Ria Formosa","Saltmarsh",36.984,-7.889,"direct from dataset",1,"Portugal",2017,0.34,0.36,"EA",0.114,0.674,"",1.082,"https://doi.org/10.1007/s10021-021-00660-6"
"71","SM1","Martins et al 2022","MM SM1","Ria Formosa","Saltmarsh",36.984,-7.889,"direct from dataset",1,"Portugal",2017,0.36,0.39,"LOI",0.0118602,0.251,"OC = -0.066 + 0.3102*OM",1.117,"https://doi.org/10.1007/s10021-021-00660-6"
"72","SM1","Martins et al 2022","MM SM1","Ria Formosa","Saltmarsh",36.984,-7.889,"direct from dataset",1,"Portugal",2017,0.39,0.41,"EA",0.065,0.555,"",1.059,"https://doi.org/10.1007/s10021-021-00660-6"
"73","SM1","Martins et al 2022","MM SM1","Ria Formosa","Saltmarsh",36.984,-7.889,"direct from dataset",1,"Portugal",2017,0.41,0.44,"LOI",0.0475332,0.366,"OC = -0.066 + 0.3102*OM",1.114,"https://doi.org/10.1007/s10021-021-00660-6"
"74","SM1","Martins et al 2022","MM SM1","Ria Formosa","Saltmarsh",36.984,-7.889,"direct from dataset",1,"Portugal",2017,0.44,0.46,"EA",0.091,0.698,"",1.145,"https://doi.org/10.1007/s10021-021-00660-6"
"75","SM1","Martins et al 2022","MM SM1","Ria Formosa","Saltmarsh",36.984,-7.889,"direct from dataset",1,"Portugal",2017,0.46,0.48,"LOI",0.00875819999999999,0.241,"OC = -0.066 + 0.3102*OM",1.136,"https://doi.org/10.1007/s10021-021-00660-6"
"76","SM1","Martins et al 2022","MM SM1","Ria Formosa","Saltmarsh",36.984,-7.889,"direct from dataset",1,"Portugal",2017,0.48,0.51,"EA",0.028,0.297,"",1.175,"https://doi.org/10.1007/s10021-021-00660-6"
"77","SM1","Martins et al 2022","MM SM1","Ria Formosa","Saltmarsh",36.984,-7.889,"direct from dataset",1,"Portugal",2017,0.51,0.53,"LOI",0.0357456,0.328,"OC = -0.066 + 0.3102*OM",1.131,"https://doi.org/10.1007/s10021-021-00660-6"
"78","SM1","Martins et al 2022","MM SM1","Ria Formosa","Saltmarsh",36.984,-7.889,"direct from dataset",1,"Portugal",2017,0.53,0.56,"EA",0.039,0.384,"",1.028,"https://doi.org/10.1007/s10021-021-00660-6"
"79","SM1","Martins et al 2022","MM SM1","Ria Formosa","Saltmarsh",36.984,-7.889,"direct from dataset",1,"Portugal",2017,0.56,0.58,"LOI",0.0245784,0.292,"OC = -0.066 + 0.3102*OM",1.038,"https://doi.org/10.1007/s10021-021-00660-6"
"80","SM1","Martins et al 2022","MM SM1","Ria Formosa","Saltmarsh",36.984,-7.889,"direct from dataset",1,"Portugal",2017,0.58,0.61,"EA",0.019,0.352,"",1.2,"https://doi.org/10.1007/s10021-021-00660-6"
"81","SM1","Martins et al 2022","MM SM1","Ria Formosa","Saltmarsh",36.984,-7.889,"direct from dataset",1,"Portugal",2017,0.61,0.63,"LOI",0.00627659999999999,0.233,"OC = -0.066 + 0.3102*OM",1.079,"https://doi.org/10.1007/s10021-021-00660-6"
"82","SM1","Martins et al 2022","MM SM1","Ria Formosa","Saltmarsh",36.984,-7.889,"direct from dataset",1,"Portugal",2017,0.63,0.65,"LOI",0.00162359999999999,0.218,"OC = -0.066 + 0.3102*OM",1.224,"https://doi.org/10.1007/s10021-021-00660-6"
"83","SM1","Martins et al 2022","MM SM1","Ria Formosa","Saltmarsh",36.984,-7.889,"direct from dataset",1,"Portugal",2017,0.65,0.68,"LOI",0.014652,0.26,"OC = -0.066 + 0.3102*OM",1.02,"https://doi.org/10.1007/s10021-021-00660-6"
"84","SM1","Martins et al 2022","MM SM1","Ria Formosa","Saltmarsh",36.984,-7.889,"direct from dataset",1,"Portugal",2017,0.68,0.7,"LOI",0.0199254,0.277,"OC = -0.066 + 0.3102*OM",1.125,"https://doi.org/10.1007/s10021-021-00660-6"
"85","SM1","Martins et al 2022","MM SM1","Ria Formosa","Saltmarsh",36.984,-7.889,"direct from dataset",1,"Portugal",2017,0.7,0.73,"EA",0.027,0.551,"",1.098,"https://doi.org/10.1007/s10021-021-00660-6"
"86","SM1","Martins et al 2022","MM SM1","Ria Formosa","Saltmarsh",36.984,-7.889,"direct from dataset",1,"Portugal",2017,0.73,0.75,"LOI",0.0174438,0.269,"OC = -0.066 + 0.3102*OM",1.08,"https://doi.org/10.1007/s10021-021-00660-6"
"87","SM1","Martins et al 2022","MM SM1","Ria Formosa","Saltmarsh",36.984,-7.889,"direct from dataset",1,"Portugal",2017,0.75,0.78,"LOI",0.00937859999999999,0.243,"OC = -0.066 + 0.3102*OM",0.803,"https://doi.org/10.1007/s10021-021-00660-6"
"88","SM1","Martins et al 2022","MM SM1","Ria Formosa","Saltmarsh",36.984,-7.889,"direct from dataset",1,"Portugal",2017,0.78,0.8,"LOI",NA,0.187,"OC = -0.066 + 0.3102*OM",1.199,"https://doi.org/10.1007/s10021-021-00660-6"
"89","SM1","Martins et al 2022","MM SM1","Ria Formosa","Saltmarsh",36.984,-7.889,"direct from dataset",1,"Portugal",2017,0.8,0.82,"LOI",NA,0.16,"OC = -0.066 + 0.3102*OM",1.058,"https://doi.org/10.1007/s10021-021-00660-6"
"90","SM1","Martins et al 2022","MM SM1","Ria Formosa","Saltmarsh",36.984,-7.889,"direct from dataset",1,"Portugal",2017,0.82,0.85,"EA",0.028,0.378,"",1.16,"https://doi.org/10.1007/s10021-021-00660-6"
"91","SM1","Martins et al 2022","MM SM1","Ria Formosa","Saltmarsh",36.984,-7.889,"direct from dataset",1,"Portugal",2017,0.85,0.87,"LOI",NA,0.146,"OC = -0.066 + 0.3102*OM",1.088,"https://doi.org/10.1007/s10021-021-00660-6"
"92","SM1","Martins et al 2022","MM SM1","Ria Formosa","Saltmarsh",36.984,-7.889,"direct from dataset",1,"Portugal",2017,0.87,0.9,"LOI",0.0509454,0.377,"OC = -0.066 + 0.3102*OM",1.104,"https://doi.org/10.1007/s10021-021-00660-6"
"93","SM1","Martins et al 2022","MM SM1","Ria Formosa","Saltmarsh",36.984,-7.889,"direct from dataset",1,"Portugal",2017,0.9,0.92,"LOI",0.3416028,1.314,"OC = -0.066 + 0.3102*OM",1.03,"https://doi.org/10.1007/s10021-021-00660-6"
"94","SM1","Martins et al 2022","MM SM1","Ria Formosa","Saltmarsh",36.984,-7.889,"direct from dataset",1,"Portugal",2017,0.92,0.95,"LOI",0.157344,0.72,"OC = -0.066 + 0.3102*OM",1.125,"https://doi.org/10.1007/s10021-021-00660-6"
"95","SM1","Martins et al 2022","MM SM1","Ria Formosa","Saltmarsh",36.984,-7.889,"direct from dataset",1,"Portugal",2017,0.95,0.97,"LOI",0.0739002,0.451,"OC = -0.066 + 0.3102*OM",1.151,"https://doi.org/10.1007/s10021-021-00660-6"
"96","SM1","Martins et al 2022","MM SM1","Ria Formosa","Saltmarsh",36.984,-7.889,"direct from dataset",1,"Portugal",2017,0.97,0.99,"EA",0.173,0.417,"",1.22,"https://doi.org/10.1007/s10021-021-00660-6"
"97","SM1","Martins et al 2022","MM SM1","Ria Formosa","Saltmarsh",36.984,-7.889,"direct from dataset",1,"Portugal",2017,0.99,1.02,"LOI",0.059631,0.405,"OC = -0.066 + 0.3102*OM",1.179,"https://doi.org/10.1007/s10021-021-00660-6"
"98","SM1","Martins et al 2022","MM SM1","Ria Formosa","Saltmarsh",36.984,-7.889,"direct from dataset",1,"Portugal",2017,1.02,1.04,"LOI",0.0618024,0.412,"OC = -0.066 + 0.3102*OM",1.152,"https://doi.org/10.1007/s10021-021-00660-6"
"99","SM1","Martins et al 2022","MM SM1","Ria Formosa","Saltmarsh",36.984,-7.889,"direct from dataset",1,"Portugal",2017,1.04,1.07,"EA",0.189,0.956,"",1.173,"https://doi.org/10.1007/s10021-021-00660-6"
"100","SM1","Martins et al 2022","MM SM1","Ria Formosa","Saltmarsh",36.984,-7.889,"direct from dataset",1,"Portugal",2017,1.07,1.09,"LOI",0.0155826,0.263,"OC = -0.066 + 0.3102*OM",1.093,"https://doi.org/10.1007/s10021-021-00660-6"
"101","SM1","Martins et al 2022","MM SM1","Ria Formosa","Saltmarsh",36.984,-7.889,"direct from dataset",1,"Portugal",2017,1.09,1.12,"LOI",0.1440054,0.677,"OC = -0.066 + 0.3102*OM",1.248,"https://doi.org/10.1007/s10021-021-00660-6"
"102","SM1","Martins et al 2022","MM SM1","Ria Formosa","Saltmarsh",36.984,-7.889,"direct from dataset",1,"Portugal",2017,1.12,1.14,"LOI",0.1409034,0.667,"OC = -0.066 + 0.3102*OM",1.155,"https://doi.org/10.1007/s10021-021-00660-6"
"103","SM1","Martins et al 2022","MM SM1","Ria Formosa","Saltmarsh",36.984,-7.889,"direct from dataset",1,"Portugal",2017,1.14,1.16,"EA",0.43,1.294,"",1.163,"https://doi.org/10.1007/s10021-021-00660-6"
"104","SM1","Martins et al 2022","MM SM1","Ria Formosa","Saltmarsh",36.984,-7.889,"direct from dataset",1,"Portugal",2017,1.16,1.19,"LOI",0.199221,0.855,"OC = -0.066 + 0.3102*OM",1.128,"https://doi.org/10.1007/s10021-021-00660-6"
"105","SM1","Martins et al 2022","MM SM1","Ria Formosa","Saltmarsh",36.984,-7.889,"direct from dataset",1,"Portugal",2017,1.19,1.21,"LOI",0.1802988,0.794,"OC = -0.066 + 0.3102*OM",1.086,"https://doi.org/10.1007/s10021-021-00660-6"
"106","SM1","Martins et al 2022","MM SM1","Ria Formosa","Saltmarsh",36.984,-7.889,"direct from dataset",1,"Portugal",2017,1.21,1.24,"LOI",0.2060454,0.877,"OC = -0.066 + 0.3102*OM",1.067,"https://doi.org/10.1007/s10021-021-00660-6"
"107","SM1","Martins et al 2022","MM SM1","Ria Formosa","Saltmarsh",36.984,-7.889,"direct from dataset",1,"Portugal",2017,1.24,1.26,"LOI",0.3099624,1.212,"OC = -0.066 + 0.3102*OM",1.133,"https://doi.org/10.1007/s10021-021-00660-6"
"108","SM1","Martins et al 2022","MM SM1","Ria Formosa","Saltmarsh",36.984,-7.889,"direct from dataset",1,"Portugal",2017,1.26,1.28,"LOI",0.2469918,1.009,"OC = -0.066 + 0.3102*OM",1.143,"https://doi.org/10.1007/s10021-021-00660-6"
"109","SM1","Martins et al 2022","MM SM1","Ria Formosa","Saltmarsh",36.984,-7.889,"direct from dataset",1,"Portugal",2017,1.28,1.31,"EA",0.432,1.489,"",1.203,"https://doi.org/10.1007/s10021-021-00660-6"
"110","SM1","Martins et al 2022","MM SM1","Ria Formosa","Saltmarsh",36.984,-7.889,"direct from dataset",1,"Portugal",2017,1.31,1.33,"LOI",0.1964292,0.846,"OC = -0.066 + 0.3102*OM",1.098,"https://doi.org/10.1007/s10021-021-00660-6"
"111","SM1","Martins et al 2022","MM SM1","Ria Formosa","Saltmarsh",36.984,-7.889,"direct from dataset",1,"Portugal",2017,1.33,1.36,"LOI",0.4926702,1.801,"OC = -0.066 + 0.3102*OM",1.031,"https://doi.org/10.1007/s10021-021-00660-6"
"112","SM2","Martins et al 2022","MM SM2","Ria Formosa","Saltmarsh",36.988,-7.876,"direct from dataset",1,"Portugal",2017,0,0.03,"EA",3.698,11.392,"",0.355,"https://doi.org/10.1007/s10021-021-00660-6"
"113","SM2","Martins et al 2022","MM SM2","Ria Formosa","Saltmarsh",36.988,-7.876,"direct from dataset",1,"Portugal",2017,0.03,0.05,"LOI",1.2917454,4.377,"OC = -0.066 + 0.3102*OM",0.666,"https://doi.org/10.1007/s10021-021-00660-6"
"114","SM2","Martins et al 2022","MM SM2","Ria Formosa","Saltmarsh",36.988,-7.876,"direct from dataset",1,"Portugal",2017,0.05,0.08,"EA",3.207,9.619,"",0.35,"https://doi.org/10.1007/s10021-021-00660-6"
"115","SM2","Martins et al 2022","MM SM2","Ria Formosa","Saltmarsh",36.988,-7.876,"direct from dataset",1,"Portugal",2017,0.08,0.1,"LOI",2.5874508,8.554,"OC = -0.066 + 0.3102*OM",0.493,"https://doi.org/10.1007/s10021-021-00660-6"
"116","SM2","Martins et al 2022","MM SM2","Ria Formosa","Saltmarsh",36.988,-7.876,"direct from dataset",1,"Portugal",2017,0.1,0.13,"EA",1.285,4.012,"",0.674,"https://doi.org/10.1007/s10021-021-00660-6"
"117","SM2","Martins et al 2022","MM SM2","Ria Formosa","Saltmarsh",36.988,-7.876,"direct from dataset",1,"Portugal",2017,0.13,0.15,"LOI",0.1142262,0.581,"OC = -0.066 + 0.3102*OM",0.998,"https://doi.org/10.1007/s10021-021-00660-6"
"118","SM2","Martins et al 2022","MM SM2","Ria Formosa","Saltmarsh",36.988,-7.876,"direct from dataset",1,"Portugal",2017,0.15,0.18,"EA",0.187,0.833,"",1.036,"https://doi.org/10.1007/s10021-021-00660-6"
"119","SM2","Martins et al 2022","MM SM2","Ria Formosa","Saltmarsh",36.988,-7.876,"direct from dataset",1,"Portugal",2017,0.18,0.2,"LOI",0.0776226,0.463,"OC = -0.066 + 0.3102*OM",0.989,"https://doi.org/10.1007/s10021-021-00660-6"
"120","SM2","Martins et al 2022","MM SM2","Ria Formosa","Saltmarsh",36.988,-7.876,"direct from dataset",1,"Portugal",2017,0.2,0.23,"EA",0.069,0.547,"",0.997,"https://doi.org/10.1007/s10021-021-00660-6"
"121","SM2","Martins et al 2022","MM SM2","Ria Formosa","Saltmarsh",36.988,-7.876,"direct from dataset",1,"Portugal",2017,0.23,0.25,"LOI",0.0506352,0.376,"OC = -0.066 + 0.3102*OM",1.076,"https://doi.org/10.1007/s10021-021-00660-6"
"122","SM2","Martins et al 2022","MM SM2","Ria Formosa","Saltmarsh",36.988,-7.876,"direct from dataset",1,"Portugal",2017,0.25,0.28,"EA",0.128,0.667,"",1.135,"https://doi.org/10.1007/s10021-021-00660-6"
"123","SM2","Martins et al 2022","MM SM2","Ria Formosa","Saltmarsh",36.988,-7.876,"direct from dataset",1,"Portugal",2017,0.28,0.3,"LOI",0.0202356,0.278,"OC = -0.066 + 0.3102*OM",1.165,"https://doi.org/10.1007/s10021-021-00660-6"
"124","SM2","Martins et al 2022","MM SM2","Ria Formosa","Saltmarsh",36.988,-7.876,"direct from dataset",1,"Portugal",2017,0.3,0.33,"EA",0.089,0.48,"",1.177,"https://doi.org/10.1007/s10021-021-00660-6"
"125","SM2","Martins et al 2022","MM SM2","Ria Formosa","Saltmarsh",36.988,-7.876,"direct from dataset",1,"Portugal",2017,0.33,0.36,"LOI",NA,0.191,"OC = -0.066 + 0.3102*OM",1.071,"https://doi.org/10.1007/s10021-021-00660-6"
"126","SM2","Martins et al 2022","MM SM2","Ria Formosa","Saltmarsh",36.988,-7.876,"direct from dataset",1,"Portugal",2017,0.36,0.38,"EA",0.049,0.429,"",1.051,"https://doi.org/10.1007/s10021-021-00660-6"
"127","SM2","Martins et al 2022","MM SM2","Ria Formosa","Saltmarsh",36.988,-7.876,"direct from dataset",1,"Portugal",2017,0.38,0.41,"LOI",NA,0.142,"OC = -0.066 + 0.3102*OM",1.077,"https://doi.org/10.1007/s10021-021-00660-6"
"128","SM2","Martins et al 2022","MM SM2","Ria Formosa","Saltmarsh",36.988,-7.876,"direct from dataset",1,"Portugal",2017,0.41,0.43,"EA",0.029,0.361,"",1.077,"https://doi.org/10.1007/s10021-021-00660-6"
"129","SM2","Martins et al 2022","MM SM2","Ria Formosa","Saltmarsh",36.988,-7.876,"direct from dataset",1,"Portugal",2017,0.43,0.46,"LOI",NA,0.131,"OC = -0.066 + 0.3102*OM",1.014,"https://doi.org/10.1007/s10021-021-00660-6"
"130","SM2","Martins et al 2022","MM SM2","Ria Formosa","Saltmarsh",36.988,-7.876,"direct from dataset",1,"Portugal",2017,0.46,0.48,"EA",0.048,0.307,"",1.027,"https://doi.org/10.1007/s10021-021-00660-6"
"131","SM2","Martins et al 2022","MM SM2","Ria Formosa","Saltmarsh",36.988,-7.876,"direct from dataset",1,"Portugal",2017,0.48,0.51,"LOI",NA,0.171,"OC = -0.066 + 0.3102*OM",1.097,"https://doi.org/10.1007/s10021-021-00660-6"
"132","SM2","Martins et al 2022","MM SM2","Ria Formosa","Saltmarsh",36.988,-7.876,"direct from dataset",1,"Portugal",2017,0.51,0.53,"EA",0.039,0.354,"",1.05,"https://doi.org/10.1007/s10021-021-00660-6"
"133","SM2","Martins et al 2022","MM SM2","Ria Formosa","Saltmarsh",36.988,-7.876,"direct from dataset",1,"Portugal",2017,0.53,0.56,"LOI",NA,0.139,"OC = -0.066 + 0.3102*OM",0.94,"https://doi.org/10.1007/s10021-021-00660-6"
"134","SM2","Martins et al 2022","MM SM2","Ria Formosa","Saltmarsh",36.988,-7.876,"direct from dataset",1,"Portugal",2017,0.56,0.58,"EA",0.019,0.276,"",1.073,"https://doi.org/10.1007/s10021-021-00660-6"
"135","SM2","Martins et al 2022","MM SM2","Ria Formosa","Saltmarsh",36.988,-7.876,"direct from dataset",1,"Portugal",2017,0.58,0.61,"LOI",NA,0.037,"OC = -0.066 + 0.3102*OM",1.041,"https://doi.org/10.1007/s10021-021-00660-6"
"136","SM2","Martins et al 2022","MM SM2","Ria Formosa","Saltmarsh",36.988,-7.876,"direct from dataset",1,"Portugal",2017,0.61,0.64,"EA",0.049,0.308,"",1.02,"https://doi.org/10.1007/s10021-021-00660-6"
"137","SM2","Martins et al 2022","MM SM2","Ria Formosa","Saltmarsh",36.988,-7.876,"direct from dataset",1,"Portugal",2017,0.64,0.66,"LOI",0.1005774,0.537,"OC = -0.066 + 0.3102*OM",1.073,"https://doi.org/10.1007/s10021-021-00660-6"
"138","SM2","Martins et al 2022","MM SM2","Ria Formosa","Saltmarsh",36.988,-7.876,"direct from dataset",1,"Portugal",2017,0.66,0.69,"LOI",0.7768134,2.717,"OC = -0.066 + 0.3102*OM",0.913,"https://doi.org/10.1007/s10021-021-00660-6"
"139","SM2","Martins et al 2022","MM SM2","Ria Formosa","Saltmarsh",36.988,-7.876,"direct from dataset",1,"Portugal",2017,0.69,0.71,"EA",0.553,1.396,"",1.229,"https://doi.org/10.1007/s10021-021-00660-6"
"140","SM2","Martins et al 2022","MM SM2","Ria Formosa","Saltmarsh",36.988,-7.876,"direct from dataset",1,"Portugal",2017,0.71,0.74,"LOI",0.6384642,2.271,"OC = -0.066 + 0.3102*OM",0.93,"https://doi.org/10.1007/s10021-021-00660-6"
"141","SM2","Martins et al 2022","MM SM2","Ria Formosa","Saltmarsh",36.988,-7.876,"direct from dataset",1,"Portugal",2017,0.74,0.76,"LOI",0.4300098,1.599,"OC = -0.066 + 0.3102*OM",0.962,"https://doi.org/10.1007/s10021-021-00660-6"
"142","SM2","Martins et al 2022","MM SM2","Ria Formosa","Saltmarsh",36.988,-7.876,"direct from dataset",1,"Portugal",2017,0.76,0.79,"LOI",0.56991,2.05,"OC = -0.066 + 0.3102*OM",0.916,"https://doi.org/10.1007/s10021-021-00660-6"
"143","SM2","Martins et al 2022","MM SM2","Ria Formosa","Saltmarsh",36.988,-7.876,"direct from dataset",1,"Portugal",2017,0.79,0.81,"LOI",0.8329596,2.898,"OC = -0.066 + 0.3102*OM",0.778,"https://doi.org/10.1007/s10021-021-00660-6"
"144","SM2","Martins et al 2022","MM SM2","Ria Formosa","Saltmarsh",36.988,-7.876,"direct from dataset",1,"Portugal",2017,0.81,0.84,"LOI",0.9129912,3.156,"OC = -0.066 + 0.3102*OM",0.823,"https://doi.org/10.1007/s10021-021-00660-6"
"145","SM2","Martins et al 2022","MM SM2","Ria Formosa","Saltmarsh",36.988,-7.876,"direct from dataset",1,"Portugal",2017,0.84,0.86,"LOI",1.142229,3.895,"OC = -0.066 + 0.3102*OM",0.792,"https://doi.org/10.1007/s10021-021-00660-6"
"146","SM2","Martins et al 2022","MM SM2","Ria Formosa","Saltmarsh",36.988,-7.876,"direct from dataset",1,"Portugal",2017,0.86,0.89,"LOI",1.041414,3.57,"OC = -0.066 + 0.3102*OM",0.817,"https://doi.org/10.1007/s10021-021-00660-6"
"147","SM2","Martins et al 2022","MM SM2","Ria Formosa","Saltmarsh",36.988,-7.876,"direct from dataset",1,"Portugal",2017,0.89,0.91,"EA",2.408,4.742,"",0.822,"https://doi.org/10.1007/s10021-021-00660-6"
"148","SM2","Martins et al 2022","MM SM2","Ria Formosa","Saltmarsh",36.988,-7.876,"direct from dataset",1,"Portugal",2017,0.91,0.94,"LOI",1.641651,5.505,"OC = -0.066 + 0.3102*OM",0.702,"https://doi.org/10.1007/s10021-021-00660-6"
"149","SM2","Martins et al 2022","MM SM2","Ria Formosa","Saltmarsh",36.988,-7.876,"direct from dataset",1,"Portugal",2017,0.94,0.97,"LOI",0.766887,2.685,"OC = -0.066 + 0.3102*OM",0.894,"https://doi.org/10.1007/s10021-021-00660-6"
"150","SM2","Martins et al 2022","MM SM2","Ria Formosa","Saltmarsh",36.988,-7.876,"direct from dataset",1,"Portugal",2017,0.97,0.99,"LOI",1.8637542,6.221,"OC = -0.066 + 0.3102*OM",0.676,"https://doi.org/10.1007/s10021-021-00660-6"
"151","SM2","Martins et al 2022","MM SM2","Ria Formosa","Saltmarsh",36.988,-7.876,"direct from dataset",1,"Portugal",2017,0.99,1.02,"LOI",1.7170296,5.748,"OC = -0.066 + 0.3102*OM",0.705,"https://doi.org/10.1007/s10021-021-00660-6"
"152","SM2","Martins et al 2022","MM SM2","Ria Formosa","Saltmarsh",36.988,-7.876,"direct from dataset",1,"Portugal",2017,1.02,1.04,"LOI",1.7582862,5.881,"OC = -0.066 + 0.3102*OM",0.763,"https://doi.org/10.1007/s10021-021-00660-6"
"153","SM2","Martins et al 2022","MM SM2","Ria Formosa","Saltmarsh",36.988,-7.876,"direct from dataset",1,"Portugal",2017,1.04,1.07,"EA",3.004,7.342,"",0.765,"https://doi.org/10.1007/s10021-021-00660-6"
"154","SM3","Martins et al 2022","MM SM3","Ria Formosa","Saltmarsh",36.997,-7.88,"direct from dataset",1,"Portugal",2017,0,0.03,"EA",2.532,8.007,"",0.485,"https://doi.org/10.1007/s10021-021-00660-6"
"155","SM3","Martins et al 2022","MM SM3","Ria Formosa","Saltmarsh",36.997,-7.88,"direct from dataset",1,"Portugal",2017,0.03,0.06,"LOI",1.4626656,4.928,"OC = -0.066 + 0.3102*OM",0.535,"https://doi.org/10.1007/s10021-021-00660-6"
"156","SM3","Martins et al 2022","MM SM3","Ria Formosa","Saltmarsh",36.997,-7.88,"direct from dataset",1,"Portugal",2017,0.06,0.09,"EA",2.043,6.697,"",0.492,"https://doi.org/10.1007/s10021-021-00660-6"
"157","SM3","Martins et al 2022","MM SM3","Ria Formosa","Saltmarsh",36.997,-7.88,"direct from dataset",1,"Portugal",2017,0.09,0.11,"LOI",1.712997,5.735,"OC = -0.066 + 0.3102*OM",0.511,"https://doi.org/10.1007/s10021-021-00660-6"
"158","SM3","Martins et al 2022","MM SM3","Ria Formosa","Saltmarsh",36.997,-7.88,"direct from dataset",1,"Portugal",2017,0.11,0.14,"EA",1.683,4.987,"",0.613,"https://doi.org/10.1007/s10021-021-00660-6"
"159","SM3","Martins et al 2022","MM SM3","Ria Formosa","Saltmarsh",36.997,-7.88,"direct from dataset",1,"Portugal",2017,0.14,0.17,"LOI",1.8628236,6.218,"OC = -0.066 + 0.3102*OM",0.517,"https://doi.org/10.1007/s10021-021-00660-6"
"160","SM3","Martins et al 2022","MM SM3","Ria Formosa","Saltmarsh",36.997,-7.88,"direct from dataset",1,"Portugal",2017,0.17,0.2,"EA",1.605,5.266,"",0.512,"https://doi.org/10.1007/s10021-021-00660-6"
"161","SM3","Martins et al 2022","MM SM3","Ria Formosa","Saltmarsh",36.997,-7.88,"direct from dataset",1,"Portugal",2017,0.2,0.23,"LOI",1.0746054,3.677,"OC = -0.066 + 0.3102*OM",0.709,"https://doi.org/10.1007/s10021-021-00660-6"
"162","SM3","Martins et al 2022","MM SM3","Ria Formosa","Saltmarsh",36.997,-7.88,"direct from dataset",1,"Portugal",2017,0.23,0.26,"EA",1.068,3.541,"",0.797,"https://doi.org/10.1007/s10021-021-00660-6"
"163","SM3","Martins et al 2022","MM SM3","Ria Formosa","Saltmarsh",36.997,-7.88,"direct from dataset",1,"Portugal",2017,0.26,0.29,"LOI",0.8354412,2.906,"OC = -0.066 + 0.3102*OM",0.762,"https://doi.org/10.1007/s10021-021-00660-6"
"164","SM3","Martins et al 2022","MM SM3","Ria Formosa","Saltmarsh",36.997,-7.88,"direct from dataset",1,"Portugal",2017,0.29,0.31,"EA",0.974,3.977,"",0.739,"https://doi.org/10.1007/s10021-021-00660-6"
"165","SM3","Martins et al 2022","MM SM3","Ria Formosa","Saltmarsh",36.997,-7.88,"direct from dataset",1,"Portugal",2017,0.31,0.34,"LOI",1.0783278,3.689,"OC = -0.066 + 0.3102*OM",0.698,"https://doi.org/10.1007/s10021-021-00660-6"
"166","SM3","Martins et al 2022","MM SM3","Ria Formosa","Saltmarsh",36.997,-7.88,"direct from dataset",1,"Portugal",2017,0.34,0.37,"EA",1.401,4.204,"",0.694,"https://doi.org/10.1007/s10021-021-00660-6"
"167","SM3","Martins et al 2022","MM SM3","Ria Formosa","Saltmarsh",36.997,-7.88,"direct from dataset",1,"Portugal",2017,0.37,0.4,"LOI",1.1316822,3.861,"OC = -0.066 + 0.3102*OM",0.758,"https://doi.org/10.1007/s10021-021-00660-6"
"168","SM3","Martins et al 2022","MM SM3","Ria Formosa","Saltmarsh",36.997,-7.88,"direct from dataset",1,"Portugal",2017,0.4,0.43,"EA",1.356,4.542,"",0.694,"https://doi.org/10.1007/s10021-021-00660-6"
"169","SM3","Martins et al 2022","MM SM3","Ria Formosa","Saltmarsh",36.997,-7.88,"direct from dataset",1,"Portugal",2017,0.43,0.46,"LOI",2.0889594,6.947,"OC = -0.066 + 0.3102*OM",0.543,"https://doi.org/10.1007/s10021-021-00660-6"
"170","SM3","Martins et al 2022","MM SM3","Ria Formosa","Saltmarsh",36.997,-7.88,"direct from dataset",1,"Portugal",2017,0.46,0.49,"EA",2.196,5.861,"",0.561,"https://doi.org/10.1007/s10021-021-00660-6"
"171","SM3","Martins et al 2022","MM SM3","Ria Formosa","Saltmarsh",36.997,-7.88,"direct from dataset",1,"Portugal",2017,0.49,0.51,"LOI",1.7561148,5.874,"OC = -0.066 + 0.3102*OM",0.566,"https://doi.org/10.1007/s10021-021-00660-6"
"172","SM3","Martins et al 2022","MM SM3","Ria Formosa","Saltmarsh",36.997,-7.88,"direct from dataset",1,"Portugal",2017,0.51,0.54,"EA",1.745,7.061,"",0.545,"https://doi.org/10.1007/s10021-021-00660-6"
"173","SM3","Martins et al 2022","MM SM3","Ria Formosa","Saltmarsh",36.997,-7.88,"direct from dataset",1,"Portugal",2017,0.54,0.57,"LOI",1.4685594,4.947,"OC = -0.066 + 0.3102*OM",0.499,"https://doi.org/10.1007/s10021-021-00660-6"
"174","SM3","Martins et al 2022","MM SM3","Ria Formosa","Saltmarsh",36.997,-7.88,"direct from dataset",1,"Portugal",2017,0.57,0.6,"EA",1.728,6.163,"",0.629,"https://doi.org/10.1007/s10021-021-00660-6"
"175","SM3","Martins et al 2022","MM SM3","Ria Formosa","Saltmarsh",36.997,-7.88,"direct from dataset",1,"Portugal",2017,0.6,0.63,"LOI",1.2005466,4.083,"OC = -0.066 + 0.3102*OM",0.806,"https://doi.org/10.1007/s10021-021-00660-6"
"176","SM3","Martins et al 2022","MM SM3","Ria Formosa","Saltmarsh",36.997,-7.88,"direct from dataset",1,"Portugal",2017,0.63,0.66,"EA",1.661,5.677,"",0.775,"https://doi.org/10.1007/s10021-021-00660-6"
"177","SM3","Martins et al 2022","MM SM3","Ria Formosa","Saltmarsh",36.997,-7.88,"direct from dataset",1,"Portugal",2017,0.66,0.69,"LOI",1.450878,4.89,"OC = -0.066 + 0.3102*OM",0.651,"https://doi.org/10.1007/s10021-021-00660-6"
"178","SM3","Martins et al 2022","MM SM3","Ria Formosa","Saltmarsh",36.997,-7.88,"direct from dataset",1,"Portugal",2017,0.69,0.71,"EA",1.689,5.585,"",0.671,"https://doi.org/10.1007/s10021-021-00660-6"
"179","SM3","Martins et al 2022","MM SM3","Ria Formosa","Saltmarsh",36.997,-7.88,"direct from dataset",1,"Portugal",2017,0.71,0.74,"LOI",1.5073344,5.072,"OC = -0.066 + 0.3102*OM",0.688,"https://doi.org/10.1007/s10021-021-00660-6"
"180","SM3","Martins et al 2022","MM SM3","Ria Formosa","Saltmarsh",36.997,-7.88,"direct from dataset",1,"Portugal",2017,0.74,0.77,"LOI",0.81807,2.85,"OC = -0.066 + 0.3102*OM",0.65,"https://doi.org/10.1007/s10021-021-00660-6"
"181","SM3","Martins et al 2022","MM SM3","Ria Formosa","Saltmarsh",36.997,-7.88,"direct from dataset",1,"Portugal",2017,0.77,0.8,"LOI",0.939048,3.24,"OC = -0.066 + 0.3102*OM",0.822,"https://doi.org/10.1007/s10021-021-00660-6"
"182","SM3","Martins et al 2022","MM SM3","Ria Formosa","Saltmarsh",36.997,-7.88,"direct from dataset",1,"Portugal",2017,0.8,0.83,"LOI",1.056924,3.62,"OC = -0.066 + 0.3102*OM",0.763,"https://doi.org/10.1007/s10021-021-00660-6"
"183","SM3","Martins et al 2022","MM SM3","Ria Formosa","Saltmarsh",36.997,-7.88,"direct from dataset",1,"Portugal",2017,0.83,0.86,"LOI",0.9914718,3.409,"OC = -0.066 + 0.3102*OM",0.756,"https://doi.org/10.1007/s10021-021-00660-6"
"184","SM3","Martins et al 2022","MM SM3","Ria Formosa","Saltmarsh",36.997,-7.88,"direct from dataset",1,"Portugal",2017,0.86,0.89,"LOI",0.9427704,3.252,"OC = -0.066 + 0.3102*OM",0.865,"https://doi.org/10.1007/s10021-021-00660-6"
"185","SM3","Martins et al 2022","MM SM3","Ria Formosa","Saltmarsh",36.997,-7.88,"direct from dataset",1,"Portugal",2017,0.89,0.91,"LOI",0.4839846,1.773,"OC = -0.066 + 0.3102*OM",0.905,"https://doi.org/10.1007/s10021-021-00660-6"
"186","SM3","Martins et al 2022","MM SM3","Ria Formosa","Saltmarsh",36.997,-7.88,"direct from dataset",1,"Portugal",2017,0.91,0.94,"LOI",0.7042266,2.483,"OC = -0.066 + 0.3102*OM",0.879,"https://doi.org/10.1007/s10021-021-00660-6"
"187","SM3","Martins et al 2022","MM SM3","Ria Formosa","Saltmarsh",36.997,-7.88,"direct from dataset",1,"Portugal",2017,0.94,0.97,"LOI",0.4390056,1.628,"OC = -0.066 + 0.3102*OM",0.949,"https://doi.org/10.1007/s10021-021-00660-6"
"188","SM3","Martins et al 2022","MM SM3","Ria Formosa","Saltmarsh",36.997,-7.88,"direct from dataset",1,"Portugal",2017,0.97,1,"EA",0.693,2.159,"",0.938,"https://doi.org/10.1007/s10021-021-00660-6"
"189","SM3","Martins et al 2022","MM SM3","Ria Formosa","Saltmarsh",36.997,-7.88,"direct from dataset",1,"Portugal",2017,1,1.03,"LOI",0.2401674,0.987,"OC = -0.066 + 0.3102*OM",0.955,"https://doi.org/10.1007/s10021-021-00660-6"
"190","SM3","Martins et al 2022","MM SM3","Ria Formosa","Saltmarsh",36.997,-7.88,"direct from dataset",1,"Portugal",2017,1.03,1.06,"LOI",0.1725438,0.769,"OC = -0.066 + 0.3102*OM",1,"https://doi.org/10.1007/s10021-021-00660-6"
"191","SM3","Martins et al 2022","MM SM3","Ria Formosa","Saltmarsh",36.997,-7.88,"direct from dataset",1,"Portugal",2017,1.06,1.09,"EA",0.512,1.928,"",1.191,"https://doi.org/10.1007/s10021-021-00660-6"
"192","SM3","Martins et al 2022","MM SM3","Ria Formosa","Saltmarsh",36.997,-7.88,"direct from dataset",1,"Portugal",2017,1.09,1.11,"LOI",0.1337688,0.644,"OC = -0.066 + 0.3102*OM",0.738,"https://doi.org/10.1007/s10021-021-00660-6"
"193","SM3","Martins et al 2022","MM SM3","Ria Formosa","Saltmarsh",36.997,-7.88,"direct from dataset",1,"Portugal",2017,1.11,1.14,"LOI",0.3617658,1.379,"OC = -0.066 + 0.3102*OM",0.68,"https://doi.org/10.1007/s10021-021-00660-6"
"194","SM3","Martins et al 2022","MM SM3","Ria Formosa","Saltmarsh",36.997,-7.88,"direct from dataset",1,"Portugal",2017,1.14,1.17,"LOI",0.1052304,0.552,"OC = -0.066 + 0.3102*OM",0.539,"https://doi.org/10.1007/s10021-021-00660-6"
"195","SM3","Martins et al 2022","MM SM3","Ria Formosa","Saltmarsh",36.997,-7.88,"direct from dataset",1,"Portugal",2017,1.17,1.2,"LOI",0.098406,0.53,"OC = -0.066 + 0.3102*OM",1.045,"https://doi.org/10.1007/s10021-021-00660-6"
"196","SM3","Martins et al 2022","MM SM3","Ria Formosa","Saltmarsh",36.997,-7.88,"direct from dataset",1,"Portugal",2017,1.2,1.23,"LOI",0.103059,0.545,"OC = -0.066 + 0.3102*OM",0.903,"https://doi.org/10.1007/s10021-021-00660-6"
"197","SM3","Martins et al 2022","MM SM3","Ria Formosa","Saltmarsh",36.997,-7.88,"direct from dataset",1,"Portugal",2017,1.23,1.26,"LOI",0.0832062,0.481,"OC = -0.066 + 0.3102*OM",0.676,"https://doi.org/10.1007/s10021-021-00660-6"
"198","SM3","Martins et al 2022","MM SM3","Ria Formosa","Saltmarsh",36.997,-7.88,"direct from dataset",1,"Portugal",2017,1.26,1.29,"LOI",0.1796784,0.792,"OC = -0.066 + 0.3102*OM",0.962,"https://doi.org/10.1007/s10021-021-00660-6"
"199","SM3","Martins et al 2022","MM SM3","Ria Formosa","Saltmarsh",36.997,-7.88,"direct from dataset",1,"Portugal",2017,1.29,1.31,"LOI",0.1111242,0.571,"OC = -0.066 + 0.3102*OM",0.927,"https://doi.org/10.1007/s10021-021-00660-6"
"200","SM3","Martins et al 2022","MM SM3","Ria Formosa","Saltmarsh",36.997,-7.88,"direct from dataset",1,"Portugal",2017,1.31,1.34,"EA",0.269,0.995,"",0.996,"https://doi.org/10.1007/s10021-021-00660-6"
"201","SM3","Martins et al 2022","MM SM3","Ria Formosa","Saltmarsh",36.997,-7.88,"direct from dataset",1,"Portugal",2017,1.34,1.37,"LOI",0.0258192,0.296,"OC = -0.066 + 0.3102*OM",0.978,"https://doi.org/10.1007/s10021-021-00660-6"
"202","SM3","Martins et al 2022","MM SM3","Ria Formosa","Saltmarsh",36.997,-7.88,"direct from dataset",1,"Portugal",2017,1.37,1.4,"LOI",0.041019,0.345,"OC = -0.066 + 0.3102*OM",0.91,"https://doi.org/10.1007/s10021-021-00660-6"
"203","SM3","Martins et al 2022","MM SM3","Ria Formosa","Saltmarsh",36.997,-7.88,"direct from dataset",1,"Portugal",2017,1.4,1.43,"EA",0.123,0.705,"",0.938,"https://doi.org/10.1007/s10021-021-00660-6"
"204","SM3","Martins et al 2022","MM SM3","Ria Formosa","Saltmarsh",36.997,-7.88,"direct from dataset",1,"Portugal",2017,1.43,1.46,"LOI",0.0825858,0.479,"OC = -0.066 + 0.3102*OM",1.029,"https://doi.org/10.1007/s10021-021-00660-6"
"205","SM3","Martins et al 2022","MM SM3","Ria Formosa","Saltmarsh",36.997,-7.88,"direct from dataset",1,"Portugal",2017,1.46,1.49,"LOI",NA,0.146,"OC = -0.066 + 0.3102*OM",0.658,"https://doi.org/10.1007/s10021-021-00660-6"
"206","SM3","Martins et al 2022","MM SM3","Ria Formosa","Saltmarsh",36.997,-7.88,"direct from dataset",1,"Portugal",2017,1.49,1.51,"LOI",NA,NA,"OC = -0.066 + 0.3102*OM",NA,"https://doi.org/10.1007/s10021-021-00660-6"
"207","SM3","Martins et al 2022","MM SM3","Ria Formosa","Saltmarsh",36.997,-7.88,"direct from dataset",1,"Portugal",2017,1.51,1.54,"LOI",0.348117,1.335,"OC = -0.066 + 0.3102*OM",0.877,"https://doi.org/10.1007/s10021-021-00660-6"
"208","SM3","Martins et al 2022","MM SM3","Ria Formosa","Saltmarsh",36.997,-7.88,"direct from dataset",1,"Portugal",2017,1.54,1.57,"EA",0.086,0.569,"",0.926,"https://doi.org/10.1007/s10021-021-00660-6"
"209","SM4","Martins et al 2022","MM SM4","Ria Formosa","Saltmarsh",37.003,-7.884,"direct from dataset",1,"Portugal",2017,0,0.04,"EA",2.683,9.361,"",0.476,"https://doi.org/10.1007/s10021-021-00660-6"
"210","SM4","Martins et al 2022","MM SM4","Ria Formosa","Saltmarsh",37.003,-7.884,"direct from dataset",1,"Portugal",2017,0.04,0.07,"LOI",1.9273452,6.426,"OC = -0.066 + 0.3102*OM",0.409,"https://doi.org/10.1007/s10021-021-00660-6"
"211","SM4","Martins et al 2022","MM SM4","Ria Formosa","Saltmarsh",37.003,-7.884,"direct from dataset",1,"Portugal",2017,0.07,0.11,"EA",2.327,8.128,"",0.397,"https://doi.org/10.1007/s10021-021-00660-6"
"212","SM4","Martins et al 2022","MM SM4","Ria Formosa","Saltmarsh",37.003,-7.884,"direct from dataset",1,"Portugal",2017,0.11,0.14,"LOI",1.863444,6.22,"OC = -0.066 + 0.3102*OM",0.369,"https://doi.org/10.1007/s10021-021-00660-6"
"213","SM4","Martins et al 2022","MM SM4","Ria Formosa","Saltmarsh",37.003,-7.884,"direct from dataset",1,"Portugal",2017,0.14,0.18,"EA",2.46,8.079,"",0.339,"https://doi.org/10.1007/s10021-021-00660-6"
"214","SM4","Martins et al 2022","MM SM4","Ria Formosa","Saltmarsh",37.003,-7.884,"direct from dataset",1,"Portugal",2017,0.18,0.21,"LOI",1.8501054,6.177,"OC = -0.066 + 0.3102*OM",0.382,"https://doi.org/10.1007/s10021-021-00660-6"
"215","SM4","Martins et al 2022","MM SM4","Ria Formosa","Saltmarsh",37.003,-7.884,"direct from dataset",1,"Portugal",2017,0.21,0.25,"EA",2.757,9.346,"",0.378,"https://doi.org/10.1007/s10021-021-00660-6"
"216","SM4","Martins et al 2022","MM SM4","Ria Formosa","Saltmarsh",37.003,-7.884,"direct from dataset",1,"Portugal",2017,0.25,0.28,"LOI",2.4981132,8.266,"OC = -0.066 + 0.3102*OM",0.327,"https://doi.org/10.1007/s10021-021-00660-6"
"217","SM4","Martins et al 2022","MM SM4","Ria Formosa","Saltmarsh",37.003,-7.884,"direct from dataset",1,"Portugal",2017,0.28,0.32,"EA",2.466,8.158,"",0.45,"https://doi.org/10.1007/s10021-021-00660-6"
"218","SM4","Martins et al 2022","MM SM4","Ria Formosa","Saltmarsh",37.003,-7.884,"direct from dataset",1,"Portugal",2017,0.32,0.36,"LOI",1.8395586,6.143,"OC = -0.066 + 0.3102*OM",0.464,"https://doi.org/10.1007/s10021-021-00660-6"
"219","SM4","Martins et al 2022","MM SM4","Ria Formosa","Saltmarsh",37.003,-7.884,"direct from dataset",1,"Portugal",2017,0.36,0.39,"EA",2.337,7.231,"",0.463,"https://doi.org/10.1007/s10021-021-00660-6"
"220","SM4","Martins et al 2022","MM SM4","Ria Formosa","Saltmarsh",37.003,-7.884,"direct from dataset",1,"Portugal",2017,0.39,0.43,"LOI",1.6264512,5.456,"OC = -0.066 + 0.3102*OM",0.435,"https://doi.org/10.1007/s10021-021-00660-6"
"221","SM4","Martins et al 2022","MM SM4","Ria Formosa","Saltmarsh",37.003,-7.884,"direct from dataset",1,"Portugal",2017,0.43,0.46,"EA",2.209,8.165,"",0.462,"https://doi.org/10.1007/s10021-021-00660-6"
"222","SM4","Martins et al 2022","MM SM4","Ria Formosa","Saltmarsh",37.003,-7.884,"direct from dataset",1,"Portugal",2017,0.46,0.5,"LOI",1.7046216,5.708,"OC = -0.066 + 0.3102*OM",0.473,"https://doi.org/10.1007/s10021-021-00660-6"
"223","SM4","Martins et al 2022","MM SM4","Ria Formosa","Saltmarsh",37.003,-7.884,"direct from dataset",1,"Portugal",2017,0.5,0.53,"EA",2.174,7.519,"",0.501,"https://doi.org/10.1007/s10021-021-00660-6"
"224","SM4","Martins et al 2022","MM SM4","Ria Formosa","Saltmarsh",37.003,-7.884,"direct from dataset",1,"Portugal",2017,0.53,0.57,"LOI",1.8857784,6.292,"OC = -0.066 + 0.3102*OM",0.476,"https://doi.org/10.1007/s10021-021-00660-6"
"225","SM4","Martins et al 2022","MM SM4","Ria Formosa","Saltmarsh",37.003,-7.884,"direct from dataset",1,"Portugal",2017,0.57,0.6,"EA",1.909,6.951,"",0.48,"https://doi.org/10.1007/s10021-021-00660-6"
"226","SM4","Martins et al 2022","MM SM4","Ria Formosa","Saltmarsh",37.003,-7.884,"direct from dataset",1,"Portugal",2017,0.6,0.64,"LOI",1.4273028,4.814,"OC = -0.066 + 0.3102*OM",0.498,"https://doi.org/10.1007/s10021-021-00660-6"
"227","SM4","Martins et al 2022","MM SM4","Ria Formosa","Saltmarsh",37.003,-7.884,"direct from dataset",1,"Portugal",2017,0.64,0.68,"EA",1.814,5.655,"",0.5,"https://doi.org/10.1007/s10021-021-00660-6"
"228","SM4","Martins et al 2022","MM SM4","Ria Formosa","Saltmarsh",37.003,-7.884,"direct from dataset",1,"Portugal",2017,0.68,0.71,"LOI",0.9195054,3.177,"OC = -0.066 + 0.3102*OM",0.678,"https://doi.org/10.1007/s10021-021-00660-6"
"229","SM4","Martins et al 2022","MM SM4","Ria Formosa","Saltmarsh",37.003,-7.884,"direct from dataset",1,"Portugal",2017,0.71,0.75,"EA",1.394,3.094,"",0.585,"https://doi.org/10.1007/s10021-021-00660-6"
"230","SM4","Martins et al 2022","MM SM4","Ria Formosa","Saltmarsh",37.003,-7.884,"direct from dataset",1,"Portugal",2017,0.75,0.78,"LOI",0.44583,1.65,"OC = -0.066 + 0.3102*OM",0.817,"https://doi.org/10.1007/s10021-021-00660-6"
"231","SM4","Martins et al 2022","MM SM4","Ria Formosa","Saltmarsh",37.003,-7.884,"direct from dataset",1,"Portugal",2017,0.78,0.82,"EA",1.208,1.94,"",0.554,"https://doi.org/10.1007/s10021-021-00660-6"
"232","SM4","Martins et al 2022","MM SM4","Ria Formosa","Saltmarsh",37.003,-7.884,"direct from dataset",1,"Portugal",2017,0.82,0.85,"LOI",0.7340058,2.579,"OC = -0.066 + 0.3102*OM",0.568,"https://doi.org/10.1007/s10021-021-00660-6"
"233","SM4","Martins et al 2022","MM SM4","Ria Formosa","Saltmarsh",37.003,-7.884,"direct from dataset",1,"Portugal",2017,0.85,0.89,"EA",2.532,5.355,"",0.505,"https://doi.org/10.1007/s10021-021-00660-6"
"234","SM4","Martins et al 2022","MM SM4","Ria Formosa","Saltmarsh",37.003,-7.884,"direct from dataset",1,"Portugal",2017,0.89,0.92,"LOI",1.9233126,6.413,"OC = -0.066 + 0.3102*OM",0.482,"https://doi.org/10.1007/s10021-021-00660-6"
"235","SM4","Martins et al 2022","MM SM4","Ria Formosa","Saltmarsh",37.003,-7.884,"direct from dataset",1,"Portugal",2017,0.92,0.96,"LOI",1.9233126,6.413,"OC = -0.066 + 0.3102*OM",0.44,"https://doi.org/10.1007/s10021-021-00660-6"
"236","SM4","Martins et al 2022","MM SM4","Ria Formosa","Saltmarsh",37.003,-7.884,"direct from dataset",1,"Portugal",2017,0.96,1,"LOI",1.8563094,6.197,"OC = -0.066 + 0.3102*OM",0.454,"https://doi.org/10.1007/s10021-021-00660-6"
"237","SM4","Martins et al 2022","MM SM4","Ria Formosa","Saltmarsh",37.003,-7.884,"direct from dataset",1,"Portugal",2017,1,1.03,"LOI",1.542387,5.185,"OC = -0.066 + 0.3102*OM",0.576,"https://doi.org/10.1007/s10021-021-00660-6"
"238","SM4","Martins et al 2022","MM SM4","Ria Formosa","Saltmarsh",37.003,-7.884,"direct from dataset",1,"Portugal",2017,1.03,1.07,"LOI",1.7195112,5.756,"OC = -0.066 + 0.3102*OM",0.429,"https://doi.org/10.1007/s10021-021-00660-6"
"239","SM4","Martins et al 2022","MM SM4","Ria Formosa","Saltmarsh",37.003,-7.884,"direct from dataset",1,"Portugal",2017,1.07,1.1,"LOI",1.2898842,4.371,"OC = -0.066 + 0.3102*OM",0.531,"https://doi.org/10.1007/s10021-021-00660-6"
"240","SM4","Martins et al 2022","MM SM4","Ria Formosa","Saltmarsh",37.003,-7.884,"direct from dataset",1,"Portugal",2017,1.1,1.14,"LOI",1.3494426,4.563,"OC = -0.066 + 0.3102*OM",0.465,"https://doi.org/10.1007/s10021-021-00660-6"
"241","SM4","Martins et al 2022","MM SM4","Ria Formosa","Saltmarsh",37.003,-7.884,"direct from dataset",1,"Portugal",2017,1.14,1.17,"EA",2.01,4.764,"",0.503,"https://doi.org/10.1007/s10021-021-00660-6"
"242","SM4","Martins et al 2022","MM SM4","Ria Formosa","Saltmarsh",37.003,-7.884,"direct from dataset",1,"Portugal",2017,1.17,1.21,"LOI",1.6062882,5.391,"OC = -0.066 + 0.3102*OM",0.528,"https://doi.org/10.1007/s10021-021-00660-6"
"243","SM4","Martins et al 2022","MM SM4","Ria Formosa","Saltmarsh",37.003,-7.884,"direct from dataset",1,"Portugal",2017,1.21,1.24,"LOI",1.0578546,3.623,"OC = -0.066 + 0.3102*OM",0.529,"https://doi.org/10.1007/s10021-021-00660-6"
"244","SM4","Martins et al 2022","MM SM4","Ria Formosa","Saltmarsh",37.003,-7.884,"direct from dataset",1,"Portugal",2017,1.24,1.28,"LOI",0.9992268,3.434,"OC = -0.066 + 0.3102*OM",0.536,"https://doi.org/10.1007/s10021-021-00660-6"
"245","SM4","Martins et al 2022","MM SM4","Ria Formosa","Saltmarsh",37.003,-7.884,"direct from dataset",1,"Portugal",2017,1.28,1.32,"LOI",0.6248154,2.227,"OC = -0.066 + 0.3102*OM",0.719,"https://doi.org/10.1007/s10021-021-00660-6"
"246","SM4","Martins et al 2022","MM SM4","Ria Formosa","Saltmarsh",37.003,-7.884,"direct from dataset",1,"Portugal",2017,1.32,1.35,"LOI",0.419463,1.565,"OC = -0.066 + 0.3102*OM",0.765,"https://doi.org/10.1007/s10021-021-00660-6"
"247","SM4","Martins et al 2022","MM SM4","Ria Formosa","Saltmarsh",37.003,-7.884,"direct from dataset",1,"Portugal",2017,1.35,1.39,"LOI",0.5066292,1.846,"OC = -0.066 + 0.3102*OM",0.62,"https://doi.org/10.1007/s10021-021-00660-6"
"248","SM4","Martins et al 2022","MM SM4","Ria Formosa","Saltmarsh",37.003,-7.884,"direct from dataset",1,"Portugal",2017,1.39,1.42,"LOI",0.4811928,1.764,"OC = -0.066 + 0.3102*OM",0.704,"https://doi.org/10.1007/s10021-021-00660-6"
"249","SM4","Martins et al 2022","MM SM4","Ria Formosa","Saltmarsh",37.003,-7.884,"direct from dataset",1,"Portugal",2017,1.42,1.46,"EA",0.99,2.742,"",0.747,"https://doi.org/10.1007/s10021-021-00660-6"
"250","SM4","Martins et al 2022","MM SM4","Ria Formosa","Saltmarsh",37.003,-7.884,"direct from dataset",1,"Portugal",2017,1.46,1.49,"LOI",0.391545,1.475,"OC = -0.066 + 0.3102*OM",0.765,"https://doi.org/10.1007/s10021-021-00660-6"
"251","SM4","Martins et al 2022","MM SM4","Ria Formosa","Saltmarsh",37.003,-7.884,"direct from dataset",1,"Portugal",2017,1.49,1.53,"LOI",0.1235322,0.611,"OC = -0.066 + 0.3102*OM",0.713,"https://doi.org/10.1007/s10021-021-00660-6"
"252","SM4","Martins et al 2022","MM SM4","Ria Formosa","Saltmarsh",37.003,-7.884,"direct from dataset",1,"Portugal",2017,1.53,1.56,"EA",0.39,2.24,"",0.61,"https://doi.org/10.1007/s10021-021-00660-6"
"253","SM","de los Santos et al 2022 (b)","CBdlS SM","Santibez","Saltmarsh",36.467,-6.251,"direct from dataset",1,"Spain",2018,0,0.03,"EA",2.63,6.32,"",0.54,"https://doi.org/10.1007/s10021-022-00801-5"
"254","SM","de los Santos et al 2022 (b)","CBdlS SM","Santibez","Saltmarsh",36.467,-6.251,"direct from dataset",1,"Spain",2018,0.03,0.06,"EA",3.3,7.2,"",0.45,"https://doi.org/10.1007/s10021-022-00801-5"
"255","SM","de los Santos et al 2022 (b)","CBdlS SM","Santibez","Saltmarsh",36.467,-6.251,"direct from dataset",1,"Spain",2018,0.06,0.09,"EA",3.18,7.41,"",0.6,"https://doi.org/10.1007/s10021-022-00801-5"
"256","SM","de los Santos et al 2022 (b)","CBdlS SM","Santibez","Saltmarsh",36.467,-6.251,"direct from dataset",1,"Spain",2018,0.09,0.12,"EA",2.64,5.98,"",0.58,"https://doi.org/10.1007/s10021-022-00801-5"
"257","SM","de los Santos et al 2022 (b)","CBdlS SM","Santibez","Saltmarsh",36.467,-6.251,"direct from dataset",1,"Spain",2018,0.12,0.15,"EA",5.64,12.97,"",0.28,"https://doi.org/10.1007/s10021-022-00801-5"
"258","SM","de los Santos et al 2022 (b)","CBdlS SM","Santibez","Saltmarsh",36.467,-6.251,"direct from dataset",1,"Spain",2018,0.15,0.18,"EA",4.99,11.31,"",0.35,"https://doi.org/10.1007/s10021-022-00801-5"
"259","SM","de los Santos et al 2022 (b)","CBdlS SM","Santibez","Saltmarsh",36.467,-6.251,"direct from dataset",1,"Spain",2018,0.18,0.2,"EA",3.49,8.13,"",0.41,"https://doi.org/10.1007/s10021-022-00801-5"
"260","SM","de los Santos et al 2022 (b)","CBdlS SM","Santibez","Saltmarsh",36.467,-6.251,"direct from dataset",1,"Spain",2018,0.2,0.23,"EA",1.72,4.05,"",0.52,"https://doi.org/10.1007/s10021-022-00801-5"
"261","SM","de los Santos et al 2022 (b)","CBdlS SM","Santibez","Saltmarsh",36.467,-6.251,"direct from dataset",1,"Spain",2018,0.23,0.26,"LOI",2.13581,5.21,"OC (% dw) = 0.461 x OM - 0.266",0.57,"https://doi.org/10.1007/s10021-022-00801-5"
"262","SM","de los Santos et al 2022 (b)","CBdlS SM","Santibez","Saltmarsh",36.467,-6.251,"direct from dataset",1,"Spain",2018,0.26,0.29,"EA",1.78,4.34,"",0.58,"https://doi.org/10.1007/s10021-022-00801-5"
"263","SM","de los Santos et al 2022 (b)","CBdlS SM","Santibez","Saltmarsh",36.467,-6.251,"direct from dataset",1,"Spain",2018,0.29,0.32,"LOI",2.52766,6.06,"OC (% dw) = 0.461 x OM - 0.266",0.56,"https://doi.org/10.1007/s10021-022-00801-5"
"264","SM","de los Santos et al 2022 (b)","CBdlS SM","Santibez","Saltmarsh",36.467,-6.251,"direct from dataset",1,"Spain",2018,0.32,0.35,"EA",1.91,4.44,"",0.49,"https://doi.org/10.1007/s10021-022-00801-5"
"265","SM","de los Santos et al 2022 (b)","CBdlS SM","Santibez","Saltmarsh",36.467,-6.251,"direct from dataset",1,"Spain",2018,0.35,0.38,"LOI",0.79891,2.31,"OC (% dw) = 0.461 x OM - 0.266",0.7,"https://doi.org/10.1007/s10021-022-00801-5"
"266","SM","de los Santos et al 2022 (b)","CBdlS SM","Santibez","Saltmarsh",36.467,-6.251,"direct from dataset",1,"Spain",2018,0.38,0.41,"EA",0.72,3.71,"",0.89,"https://doi.org/10.1007/s10021-022-00801-5"
"267","SM","de los Santos et al 2022 (b)","CBdlS SM","Santibez","Saltmarsh",36.467,-6.251,"direct from dataset",1,"Spain",2018,0.41,0.44,"LOI",0.67444,2.04,"OC (% dw) = 0.461 x OM - 0.266",1.03,"https://doi.org/10.1007/s10021-022-00801-5"
"268","SM","de los Santos et al 2022 (b)","CBdlS SM","Santibez","Saltmarsh",36.467,-6.251,"direct from dataset",1,"Spain",2018,0.44,0.47,"EA",0.34,1.52,"",1.06,"https://doi.org/10.1007/s10021-022-00801-5"
"269","SM","de los Santos et al 2022 (b)","CBdlS SM","Santibez","Saltmarsh",36.467,-6.251,"direct from dataset",1,"Spain",2018,0.47,0.5,"EA",0.12,0.73,"",1.39,"https://doi.org/10.1007/s10021-022-00801-5"
"270","SM","de los Santos et al 2022 (b)","CBdlS SM","Santibez","Saltmarsh",36.467,-6.251,"direct from dataset",1,"Spain",2018,0.5,0.52,"LOI",NA,0.02,"OC (% dw) = 0.461 x OM - 0.266",1.38,"https://doi.org/10.1007/s10021-022-00801-5"
"271","SM","de los Santos et al 2022 (b)","CBdlS SM","Santibez","Saltmarsh",36.467,-6.251,"direct from dataset",1,"Spain",2018,0.52,0.55,"EA",0.08,0.17,"",1.3,"https://doi.org/10.1007/s10021-022-00801-5"
"272","SM","de los Santos et al 2022 (b)","CBdlS SM","Santibez","Saltmarsh",36.467,-6.251,"direct from dataset",1,"Spain",2018,0.55,0.58,"LOI",NA,0.57,"OC (% dw) = 0.461 x OM - 0.266",1.04,"https://doi.org/10.1007/s10021-022-00801-5"
"273","SM","de los Santos et al 2022 (b)","CBdlS SM","Santibez","Saltmarsh",36.467,-6.251,"direct from dataset",1,"Spain",2018,0.58,0.61,"EA",0.08,0.29,"",1.01,"https://doi.org/10.1007/s10021-022-00801-5"
"274","SM","de los Santos et al 2022 (b)","CBdlS SM","Santibez","Saltmarsh",36.467,-6.251,"direct from dataset",1,"Spain",2018,0.61,0.64,"LOI",0.00599,0.59,"OC (% dw) = 0.461 x OM - 0.266",1.01,"https://doi.org/10.1007/s10021-022-00801-5"
"275","SM","de los Santos et al 2022 (b)","CBdlS SM","Santibez","Saltmarsh",36.467,-6.251,"direct from dataset",1,"Spain",2018,0.64,0.67,"LOI",0.06592,0.72,"OC (% dw) = 0.461 x OM - 0.266",NA,"https://doi.org/10.1007/s10021-022-00801-5"
"276","SM","de los Santos et al 2022 (b)","CBdlS SM","Santibez","Saltmarsh",36.467,-6.251,"direct from dataset",1,"Spain",2018,0.67,0.7,"EA",0.07,0.42,"",0.99,"https://doi.org/10.1007/s10021-022-00801-5"
"277","SM","de los Santos et al 2022 (b)","CBdlS SM","Santibez","Saltmarsh",36.467,-6.251,"direct from dataset",1,"Spain",2018,0.7,0.73,"EA",0.12,0.97,"",1.26,"https://doi.org/10.1007/s10021-022-00801-5"
"278","SM","de los Santos et al 2022 (b)","CBdlS SM","Santibez","Saltmarsh",36.467,-6.251,"direct from dataset",1,"Spain",2018,0.73,0.76,"LOI",0.89572,2.52,"OC (% dw) = 0.461 x OM - 0.266",1.55,"https://doi.org/10.1007/s10021-022-00801-5"
"279","SM","de los Santos et al 2022 (b)","CBdlS SM","Santibez","Saltmarsh",36.467,-6.251,"direct from dataset",1,"Spain",2018,0.76,0.79,"EA",0.17,1.99,"",1.49,"https://doi.org/10.1007/s10021-022-00801-5"
